model,sample_id,step,reference,prediction,missing,match,final_match
gemini37f,S001,art5,no,no,False,True,True
gemini37f,S001,annex_i,no,no,False,True,True
gemini37f,S001,annex_iii,none,none,False,True,True
gemini37f,S001,derogation,not_applicable,not_applicable,False,True,True
gemini37f,S001,profiling,not_applicable,not_applicable,False,True,True
gemini37f,S001,art50,no,no,False,True,True
gemini37f,S002,art5,no,no,False,True,True
gemini37f,S002,annex_i,no,no,False,True,True
gemini37f,S002,annex_iii,none,none,False,True,True
gemini37f,S002,derogation,not_applicable,not_applicable,False,True,True
gemini37f,S002,profiling,not_applicable,not_applicable,False,True,True
gemini37f,S002,art50,yes,yes,False,True,True
gemini37f,S003,art5,no,no,False,True,True
gemini37f,S003,annex_i,no,no,False,True,True
gemini37f,S003,annex_iii,none,none,False,True,True
gemini37f,S003,derogation,not_applicable,not_applicable,False,True,True
gemini37f,S003,profiling,not_applicable,not_applicable,False,True,True
gemini37f,S003,art50,yes,yes,False,True,True
gemini37f,S004,art5,no,no,False,True,True
gemini37f,S004,annex_i,no,no,False,True,True
gemini37f,S004,annex_iii,none,none,False,True,True
gemini37f,S004,derogation,not_applicable,not_applicable,False,True,True
gemini37f,S004,profiling,not_applicable,not_applicable,False,True,True
gemini37f,S004,art50,yes,yes,False,True,True
gemini37f,S005,art5,no,no,False,True,False
gemini37f,S005,annex_i,no,no,False,True,False
gemini37f,S005,annex_iii,migration,none,False,False,False
gemini37f,S005,derogation,does_not_apply,not_applicable,False,False,False
gemini37f,S005,profiling,no,not_applicable,False,False,False
gemini37f,S005,art50,no,no,False,True,False
gemini37f,S006,art5,no,no,False,True,True
gemini37f,S006,annex_i,no,no,False,True,True
gemini37f,S006,annex_iii,essential_services,essential_services,False,True,True
gemini37f,S006,derogation,does_not_apply,does_not_apply,False,True,True
gemini37f,S006,profiling,yes,yes,False,True,True
gemini37f,S006,art50,no,no,False,True,True
gemini37f,S007,art5,no,no,False,True,False
gemini37f,S007,annex_i,no,no,False,True,False
gemini37f,S007,annex_iii,migration,none,False,False,False
gemini37f,S007,derogation,does_not_apply,not_applicable,False,False,False
gemini37f,S007,profiling,no,not_applicable,False,False,False
gemini37f,S007,art50,no,no,False,True,False
gemini37f,S008,art5,no,no,False,True,True
gemini37f,S008,annex_i,yes,yes,False,True,True
gemini37f,S008,annex_iii,none,none,False,True,True
gemini37f,S008,derogation,not_applicable,not_applicable,False,True,True
gemini37f,S008,profiling,not_applicable,not_applicable,False,True,True
gemini37f,S008,art50,no,no,False,True,True
gemini37f,S009,art5,no,no,False,True,True
gemini37f,S009,annex_i,yes,yes,False,True,True
gemini37f,S009,annex_iii,none,none,False,True,True
gemini37f,S009,derogation,not_applicable,not_applicable,False,True,True
gemini37f,S009,profiling,not_applicable,not_applicable,False,True,True
gemini37f,S009,art50,no,no,False,True,True
gemini37f,S010,art5,yes,yes,False,True,True
gemini37f,S010,annex_i,no,no,False,True,True
gemini37f,S010,annex_iii,biometrics,biometrics,False,True,True
gemini37f,S010,derogation,not_applicable,not_applicable,False,True,True
gemini37f,S010,profiling,not_applicable,not_applicable,False,True,True
gemini37f,S010,art50,yes,yes,False,True,True
gemini37f,S011,art5,no,yes,False,False,False
gemini37f,S011,annex_i,no,no,False,True,False
gemini37f,S011,annex_iii,biometrics,biometrics,False,True,False
gemini37f,S011,derogation,does_not_apply,not_applicable,False,False,False
gemini37f,S011,profiling,no,not_applicable,False,False,False
gemini37f,S011,art50,no,no,False,True,False
gemini37f,S012,art5,no,no,False,True,True
gemini37f,S012,annex_i,no,no,False,True,True
gemini37f,S012,annex_iii,essential_services,essential_services,False,True,True
gemini37f,S012,derogation,does_not_apply,does_not_apply,False,True,True
gemini37f,S012,profiling,yes,yes,False,True,True
gemini37f,S012,art50,no,no,False,True,True
gemini37f,S013,art5,no,no,False,True,False
gemini37f,S013,annex_i,no,no,False,True,False
gemini37f,S013,annex_iii,law_enforcement,none,False,False,False
gemini37f,S013,derogation,does_not_apply,not_applicable,False,False,False
gemini37f,S013,profiling,no,not_applicable,False,False,False
gemini37f,S013,art50,no,no,False,True,False
gemini37f,S014,art5,no,no,False,True,True
gemini37f,S014,annex_i,no,no,False,True,True
gemini37f,S014,annex_iii,none,none,False,True,True
gemini37f,S014,derogation,not_applicable,not_applicable,False,True,True
gemini37f,S014,profiling,not_applicable,not_applicable,False,True,True
gemini37f,S014,art50,no,no,False,True,True
gemini37f,S015,art5,no,no,False,True,True
gemini37f,S015,annex_i,no,no,False,True,True
gemini37f,S015,annex_iii,none,none,False,True,True
gemini37f,S015,derogation,not_applicable,not_applicable,False,True,True
gemini37f,S015,profiling,not_applicable,not_applicable,False,True,True
gemini37f,S015,art50,no,no,False,True,True
gemini37f,S016,art5,no,no,False,True,True
gemini37f,S016,annex_i,yes,yes,False,True,True
gemini37f,S016,annex_iii,none,none,False,True,True
gemini37f,S016,derogation,not_applicable,not_applicable,False,True,True
gemini37f,S016,profiling,not_applicable,not_applicable,False,True,True
gemini37f,S016,art50,no,no,False,True,True
gemini37f,S017,art5,no,no,False,True,True
gemini37f,S017,annex_i,no,no,False,True,True
gemini37f,S017,annex_iii,biometrics,biometrics,False,True,True
gemini37f,S017,derogation,does_not_apply,does_not_apply,False,True,True
gemini37f,S017,profiling,no,no,False,True,True
gemini37f,S017,art50,no,no,False,True,True
gemini37f,S018,art5,no,no,False,True,True
gemini37f,S018,annex_i,no,no,False,True,True
gemini37f,S018,annex_iii,none,none,False,True,True
gemini37f,S018,derogation,not_applicable,not_applicable,False,True,True
gemini37f,S018,profiling,not_applicable,not_applicable,False,True,True
gemini37f,S018,art50,yes,yes,False,True,True
gemini37f,S020,art5,no,no,False,True,True
gemini37f,S020,annex_i,no,no,False,True,True
gemini37f,S020,annex_iii,none,none,False,True,True
gemini37f,S020,derogation,not_applicable,not_applicable,False,True,True
gemini37f,S020,profiling,not_applicable,not_applicable,False,True,True
gemini37f,S020,art50,no,no,False,True,True
gemini37f,S021,art5,no,no,False,True,True
gemini37f,S021,annex_i,no,no,False,True,True
gemini37f,S021,annex_iii,migration,migration,False,True,True
gemini37f,S021,derogation,does_not_apply,does_not_apply,False,True,True
gemini37f,S021,profiling,yes,yes,False,True,True
gemini37f,S021,art50,no,no,False,True,True
gemini37f,S022,art5,no,no,False,True,True
gemini37f,S022,annex_i,no,no,False,True,True
gemini37f,S022,annex_iii,biometrics,biometrics,False,True,True
gemini37f,S022,derogation,does_not_apply,does_not_apply,False,True,True
gemini37f,S022,profiling,no,not_applicable,False,False,True
gemini37f,S022,art50,no,no,False,True,True
gemini37f,S023,art5,no,no,False,True,True
gemini37f,S023,annex_i,no,no,False,True,True
gemini37f,S023,annex_iii,biometrics,biometrics,False,True,True
gemini37f,S023,derogation,does_not_apply,does_not_apply,False,True,True
gemini37f,S023,profiling,no,not_applicable,False,False,True
gemini37f,S023,art50,no,yes,False,False,True
gemini37f,S024,art5,no,no,False,True,True
gemini37f,S024,annex_i,no,no,False,True,True
gemini37f,S024,annex_iii,none,none,False,True,True
gemini37f,S024,derogation,not_applicable,not_applicable,False,True,True
gemini37f,S024,profiling,not_applicable,not_applicable,False,True,True
gemini37f,S024,art50,no,no,False,True,True
gemini37f,S025,art5,yes,yes,False,True,True
gemini37f,S025,annex_i,no,no,False,True,True
gemini37f,S025,annex_iii,biometrics,law_enforcement,False,False,True
gemini37f,S025,derogation,not_applicable,not_applicable,False,True,True
gemini37f,S025,profiling,not_applicable,not_applicable,False,True,True
gemini37f,S025,art50,no,no,False,True,True
gemini37f,S027,art5,no,no,False,True,True
gemini37f,S027,annex_i,no,no,False,True,True
gemini37f,S027,annex_iii,migration,migration,False,True,True
gemini37f,S027,derogation,does_not_apply,does_not_apply,False,True,True
gemini37f,S027,profiling,yes,yes,False,True,True
gemini37f,S027,art50,no,no,False,True,True
gemini37f,S029,art5,no,no,False,True,True
gemini37f,S029,annex_i,no,no,False,True,True
gemini37f,S029,annex_iii,none,none,False,True,True
gemini37f,S029,derogation,not_applicable,not_applicable,False,True,True
gemini37f,S029,profiling,not_applicable,not_applicable,False,True,True
gemini37f,S029,art50,yes,yes,False,True,True
gemini37f,S030,art5,no,no,False,True,True
gemini37f,S030,annex_i,yes,yes,False,True,True
gemini37f,S030,annex_iii,none,none,False,True,True
gemini37f,S030,derogation,not_applicable,not_applicable,False,True,True
gemini37f,S030,profiling,not_applicable,not_applicable,False,True,True
gemini37f,S030,art50,no,no,False,True,True
gemini37f,S031,art5,no,no,False,True,True
gemini37f,S031,annex_i,no,no,False,True,True
gemini37f,S031,annex_iii,biometrics,biometrics,False,True,True
gemini37f,S031,derogation,does_not_apply,does_not_apply,False,True,True
gemini37f,S031,profiling,yes,yes,False,True,True
gemini37f,S031,art50,yes,yes,False,True,True
gemini37f,S032,art5,unclear,no,False,False,True
gemini37f,S032,annex_i,no,no,False,True,True
gemini37f,S032,annex_iii,biometrics,biometrics,False,True,True
gemini37f,S032,derogation,does_not_apply,does_not_apply,False,True,True
gemini37f,S032,profiling,no,yes,False,False,True
gemini37f,S032,art50,no,yes,False,False,True
gemini37f,S033,art5,no,yes,False,False,False
gemini37f,S033,annex_i,no,no,False,True,False
gemini37f,S033,annex_iii,biometrics,law_enforcement,False,False,False
gemini37f,S033,derogation,does_not_apply,not_applicable,False,False,False
gemini37f,S033,profiling,no,not_applicable,False,False,False
gemini37f,S033,art50,no,no,False,True,False
gemini37f,S034,art5,no,no,False,True,True
gemini37f,S034,annex_i,no,no,False,True,True
gemini37f,S034,annex_iii,employment,employment,False,True,True
gemini37f,S034,derogation,does_not_apply,does_not_apply,False,True,True
gemini37f,S034,profiling,yes,yes,False,True,True
gemini37f,S034,art50,no,no,False,True,True
gemini37f,S035,art5,no,no,False,True,True
gemini37f,S035,annex_i,no,no,False,True,True
gemini37f,S035,annex_iii,none,none,False,True,True
gemini37f,S035,derogation,not_applicable,not_applicable,False,True,True
gemini37f,S035,profiling,not_applicable,not_applicable,False,True,True
gemini37f,S035,art50,yes,yes,False,True,True
gemini37f,S036,art5,no,no,False,True,True
gemini37f,S036,annex_i,no,no,False,True,True
gemini37f,S036,annex_iii,education,education,False,True,True
gemini37f,S036,derogation,does_not_apply,does_not_apply,False,True,True
gemini37f,S036,profiling,yes,yes,False,True,True
gemini37f,S036,art50,no,yes,False,False,True
gemini37f,S037,art5,no,no,False,True,True
gemini37f,S037,annex_i,yes,yes,False,True,True
gemini37f,S037,annex_iii,none,none,False,True,True
gemini37f,S037,derogation,not_applicable,not_applicable,False,True,True
gemini37f,S037,profiling,not_applicable,not_applicable,False,True,True
gemini37f,S037,art50,no,no,False,True,True
gemini37f,S038,art5,no,no,False,True,True
gemini37f,S038,annex_i,no,no,False,True,True
gemini37f,S038,annex_iii,none,none,False,True,True
gemini37f,S038,derogation,not_applicable,not_applicable,False,True,True
gemini37f,S038,profiling,not_applicable,not_applicable,False,True,True
gemini37f,S038,art50,no,no,False,True,True
gemini37f,S039,art5,no,no,False,True,True
gemini37f,S039,annex_i,no,no,False,True,True
gemini37f,S039,annex_iii,migration,migration,False,True,True
gemini37f,S039,derogation,does_not_apply,does_not_apply,False,True,True
gemini37f,S039,profiling,yes,not_applicable,False,False,True
gemini37f,S039,art50,no,no,False,True,True
gemini37f,S040,art5,no,no,False,True,True
gemini37f,S040,annex_i,no,no,False,True,True
gemini37f,S040,annex_iii,none,none,False,True,True
gemini37f,S040,derogation,not_applicable,not_applicable,False,True,True
gemini37f,S040,profiling,not_applicable,not_applicable,False,True,True
gemini37f,S040,art50,no,no,False,True,True
gemini37f,S042,art5,no,no,False,True,True
gemini37f,S042,annex_i,yes,yes,False,True,True
gemini37f,S042,annex_iii,none,none,False,True,True
gemini37f,S042,derogation,not_applicable,not_applicable,False,True,True
gemini37f,S042,profiling,not_applicable,not_applicable,False,True,True
gemini37f,S042,art50,no,no,False,True,True
gemini37f,S043,art5,no,no,False,True,True
gemini37f,S043,annex_i,no,no,False,True,True
gemini37f,S043,annex_iii,migration,migration,False,True,True
gemini37f,S043,derogation,does_not_apply,does_not_apply,False,True,True
gemini37f,S043,profiling,no,not_applicable,False,False,True
gemini37f,S043,art50,no,yes,False,False,True
gemini37f,S044,art5,no,no,False,True,True
gemini37f,S044,annex_i,no,no,False,True,True
gemini37f,S044,annex_iii,none,none,False,True,True
gemini37f,S044,derogation,not_applicable,not_applicable,False,True,True
gemini37f,S044,profiling,not_applicable,not_applicable,False,True,True
gemini37f,S044,art50,yes,yes,False,True,True
gemini37f,S045,art5,no,no,False,True,True
gemini37f,S045,annex_i,no,no,False,True,True
gemini37f,S045,annex_iii,none,none,False,True,True
gemini37f,S045,derogation,not_applicable,not_applicable,False,True,True
gemini37f,S045,profiling,not_applicable,not_applicable,False,True,True
gemini37f,S045,art50,yes,yes,False,True,True
gemini37f,S046,art5,no,no,False,True,True
gemini37f,S046,annex_i,no,no,False,True,True
gemini37f,S046,annex_iii,essential_services,essential_services,False,True,True
gemini37f,S046,derogation,does_not_apply,does_not_apply,False,True,True
gemini37f,S046,profiling,not_applicable,yes,False,False,True
gemini37f,S046,art50,no,no,False,True,True
gemini37f,S047,art5,no,no,False,True,True
gemini37f,S047,annex_i,no,no,False,True,True
gemini37f,S047,annex_iii,biometrics,biometrics,False,True,True
gemini37f,S047,derogation,does_not_apply,does_not_apply,False,True,True
gemini37f,S047,profiling,no,not_applicable,False,False,True
gemini37f,S047,art50,no,no,False,True,True
gemini37f,S048,art5,no,no,False,True,True
gemini37f,S048,annex_i,no,no,False,True,True
gemini37f,S048,annex_iii,none,none,False,True,True
gemini37f,S048,derogation,not_applicable,not_applicable,False,True,True
gemini37f,S048,profiling,not_applicable,not_applicable,False,True,True
gemini37f,S048,art50,yes,yes,False,True,True
gemini37f,S049,art5,no,no,False,True,True
gemini37f,S049,annex_i,no,no,False,True,True
gemini37f,S049,annex_iii,migration,migration,False,True,True
gemini37f,S049,derogation,does_not_apply,does_not_apply,False,True,True
gemini37f,S049,profiling,no,no,False,True,True
gemini37f,S049,art50,yes,yes,False,True,True
gemini37f,S050,art5,no,no,False,True,True
gemini37f,S050,annex_i,yes,yes,False,True,True
gemini37f,S050,annex_iii,none,none,False,True,True
gemini37f,S050,derogation,not_applicable,not_applicable,False,True,True
gemini37f,S050,profiling,not_applicable,not_applicable,False,True,True
gemini37f,S050,art50,no,no,False,True,True
gemini37f,S051,art5,no,no,False,True,True
gemini37f,S051,annex_i,no,no,False,True,True
gemini37f,S051,annex_iii,essential_services,essential_services,False,True,True
gemini37f,S051,derogation,does_not_apply,does_not_apply,False,True,True
gemini37f,S051,profiling,yes,yes,False,True,True
gemini37f,S051,art50,no,no,False,True,True
gemini37f,S052,art5,no,no,False,True,True
gemini37f,S052,annex_i,yes,yes,False,True,True
gemini37f,S052,annex_iii,none,none,False,True,True
gemini37f,S052,derogation,not_applicable,not_applicable,False,True,True
gemini37f,S052,profiling,not_applicable,not_applicable,False,True,True
gemini37f,S052,art50,no,no,False,True,True
gemini37f,S053,art5,unclear,no,False,False,True
gemini37f,S053,annex_i,no,no,False,True,True
gemini37f,S053,annex_iii,none,none,False,True,True
gemini37f,S053,derogation,not_applicable,not_applicable,False,True,True
gemini37f,S053,profiling,not_applicable,not_applicable,False,True,True
gemini37f,S053,art50,yes,yes,False,True,True
gemini37f,S054,art5,no,no,False,True,True
gemini37f,S054,annex_i,no,no,False,True,True
gemini37f,S054,annex_iii,employment,employment,False,True,True
gemini37f,S054,derogation,does_not_apply,does_not_apply,False,True,True
gemini37f,S054,profiling,yes,yes,False,True,True
gemini37f,S054,art50,no,no,False,True,True
gemini37f,S055,art5,no,no,False,True,True
gemini37f,S055,annex_i,no,no,False,True,True
gemini37f,S055,annex_iii,none,none,False,True,True
gemini37f,S055,derogation,not_applicable,not_applicable,False,True,True
gemini37f,S055,profiling,not_applicable,not_applicable,False,True,True
gemini37f,S055,art50,no,no,False,True,True
gemini37f,S056,art5,unclear,no,False,False,True
gemini37f,S056,annex_i,no,no,False,True,True
gemini37f,S056,annex_iii,none,none,False,True,True
gemini37f,S056,derogation,not_applicable,not_applicable,False,True,True
gemini37f,S056,profiling,not_applicable,not_applicable,False,True,True
gemini37f,S056,art50,yes,yes,False,True,True
gemini37f,S057,art5,no,no,False,True,True
gemini37f,S057,annex_i,no,no,False,True,True
gemini37f,S057,annex_iii,none,none,False,True,True
gemini37f,S057,derogation,not_applicable,not_applicable,False,True,True
gemini37f,S057,profiling,not_applicable,not_applicable,False,True,True
gemini37f,S057,art50,yes,yes,False,True,True
gemini37f,S058,art5,no,no,False,True,True
gemini37f,S058,annex_i,no,no,False,True,True
gemini37f,S058,annex_iii,none,none,False,True,True
gemini37f,S058,derogation,not_applicable,not_applicable,False,True,True
gemini37f,S058,profiling,not_applicable,not_applicable,False,True,True
gemini37f,S058,art50,no,no,False,True,True
gemini37f,S060,art5,no,no,False,True,True
gemini37f,S060,annex_i,no,no,False,True,True
gemini37f,S060,annex_iii,biometrics,biometrics,False,True,True
gemini37f,S060,derogation,does_not_apply,does_not_apply,False,True,True
gemini37f,S060,profiling,yes,yes,False,True,True
gemini37f,S060,art50,no,yes,False,False,True
gemini37f,S061,art5,no,no,False,True,True
gemini37f,S061,annex_i,no,no,False,True,True
gemini37f,S061,annex_iii,biometrics,biometrics,False,True,True
gemini37f,S061,derogation,does_not_apply,does_not_apply,False,True,True
gemini37f,S061,profiling,yes,not_applicable,False,False,True
gemini37f,S061,art50,no,no,False,True,True
gemini37f,S062,art5,no,no,False,True,True
gemini37f,S062,annex_i,yes,yes,False,True,True
gemini37f,S062,annex_iii,none,none,False,True,True
gemini37f,S062,derogation,not_applicable,not_applicable,False,True,True
gemini37f,S062,profiling,not_applicable,not_applicable,False,True,True
gemini37f,S062,art50,no,no,False,True,True
gemini37f,S063,art5,no,no,False,True,True
gemini37f,S063,annex_i,no,no,False,True,True
gemini37f,S063,annex_iii,none,none,False,True,True
gemini37f,S063,derogation,not_applicable,not_applicable,False,True,True
gemini37f,S063,profiling,not_applicable,not_applicable,False,True,True
gemini37f,S063,art50,yes,yes,False,True,True
gemini37f,S064,art5,no,no,False,True,True
gemini37f,S064,annex_i,no,no,False,True,True
gemini37f,S064,annex_iii,none,none,False,True,True
gemini37f,S064,derogation,not_applicable,not_applicable,False,True,True
gemini37f,S064,profiling,not_applicable,not_applicable,False,True,True
gemini37f,S064,art50,yes,yes,False,True,True
gemini37f,S065,art5,no,no,False,True,True
gemini37f,S065,annex_i,no,no,False,True,True
gemini37f,S065,annex_iii,none,none,False,True,True
gemini37f,S065,derogation,not_applicable,not_applicable,False,True,True
gemini37f,S065,profiling,not_applicable,not_applicable,False,True,True
gemini37f,S065,art50,yes,yes,False,True,True
gemini37f,S066,art5,no,no,False,True,False
gemini37f,S066,annex_i,no,no,False,True,False
gemini37f,S066,annex_iii,justice_democracy,none,False,False,False
gemini37f,S066,derogation,does_not_apply,not_applicable,False,False,False
gemini37f,S066,profiling,no,not_applicable,False,False,False
gemini37f,S066,art50,yes,yes,False,True,False
gemini37f,S068,art5,no,no,False,True,True
gemini37f,S068,annex_i,no,no,False,True,True
gemini37f,S068,annex_iii,none,none,False,True,True
gemini37f,S068,derogation,not_applicable,not_applicable,False,True,True
gemini37f,S068,profiling,not_applicable,not_applicable,False,True,True
gemini37f,S068,art50,yes,yes,False,True,True
gemini37f,S069,art5,yes,no,False,False,False
gemini37f,S069,annex_i,no,no,False,True,False
gemini37f,S069,annex_iii,none,none,False,True,False
gemini37f,S069,derogation,not_applicable,not_applicable,False,True,False
gemini37f,S069,profiling,not_applicable,not_applicable,False,True,False
gemini37f,S069,art50,yes,yes,False,True,False
gemini37f,S070,art5,no,no,False,True,True
gemini37f,S070,annex_i,yes,yes,False,True,True
gemini37f,S070,annex_iii,none,none,False,True,True
gemini37f,S070,derogation,not_applicable,not_applicable,False,True,True
gemini37f,S070,profiling,not_applicable,not_applicable,False,True,True
gemini37f,S070,art50,no,no,False,True,True
gemini37f,S071,art5,no,no,False,True,True
gemini37f,S071,annex_i,yes,yes,False,True,True
gemini37f,S071,annex_iii,none,none,False,True,True
gemini37f,S071,derogation,not_applicable,not_applicable,False,True,True
gemini37f,S071,profiling,not_applicable,not_applicable,False,True,True
gemini37f,S071,art50,no,no,False,True,True
gemini37f,S072,art5,unclear,no,False,False,False
gemini37f,S072,annex_i,unclear,no,False,False,False
gemini37f,S072,annex_iii,unclear,none,False,False,False
gemini37f,S072,derogation,unclear,not_applicable,False,False,False
gemini37f,S072,profiling,unclear,not_applicable,False,False,False
gemini37f,S072,art50,unclear,yes,False,False,False
gemini37f,S073,art5,no,no,False,True,True
gemini37f,S073,annex_i,no,no,False,True,True
gemini37f,S073,annex_iii,essential_services,essential_services,False,True,True
gemini37f,S073,derogation,does_not_apply,does_not_apply,False,True,True
gemini37f,S073,profiling,yes,yes,False,True,True
gemini37f,S073,art50,no,no,False,True,True
gemini37f,S074,art5,no,no,False,True,True
gemini37f,S074,annex_i,no,no,False,True,True
gemini37f,S074,annex_iii,none,none,False,True,True
gemini37f,S074,derogation,not_applicable,not_applicable,False,True,True
gemini37f,S074,profiling,not_applicable,not_applicable,False,True,True
gemini37f,S074,art50,yes,yes,False,True,True
gemini37f,S075,art5,no,no,False,True,True
gemini37f,S075,annex_i,no,no,False,True,True
gemini37f,S075,annex_iii,none,none,False,True,True
gemini37f,S075,derogation,not_applicable,not_applicable,False,True,True
gemini37f,S075,profiling,not_applicable,not_applicable,False,True,True
gemini37f,S075,art50,yes,yes,False,True,True
gemini37f,S076,art5,no,no,False,True,True
gemini37f,S076,annex_i,no,no,False,True,True
gemini37f,S076,annex_iii,none,none,False,True,True
gemini37f,S076,derogation,not_applicable,not_applicable,False,True,True
gemini37f,S076,profiling,not_applicable,not_applicable,False,True,True
gemini37f,S076,art50,yes,yes,False,True,True
gemini37f,S077,art5,no,no,False,True,True
gemini37f,S077,annex_i,no,no,False,True,True
gemini37f,S077,annex_iii,none,none,False,True,True
gemini37f,S077,derogation,not_applicable,not_applicable,False,True,True
gemini37f,S077,profiling,not_applicable,not_applicable,False,True,True
gemini37f,S077,art50,yes,yes,False,True,True
gemini37f,S078,art5,no,no,False,True,True
gemini37f,S078,annex_i,no,no,False,True,True
gemini37f,S078,annex_iii,none,none,False,True,True
gemini37f,S078,derogation,not_applicable,not_applicable,False,True,True
gemini37f,S078,profiling,not_applicable,not_applicable,False,True,True
gemini37f,S078,art50,yes,yes,False,True,True
gemini37f,S079,art5,no,no,False,True,True
gemini37f,S079,annex_i,no,no,False,True,True
gemini37f,S079,annex_iii,none,none,False,True,True
gemini37f,S079,derogation,not_applicable,not_applicable,False,True,True
gemini37f,S079,profiling,not_applicable,not_applicable,False,True,True
gemini37f,S079,art50,yes,yes,False,True,True
gemini37f,S080,art5,no,no,False,True,True
gemini37f,S080,annex_i,no,no,False,True,True
gemini37f,S080,annex_iii,none,none,False,True,True
gemini37f,S080,derogation,not_applicable,not_applicable,False,True,True
gemini37f,S080,profiling,not_applicable,not_applicable,False,True,True
gemini37f,S080,art50,yes,yes,False,True,True
gemini37f,S081,art5,no,no,False,True,True
gemini37f,S081,annex_i,no,no,False,True,True
gemini37f,S081,annex_iii,law_enforcement,law_enforcement,False,True,True
gemini37f,S081,derogation,does_not_apply,does_not_apply,False,True,True
gemini37f,S081,profiling,yes,yes,False,True,True
gemini37f,S081,art50,no,no,False,True,True
gemini37f,S082,art5,no,no,False,True,True
gemini37f,S082,annex_i,no,no,False,True,True
gemini37f,S082,annex_iii,essential_services,essential_services,False,True,True
gemini37f,S082,derogation,does_not_apply,does_not_apply,False,True,True
gemini37f,S082,profiling,yes,yes,False,True,True
gemini37f,S082,art50,no,no,False,True,True
gemini37f,S083,art5,no,no,False,True,True
gemini37f,S083,annex_i,no,no,False,True,True
gemini37f,S083,annex_iii,none,none,False,True,True
gemini37f,S083,derogation,not_applicable,not_applicable,False,True,True
gemini37f,S083,profiling,not_applicable,not_applicable,False,True,True
gemini37f,S083,art50,yes,yes,False,True,True
gemini37f,S084,art5,no,no,False,True,True
gemini37f,S084,annex_i,no,no,False,True,True
gemini37f,S084,annex_iii,none,none,False,True,True
gemini37f,S084,derogation,not_applicable,not_applicable,False,True,True
gemini37f,S084,profiling,not_applicable,not_applicable,False,True,True
gemini37f,S084,art50,yes,yes,False,True,True
gemini37f,S085,art5,no,no,False,True,True
gemini37f,S085,annex_i,no,no,False,True,True
gemini37f,S085,annex_iii,none,none,False,True,True
gemini37f,S085,derogation,not_applicable,not_applicable,False,True,True
gemini37f,S085,profiling,not_applicable,not_applicable,False,True,True
gemini37f,S085,art50,yes,yes,False,True,True
gemini37f,S086,art5,no,no,False,True,True
gemini37f,S086,annex_i,no,no,False,True,True
gemini37f,S086,annex_iii,none,none,False,True,True
gemini37f,S086,derogation,not_applicable,not_applicable,False,True,True
gemini37f,S086,profiling,not_applicable,not_applicable,False,True,True
gemini37f,S086,art50,yes,yes,False,True,True
gemini37f,S087,art5,no,no,False,True,True
gemini37f,S087,annex_i,no,no,False,True,True
gemini37f,S087,annex_iii,none,none,False,True,True
gemini37f,S087,derogation,not_applicable,not_applicable,False,True,True
gemini37f,S087,profiling,not_applicable,not_applicable,False,True,True
gemini37f,S087,art50,yes,yes,False,True,True
gemini37f,S088,art5,no,no,False,True,True
gemini37f,S088,annex_i,no,no,False,True,True
gemini37f,S088,annex_iii,none,none,False,True,True
gemini37f,S088,derogation,not_applicable,not_applicable,False,True,True
gemini37f,S088,profiling,not_applicable,not_applicable,False,True,True
gemini37f,S088,art50,yes,yes,False,True,True
gemini37f,S089,art5,no,no,False,True,True
gemini37f,S089,annex_i,no,no,False,True,True
gemini37f,S089,annex_iii,none,none,False,True,True
gemini37f,S089,derogation,not_applicable,not_applicable,False,True,True
gemini37f,S089,profiling,not_applicable,not_applicable,False,True,True
gemini37f,S089,art50,yes,yes,False,True,True
gemini37f,S090,art5,no,no,False,True,True
gemini37f,S090,annex_i,yes,yes,False,True,True
gemini37f,S090,annex_iii,none,none,False,True,True
gemini37f,S090,derogation,not_applicable,not_applicable,False,True,True
gemini37f,S090,profiling,not_applicable,not_applicable,False,True,True
gemini37f,S090,art50,no,no,False,True,True
gemini37f,S091,art5,no,no,False,True,True
gemini37f,S091,annex_i,no,no,False,True,True
gemini37f,S091,annex_iii,none,none,False,True,True
gemini37f,S091,derogation,not_applicable,not_applicable,False,True,True
gemini37f,S091,profiling,not_applicable,not_applicable,False,True,True
gemini37f,S091,art50,yes,yes,False,True,True
gemini37f,S092,art5,unclear,no,False,False,True
gemini37f,S092,annex_i,no,no,False,True,True
gemini37f,S092,annex_iii,none,none,False,True,True
gemini37f,S092,derogation,not_applicable,not_applicable,False,True,True
gemini37f,S092,profiling,not_applicable,not_applicable,False,True,True
gemini37f,S092,art50,yes,yes,False,True,True
gemini37f,S093,art5,yes,no,False,False,False
gemini37f,S093,annex_i,no,no,False,True,False
gemini37f,S093,annex_iii,none,none,False,True,False
gemini37f,S093,derogation,not_applicable,not_applicable,False,True,False
gemini37f,S093,profiling,not_applicable,not_applicable,False,True,False
gemini37f,S093,art50,yes,yes,False,True,False
gemini37f,S094,art5,no,no,False,True,True
gemini37f,S094,annex_i,no,no,False,True,True
gemini37f,S094,annex_iii,none,none,False,True,True
gemini37f,S094,derogation,not_applicable,not_applicable,False,True,True
gemini37f,S094,profiling,not_applicable,not_applicable,False,True,True
gemini37f,S094,art50,yes,yes,False,True,True
gemini37f,S095,art5,yes,no,False,False,False
gemini37f,S095,annex_i,no,no,False,True,False
gemini37f,S095,annex_iii,none,none,False,True,False
gemini37f,S095,derogation,not_applicable,not_applicable,False,True,False
gemini37f,S095,profiling,not_applicable,not_applicable,False,True,False
gemini37f,S095,art50,yes,yes,False,True,False
gemini37f,S096,art5,no,no,False,True,True
gemini37f,S096,annex_i,no,no,False,True,True
gemini37f,S096,annex_iii,none,none,False,True,True
gemini37f,S096,derogation,not_applicable,not_applicable,False,True,True
gemini37f,S096,profiling,not_applicable,not_applicable,False,True,True
gemini37f,S096,art50,yes,yes,False,True,True
gemini37f,S097,art5,no,no,False,True,True
gemini37f,S097,annex_i,no,no,False,True,True
gemini37f,S097,annex_iii,none,none,False,True,True
gemini37f,S097,derogation,not_applicable,not_applicable,False,True,True
gemini37f,S097,profiling,not_applicable,not_applicable,False,True,True
gemini37f,S097,art50,yes,yes,False,True,True
gemini37f,S098,art5,no,no,False,True,True
gemini37f,S098,annex_i,no,no,False,True,True
gemini37f,S098,annex_iii,none,none,False,True,True
gemini37f,S098,derogation,not_applicable,not_applicable,False,True,True
gemini37f,S098,profiling,not_applicable,not_applicable,False,True,True
gemini37f,S098,art50,yes,yes,False,True,True
gemini37f,S099,art5,no,no,False,True,True
gemini37f,S099,annex_i,no,no,False,True,True
gemini37f,S099,annex_iii,none,none,False,True,True
gemini37f,S099,derogation,not_applicable,not_applicable,False,True,True
gemini37f,S099,profiling,not_applicable,not_applicable,False,True,True
gemini37f,S099,art50,yes,yes,False,True,True
gemini37f,S100,art5,no,no,False,True,True
gemini37f,S100,annex_i,no,no,False,True,True
gemini37f,S100,annex_iii,none,none,False,True,True
gemini37f,S100,derogation,not_applicable,not_applicable,False,True,True
gemini37f,S100,profiling,not_applicable,not_applicable,False,True,True
gemini37f,S100,art50,no,no,False,True,True
gemini37f,S101,art5,no,no,False,True,True
gemini37f,S101,annex_i,no,no,False,True,True
gemini37f,S101,annex_iii,none,none,False,True,True
gemini37f,S101,derogation,not_applicable,not_applicable,False,True,True
gemini37f,S101,profiling,not_applicable,not_applicable,False,True,True
gemini37f,S101,art50,yes,yes,False,True,True
gemini37f,S102,art5,no,no,False,True,True
gemini37f,S102,annex_i,no,no,False,True,True
gemini37f,S102,annex_iii,none,none,False,True,True
gemini37f,S102,derogation,not_applicable,not_applicable,False,True,True
gemini37f,S102,profiling,not_applicable,not_applicable,False,True,True
gemini37f,S102,art50,yes,yes,False,True,True
gemini37f,S103,art5,no,no,False,True,True
gemini37f,S103,annex_i,no,no,False,True,True
gemini37f,S103,annex_iii,none,none,False,True,True
gemini37f,S103,derogation,not_applicable,not_applicable,False,True,True
gemini37f,S103,profiling,not_applicable,not_applicable,False,True,True
gemini37f,S103,art50,yes,yes,False,True,True
gemini37f,S104,art5,no,no,False,True,True
gemini37f,S104,annex_i,no,no,False,True,True
gemini37f,S104,annex_iii,none,none,False,True,True
gemini37f,S104,derogation,not_applicable,not_applicable,False,True,True
gemini37f,S104,profiling,not_applicable,not_applicable,False,True,True
gemini37f,S104,art50,yes,yes,False,True,True
gemini37f,S105,art5,no,no,False,True,True
gemini37f,S105,annex_i,no,no,False,True,True
gemini37f,S105,annex_iii,none,none,False,True,True
gemini37f,S105,derogation,not_applicable,not_applicable,False,True,True
gemini37f,S105,profiling,not_applicable,not_applicable,False,True,True
gemini37f,S105,art50,yes,yes,False,True,True
gemini37f,S106,art5,yes,no,False,False,False
gemini37f,S106,annex_i,no,no,False,True,False
gemini37f,S106,annex_iii,none,none,False,True,False
gemini37f,S106,derogation,not_applicable,not_applicable,False,True,False
gemini37f,S106,profiling,not_applicable,not_applicable,False,True,False
gemini37f,S106,art50,yes,yes,False,True,False
gemini37f,S107,art5,no,no,False,True,True
gemini37f,S107,annex_i,no,no,False,True,True
gemini37f,S107,annex_iii,none,none,False,True,True
gemini37f,S107,derogation,not_applicable,not_applicable,False,True,True
gemini37f,S107,profiling,not_applicable,not_applicable,False,True,True
gemini37f,S107,art50,yes,yes,False,True,True
gemini37f,S108,art5,no,no,False,True,True
gemini37f,S108,annex_i,no,no,False,True,True
gemini37f,S108,annex_iii,none,none,False,True,True
gemini37f,S108,derogation,not_applicable,not_applicable,False,True,True
gemini37f,S108,profiling,not_applicable,not_applicable,False,True,True
gemini37f,S108,art50,yes,yes,False,True,True
gemini37f,S109,art5,no,no,False,True,True
gemini37f,S109,annex_i,no,no,False,True,True
gemini37f,S109,annex_iii,none,none,False,True,True
gemini37f,S109,derogation,not_applicable,not_applicable,False,True,True
gemini37f,S109,profiling,not_applicable,not_applicable,False,True,True
gemini37f,S109,art50,yes,yes,False,True,True
gemini37f,S110,art5,no,no,False,True,True
gemini37f,S110,annex_i,unclear,no,False,False,True
gemini37f,S110,annex_iii,none,none,False,True,True
gemini37f,S110,derogation,not_applicable,not_applicable,False,True,True
gemini37f,S110,profiling,not_applicable,not_applicable,False,True,True
gemini37f,S110,art50,yes,yes,False,True,True
gemini37f,S111,art5,no,no,False,True,True
gemini37f,S111,annex_i,no,no,False,True,True
gemini37f,S111,annex_iii,none,none,False,True,True
gemini37f,S111,derogation,not_applicable,not_applicable,False,True,True
gemini37f,S111,profiling,not_applicable,not_applicable,False,True,True
gemini37f,S111,art50,yes,yes,False,True,True
gemini37f,S112,art5,no,no,False,True,True
gemini37f,S112,annex_i,no,no,False,True,True
gemini37f,S112,annex_iii,none,none,False,True,True
gemini37f,S112,derogation,not_applicable,not_applicable,False,True,True
gemini37f,S112,profiling,not_applicable,not_applicable,False,True,True
gemini37f,S112,art50,yes,yes,False,True,True
gemini37f,S113,art5,no,no,False,True,True
gemini37f,S113,annex_i,no,no,False,True,True
gemini37f,S113,annex_iii,none,none,False,True,True
gemini37f,S113,derogation,not_applicable,not_applicable,False,True,True
gemini37f,S113,profiling,not_applicable,not_applicable,False,True,True
gemini37f,S113,art50,yes,yes,False,True,True
gemini37f,S114,art5,no,no,False,True,True
gemini37f,S114,annex_i,no,no,False,True,True
gemini37f,S114,annex_iii,none,none,False,True,True
gemini37f,S114,derogation,not_applicable,not_applicable,False,True,True
gemini37f,S114,profiling,not_applicable,not_applicable,False,True,True
gemini37f,S114,art50,yes,yes,False,True,True
gemini37f,S115,art5,no,no,False,True,True
gemini37f,S115,annex_i,no,no,False,True,True
gemini37f,S115,annex_iii,none,none,False,True,True
gemini37f,S115,derogation,not_applicable,not_applicable,False,True,True
gemini37f,S115,profiling,not_applicable,not_applicable,False,True,True
gemini37f,S115,art50,yes,yes,False,True,True
gemini37f,S116,art5,no,no,False,True,True
gemini37f,S116,annex_i,no,no,False,True,True
gemini37f,S116,annex_iii,none,none,False,True,True
gemini37f,S116,derogation,not_applicable,not_applicable,False,True,True
gemini37f,S116,profiling,not_applicable,not_applicable,False,True,True
gemini37f,S116,art50,yes,yes,False,True,True
gemini37f,S117,art5,no,no,False,True,True
gemini37f,S117,annex_i,no,no,False,True,True
gemini37f,S117,annex_iii,none,none,False,True,True
gemini37f,S117,derogation,not_applicable,not_applicable,False,True,True
gemini37f,S117,profiling,not_applicable,not_applicable,False,True,True
gemini37f,S117,art50,yes,yes,False,True,True
gemini37f,S118,art5,no,no,False,True,True
gemini37f,S118,annex_i,no,no,False,True,True
gemini37f,S118,annex_iii,none,none,False,True,True
gemini37f,S118,derogation,not_applicable,not_applicable,False,True,True
gemini37f,S118,profiling,not_applicable,not_applicable,False,True,True
gemini37f,S118,art50,yes,yes,False,True,True
gemini37f,S119,art5,no,no,False,True,True
gemini37f,S119,annex_i,no,no,False,True,True
gemini37f,S119,annex_iii,none,none,False,True,True
gemini37f,S119,derogation,not_applicable,not_applicable,False,True,True
gemini37f,S119,profiling,not_applicable,not_applicable,False,True,True
gemini37f,S119,art50,yes,yes,False,True,True
gemini37f,S120,art5,no,no,False,True,True
gemini37f,S120,annex_i,no,no,False,True,True
gemini37f,S120,annex_iii,law_enforcement,none,False,False,True
gemini37f,S120,derogation,applies,not_applicable,False,False,True
gemini37f,S120,profiling,no,not_applicable,False,False,True
gemini37f,S120,art50,yes,yes,False,True,True
gemini37f,S121,art5,no,no,False,True,True
gemini37f,S121,annex_i,no,no,False,True,True
gemini37f,S121,annex_iii,none,none,False,True,True
gemini37f,S121,derogation,not_applicable,not_applicable,False,True,True
gemini37f,S121,profiling,not_applicable,not_applicable,False,True,True
gemini37f,S121,art50,yes,yes,False,True,True
gemini37f,S122,art5,no,no,False,True,True
gemini37f,S122,annex_i,no,no,False,True,True
gemini37f,S122,annex_iii,none,none,False,True,True
gemini37f,S122,derogation,not_applicable,not_applicable,False,True,True
gemini37f,S122,profiling,not_applicable,not_applicable,False,True,True
gemini37f,S122,art50,yes,yes,False,True,True
gemini37f,S123,art5,yes,no,False,False,False
gemini37f,S123,annex_i,no,no,False,True,False
gemini37f,S123,annex_iii,biometrics,biometrics,False,True,False
gemini37f,S123,derogation,not_applicable,does_not_apply,False,False,False
gemini37f,S123,profiling,not_applicable,no,False,False,False
gemini37f,S123,art50,no,no,False,True,False
gemini37f,S124,art5,no,no,False,True,True
gemini37f,S124,annex_i,no,no,False,True,True
gemini37f,S124,annex_iii,none,none,False,True,True
gemini37f,S124,derogation,not_applicable,not_applicable,False,True,True
gemini37f,S124,profiling,not_applicable,not_applicable,False,True,True
gemini37f,S124,art50,yes,yes,False,True,True
gemini37f,S125,art5,no,no,False,True,True
gemini37f,S125,annex_i,no,no,False,True,True
gemini37f,S125,annex_iii,none,none,False,True,True
gemini37f,S125,derogation,not_applicable,not_applicable,False,True,True
gemini37f,S125,profiling,not_applicable,not_applicable,False,True,True
gemini37f,S125,art50,yes,yes,False,True,True
gemini37f,S126,art5,no,no,False,True,True
gemini37f,S126,annex_i,no,no,False,True,True
gemini37f,S126,annex_iii,none,none,False,True,True
gemini37f,S126,derogation,not_applicable,not_applicable,False,True,True
gemini37f,S126,profiling,not_applicable,not_applicable,False,True,True
gemini37f,S126,art50,yes,yes,False,True,True
gemini37f,S127,art5,yes,yes,False,True,True
gemini37f,S127,annex_i,no,no,False,True,True
gemini37f,S127,annex_iii,none,none,False,True,True
gemini37f,S127,derogation,not_applicable,not_applicable,False,True,True
gemini37f,S127,profiling,not_applicable,not_applicable,False,True,True
gemini37f,S127,art50,no,no,False,True,True
gemini37f,S128,art5,no,no,False,True,True
gemini37f,S128,annex_i,no,no,False,True,True
gemini37f,S128,annex_iii,none,none,False,True,True
gemini37f,S128,derogation,not_applicable,not_applicable,False,True,True
gemini37f,S128,profiling,not_applicable,not_applicable,False,True,True
gemini37f,S128,art50,yes,yes,False,True,True
gemini37f,S129,art5,no,no,False,True,True
gemini37f,S129,annex_i,no,no,False,True,True
gemini37f,S129,annex_iii,none,none,False,True,True
gemini37f,S129,derogation,not_applicable,not_applicable,False,True,True
gemini37f,S129,profiling,not_applicable,not_applicable,False,True,True
gemini37f,S129,art50,yes,yes,False,True,True
gemini37f,S130,art5,no,no,False,True,True
gemini37f,S130,annex_i,no,no,False,True,True
gemini37f,S130,annex_iii,none,none,False,True,True
gemini37f,S130,derogation,not_applicable,not_applicable,False,True,True
gemini37f,S130,profiling,not_applicable,not_applicable,False,True,True
gemini37f,S130,art50,yes,yes,False,True,True
gemini37f,S131,art5,yes,no,False,False,False
gemini37f,S131,annex_i,no,no,False,True,False
gemini37f,S131,annex_iii,none,none,False,True,False
gemini37f,S131,derogation,not_applicable,not_applicable,False,True,False
gemini37f,S131,profiling,not_applicable,not_applicable,False,True,False
gemini37f,S131,art50,yes,yes,False,True,False
gemini37f,S132,art5,no,no,False,True,True
gemini37f,S132,annex_i,no,no,False,True,True
gemini37f,S132,annex_iii,none,none,False,True,True
gemini37f,S132,derogation,not_applicable,not_applicable,False,True,True
gemini37f,S132,profiling,not_applicable,not_applicable,False,True,True
gemini37f,S132,art50,yes,yes,False,True,True
gemini37f,S133,art5,no,no,False,True,True
gemini37f,S133,annex_i,no,no,False,True,True
gemini37f,S133,annex_iii,none,none,False,True,True
gemini37f,S133,derogation,not_applicable,not_applicable,False,True,True
gemini37f,S133,profiling,not_applicable,not_applicable,False,True,True
gemini37f,S133,art50,yes,yes,False,True,True
gemini37f,S134,art5,no,no,False,True,True
gemini37f,S134,annex_i,no,no,False,True,True
gemini37f,S134,annex_iii,none,none,False,True,True
gemini37f,S134,derogation,not_applicable,not_applicable,False,True,True
gemini37f,S134,profiling,not_applicable,not_applicable,False,True,True
gemini37f,S134,art50,yes,yes,False,True,True
gemini37f,S135,art5,no,no,False,True,True
gemini37f,S135,annex_i,no,no,False,True,True
gemini37f,S135,annex_iii,none,none,False,True,True
gemini37f,S135,derogation,not_applicable,not_applicable,False,True,True
gemini37f,S135,profiling,not_applicable,not_applicable,False,True,True
gemini37f,S135,art50,yes,yes,False,True,True
gemini37f,S136,art5,no,no,False,True,True
gemini37f,S136,annex_i,no,no,False,True,True
gemini37f,S136,annex_iii,none,none,False,True,True
gemini37f,S136,derogation,not_applicable,not_applicable,False,True,True
gemini37f,S136,profiling,not_applicable,not_applicable,False,True,True
gemini37f,S136,art50,yes,yes,False,True,True
gemini37f,S137,art5,no,no,False,True,True
gemini37f,S137,annex_i,no,no,False,True,True
gemini37f,S137,annex_iii,none,none,False,True,True
gemini37f,S137,derogation,not_applicable,not_applicable,False,True,True
gemini37f,S137,profiling,not_applicable,not_applicable,False,True,True
gemini37f,S137,art50,yes,yes,False,True,True
gemini37f,S138,art5,no,no,False,True,True
gemini37f,S138,annex_i,yes,yes,False,True,True
gemini37f,S138,annex_iii,none,none,False,True,True
gemini37f,S138,derogation,not_applicable,not_applicable,False,True,True
gemini37f,S138,profiling,not_applicable,not_applicable,False,True,True
gemini37f,S138,art50,no,no,False,True,True
gemini37f,S139,art5,no,no,False,True,True
gemini37f,S139,annex_i,no,no,False,True,True
gemini37f,S139,annex_iii,none,none,False,True,True
gemini37f,S139,derogation,not_applicable,not_applicable,False,True,True
gemini37f,S139,profiling,not_applicable,not_applicable,False,True,True
gemini37f,S139,art50,yes,yes,False,True,True
gemini37f,S140,art5,no,no,False,True,False
gemini37f,S140,annex_i,unclear,no,False,False,False
gemini37f,S140,annex_iii,unclear,none,False,False,False
gemini37f,S140,derogation,unclear,not_applicable,False,False,False
gemini37f,S140,profiling,unclear,not_applicable,False,False,False
gemini37f,S140,art50,unclear,yes,False,False,False
gemini37f,S141,art5,no,no,False,True,True
gemini37f,S141,annex_i,no,no,False,True,True
gemini37f,S141,annex_iii,none,none,False,True,True
gemini37f,S141,derogation,not_applicable,not_applicable,False,True,True
gemini37f,S141,profiling,not_applicable,not_applicable,False,True,True
gemini37f,S141,art50,yes,yes,False,True,True
gemini37f,S142,art5,no,no,False,True,True
gemini37f,S142,annex_i,yes,yes,False,True,True
gemini37f,S142,annex_iii,none,critical_infrastructure,False,False,True
gemini37f,S142,derogation,not_applicable,not_applicable,False,True,True
gemini37f,S142,profiling,not_applicable,not_applicable,False,True,True
gemini37f,S142,art50,no,no,False,True,True
gemini37f,S143,art5,yes,no,False,False,False
gemini37f,S143,annex_i,no,no,False,True,False
gemini37f,S143,annex_iii,none,none,False,True,False
gemini37f,S143,derogation,not_applicable,not_applicable,False,True,False
gemini37f,S143,profiling,not_applicable,not_applicable,False,True,False
gemini37f,S143,art50,yes,yes,False,True,False
gemini37f,S144,art5,no,no,False,True,True
gemini37f,S144,annex_i,no,no,False,True,True
gemini37f,S144,annex_iii,none,none,False,True,True
gemini37f,S144,derogation,not_applicable,not_applicable,False,True,True
gemini37f,S144,profiling,not_applicable,not_applicable,False,True,True
gemini37f,S144,art50,no,no,False,True,True
gemini37f,S145,art5,no,no,False,True,True
gemini37f,S145,annex_i,no,no,False,True,True
gemini37f,S145,annex_iii,none,none,False,True,True
gemini37f,S145,derogation,not_applicable,not_applicable,False,True,True
gemini37f,S145,profiling,not_applicable,not_applicable,False,True,True
gemini37f,S145,art50,yes,yes,False,True,True
gemini37f,S146,art5,no,no,False,True,True
gemini37f,S146,annex_i,yes,yes,False,True,True
gemini37f,S146,annex_iii,none,none,False,True,True
gemini37f,S146,derogation,not_applicable,not_applicable,False,True,True
gemini37f,S146,profiling,not_applicable,not_applicable,False,True,True
gemini37f,S146,art50,no,no,False,True,True
gemini37f,S147,art5,no,no,False,True,True
gemini37f,S147,annex_i,no,no,False,True,True
gemini37f,S147,annex_iii,none,none,False,True,True
gemini37f,S147,derogation,not_applicable,not_applicable,False,True,True
gemini37f,S147,profiling,not_applicable,not_applicable,False,True,True
gemini37f,S147,art50,yes,yes,False,True,True
gemini37f,S148,art5,no,no,False,True,True
gemini37f,S148,annex_i,no,no,False,True,True
gemini37f,S148,annex_iii,none,none,False,True,True
gemini37f,S148,derogation,not_applicable,not_applicable,False,True,True
gemini37f,S148,profiling,not_applicable,not_applicable,False,True,True
gemini37f,S148,art50,yes,yes,False,True,True
gemini37f,S149,art5,no,no,False,True,True
gemini37f,S149,annex_i,no,no,False,True,True
gemini37f,S149,annex_iii,none,none,False,True,True
gemini37f,S149,derogation,not_applicable,not_applicable,False,True,True
gemini37f,S149,profiling,not_applicable,not_applicable,False,True,True
gemini37f,S149,art50,yes,yes,False,True,True
gemini37f,S150,art5,no,no,False,True,True
gemini37f,S150,annex_i,no,no,False,True,True
gemini37f,S150,annex_iii,none,none,False,True,True
gemini37f,S150,derogation,not_applicable,not_applicable,False,True,True
gemini37f,S150,profiling,not_applicable,not_applicable,False,True,True
gemini37f,S150,art50,yes,yes,False,True,True
gemini3f,S001,art5,no,no,False,True,True
gemini3f,S001,annex_i,no,no,False,True,True
gemini3f,S001,annex_iii,none,none,False,True,True
gemini3f,S001,derogation,not_applicable,not_applicable,False,True,True
gemini3f,S001,profiling,not_applicable,not_applicable,False,True,True
gemini3f,S001,art50,no,no,False,True,True
gemini3f,S002,art5,no,no,False,True,True
gemini3f,S002,annex_i,no,no,False,True,True
gemini3f,S002,annex_iii,none,none,False,True,True
gemini3f,S002,derogation,not_applicable,not_applicable,False,True,True
gemini3f,S002,profiling,not_applicable,not_applicable,False,True,True
gemini3f,S002,art50,yes,yes,False,True,True
gemini3f,S003,art5,no,no,False,True,True
gemini3f,S003,annex_i,no,no,False,True,True
gemini3f,S003,annex_iii,none,none,False,True,True
gemini3f,S003,derogation,not_applicable,not_applicable,False,True,True
gemini3f,S003,profiling,not_applicable,not_applicable,False,True,True
gemini3f,S003,art50,yes,yes,False,True,True
gemini3f,S004,art5,no,no,False,True,True
gemini3f,S004,annex_i,no,no,False,True,True
gemini3f,S004,annex_iii,none,none,False,True,True
gemini3f,S004,derogation,not_applicable,not_applicable,False,True,True
gemini3f,S004,profiling,not_applicable,not_applicable,False,True,True
gemini3f,S004,art50,yes,yes,False,True,True
gemini3f,S005,art5,no,no,False,True,True
gemini3f,S005,annex_i,no,no,False,True,True
gemini3f,S005,annex_iii,migration,migration,False,True,True
gemini3f,S005,derogation,does_not_apply,does_not_apply,False,True,True
gemini3f,S005,profiling,no,yes,False,False,True
gemini3f,S005,art50,no,yes,False,False,True
gemini3f,S006,art5,no,no,False,True,True
gemini3f,S006,annex_i,no,no,False,True,True
gemini3f,S006,annex_iii,essential_services,essential_services,False,True,True
gemini3f,S006,derogation,does_not_apply,does_not_apply,False,True,True
gemini3f,S006,profiling,yes,yes,False,True,True
gemini3f,S006,art50,no,no,False,True,True
gemini3f,S007,art5,no,no,False,True,True
gemini3f,S007,annex_i,no,no,False,True,True
gemini3f,S007,annex_iii,migration,migration,False,True,True
gemini3f,S007,derogation,does_not_apply,does_not_apply,False,True,True
gemini3f,S007,profiling,no,no,False,True,True
gemini3f,S007,art50,no,yes,False,False,True
gemini3f,S008,art5,no,,True,False,True
gemini3f,S008,annex_i,yes,,True,False,True
gemini3f,S008,annex_iii,none,,True,False,True
gemini3f,S008,derogation,not_applicable,,True,False,True
gemini3f,S008,profiling,not_applicable,,True,False,True
gemini3f,S008,art50,no,,True,False,True
gemini3f,S009,art5,no,no,False,True,True
gemini3f,S009,annex_i,yes,yes,False,True,True
gemini3f,S009,annex_iii,none,critical_infrastructure,False,False,True
gemini3f,S009,derogation,not_applicable,not_applicable,False,True,True
gemini3f,S009,profiling,not_applicable,not_applicable,False,True,True
gemini3f,S009,art50,no,no,False,True,True
gemini3f,S010,art5,yes,yes,False,True,True
gemini3f,S010,annex_i,no,no,False,True,True
gemini3f,S010,annex_iii,biometrics,law_enforcement,False,False,True
gemini3f,S010,derogation,not_applicable,not_applicable,False,True,True
gemini3f,S010,profiling,not_applicable,yes,False,False,True
gemini3f,S010,art50,yes,yes,False,True,True
gemini3f,S011,art5,no,no,False,True,False
gemini3f,S011,annex_i,no,no,False,True,False
gemini3f,S011,annex_iii,biometrics,none,False,False,False
gemini3f,S011,derogation,does_not_apply,not_applicable,False,False,False
gemini3f,S011,profiling,no,not_applicable,False,False,False
gemini3f,S011,art50,no,yes,False,False,False
gemini3f,S012,art5,no,no,False,True,True
gemini3f,S012,annex_i,no,no,False,True,True
gemini3f,S012,annex_iii,essential_services,essential_services,False,True,True
gemini3f,S012,derogation,does_not_apply,does_not_apply,False,True,True
gemini3f,S012,profiling,yes,yes,False,True,True
gemini3f,S012,art50,no,no,False,True,True
gemini3f,S013,art5,no,no,False,True,True
gemini3f,S013,annex_i,no,no,False,True,True
gemini3f,S013,annex_iii,law_enforcement,law_enforcement,False,True,True
gemini3f,S013,derogation,does_not_apply,does_not_apply,False,True,True
gemini3f,S013,profiling,no,no,False,True,True
gemini3f,S013,art50,no,no,False,True,True
gemini3f,S014,art5,no,no,False,True,True
gemini3f,S014,annex_i,no,no,False,True,True
gemini3f,S014,annex_iii,none,none,False,True,True
gemini3f,S014,derogation,not_applicable,not_applicable,False,True,True
gemini3f,S014,profiling,not_applicable,not_applicable,False,True,True
gemini3f,S014,art50,no,no,False,True,True
gemini3f,S015,art5,no,no,False,True,True
gemini3f,S015,annex_i,no,no,False,True,True
gemini3f,S015,annex_iii,none,none,False,True,True
gemini3f,S015,derogation,not_applicable,not_applicable,False,True,True
gemini3f,S015,profiling,not_applicable,not_applicable,False,True,True
gemini3f,S015,art50,no,no,False,True,True
gemini3f,S016,art5,no,no,False,True,True
gemini3f,S016,annex_i,yes,yes,False,True,True
gemini3f,S016,annex_iii,none,critical_infrastructure,False,False,True
gemini3f,S016,derogation,not_applicable,not_applicable,False,True,True
gemini3f,S016,profiling,not_applicable,not_applicable,False,True,True
gemini3f,S016,art50,no,no,False,True,True
gemini3f,S017,art5,no,no,False,True,True
gemini3f,S017,annex_i,no,no,False,True,True
gemini3f,S017,annex_iii,biometrics,migration,False,False,True
gemini3f,S017,derogation,does_not_apply,does_not_apply,False,True,True
gemini3f,S017,profiling,no,yes,False,False,True
gemini3f,S017,art50,no,yes,False,False,True
gemini3f,S018,art5,no,no,False,True,False
gemini3f,S018,annex_i,no,no,False,True,False
gemini3f,S018,annex_iii,none,justice_democracy,False,False,False
gemini3f,S018,derogation,not_applicable,does_not_apply,False,False,False
gemini3f,S018,profiling,not_applicable,no,False,False,False
gemini3f,S018,art50,yes,yes,False,True,False
gemini3f,S020,art5,no,no,False,True,True
gemini3f,S020,annex_i,no,no,False,True,True
gemini3f,S020,annex_iii,none,none,False,True,True
gemini3f,S020,derogation,not_applicable,not_applicable,False,True,True
gemini3f,S020,profiling,not_applicable,not_applicable,False,True,True
gemini3f,S020,art50,no,no,False,True,True
gemini3f,S021,art5,no,no,False,True,True
gemini3f,S021,annex_i,no,,True,False,True
gemini3f,S021,annex_iii,migration,migration,False,True,True
gemini3f,S021,derogation,does_not_apply,does_not_apply,False,True,True
gemini3f,S021,profiling,yes,yes,False,True,True
gemini3f,S021,art50,no,no,False,True,True
gemini3f,S022,art5,no,no,False,True,True
gemini3f,S022,annex_i,no,no,False,True,True
gemini3f,S022,annex_iii,biometrics,law_enforcement,False,False,True
gemini3f,S022,derogation,does_not_apply,does_not_apply,False,True,True
gemini3f,S022,profiling,no,yes,False,False,True
gemini3f,S022,art50,no,yes,False,False,True
gemini3f,S023,art5,no,no,False,True,False
gemini3f,S023,annex_i,no,no,False,True,False
gemini3f,S023,annex_iii,biometrics,none,False,False,False
gemini3f,S023,derogation,does_not_apply,not_applicable,False,False,False
gemini3f,S023,profiling,no,not_applicable,False,False,False
gemini3f,S023,art50,no,yes,False,False,False
gemini3f,S024,art5,no,no,False,True,False
gemini3f,S024,annex_i,no,no,False,True,False
gemini3f,S024,annex_iii,none,education,False,False,False
gemini3f,S024,derogation,not_applicable,does_not_apply,False,False,False
gemini3f,S024,profiling,not_applicable,yes,False,False,False
gemini3f,S024,art50,no,no,False,True,False
gemini3f,S025,art5,yes,unclear,False,False,False
gemini3f,S025,annex_i,no,no,False,True,False
gemini3f,S025,annex_iii,biometrics,law_enforcement,False,False,False
gemini3f,S025,derogation,not_applicable,does_not_apply,False,False,False
gemini3f,S025,profiling,not_applicable,yes,False,False,False
gemini3f,S025,art50,no,yes,False,False,False
gemini3f,S027,art5,no,no,False,True,True
gemini3f,S027,annex_i,no,no,False,True,True
gemini3f,S027,annex_iii,migration,migration,False,True,True
gemini3f,S027,derogation,does_not_apply,does_not_apply,False,True,True
gemini3f,S027,profiling,yes,yes,False,True,True
gemini3f,S027,art50,no,no,False,True,True
gemini3f,S029,art5,no,no,False,True,True
gemini3f,S029,annex_i,no,no,False,True,True
gemini3f,S029,annex_iii,none,none,False,True,True
gemini3f,S029,derogation,not_applicable,not_applicable,False,True,True
gemini3f,S029,profiling,not_applicable,not_applicable,False,True,True
gemini3f,S029,art50,yes,yes,False,True,True
gemini3f,S030,art5,no,no,False,True,True
gemini3f,S030,annex_i,yes,yes,False,True,True
gemini3f,S030,annex_iii,none,critical_infrastructure,False,False,True
gemini3f,S030,derogation,not_applicable,not_applicable,False,True,True
gemini3f,S030,profiling,not_applicable,not_applicable,False,True,True
gemini3f,S030,art50,no,no,False,True,True
gemini3f,S031,art5,no,no,False,True,False
gemini3f,S031,annex_i,no,no,False,True,False
gemini3f,S031,annex_iii,biometrics,none,False,False,False
gemini3f,S031,derogation,does_not_apply,not_applicable,False,False,False
gemini3f,S031,profiling,yes,not_applicable,False,False,False
gemini3f,S031,art50,yes,yes,False,True,False
gemini3f,S032,art5,unclear,no,False,False,True
gemini3f,S032,annex_i,no,no,False,True,True
gemini3f,S032,annex_iii,biometrics,law_enforcement,False,False,True
gemini3f,S032,derogation,does_not_apply,does_not_apply,False,True,True
gemini3f,S032,profiling,no,yes,False,False,True
gemini3f,S032,art50,no,yes,False,False,True
gemini3f,S033,art5,no,no,False,True,True
gemini3f,S033,annex_i,no,no,False,True,True
gemini3f,S033,annex_iii,biometrics,law_enforcement,False,False,True
gemini3f,S033,derogation,does_not_apply,does_not_apply,False,True,True
gemini3f,S033,profiling,no,yes,False,False,True
gemini3f,S033,art50,no,yes,False,False,True
gemini3f,S034,art5,no,no,False,True,True
gemini3f,S034,annex_i,no,no,False,True,True
gemini3f,S034,annex_iii,employment,employment,False,True,True
gemini3f,S034,derogation,does_not_apply,does_not_apply,False,True,True
gemini3f,S034,profiling,yes,yes,False,True,True
gemini3f,S034,art50,no,no,False,True,True
gemini3f,S035,art5,no,no,False,True,True
gemini3f,S035,annex_i,no,no,False,True,True
gemini3f,S035,annex_iii,none,none,False,True,True
gemini3f,S035,derogation,not_applicable,not_applicable,False,True,True
gemini3f,S035,profiling,not_applicable,not_applicable,False,True,True
gemini3f,S035,art50,yes,yes,False,True,True
gemini3f,S036,art5,no,no,False,True,True
gemini3f,S036,annex_i,no,no,False,True,True
gemini3f,S036,annex_iii,education,education,False,True,True
gemini3f,S036,derogation,does_not_apply,does_not_apply,False,True,True
gemini3f,S036,profiling,yes,yes,False,True,True
gemini3f,S036,art50,no,yes,False,False,True
gemini3f,S037,art5,no,no,False,True,True
gemini3f,S037,annex_i,yes,yes,False,True,True
gemini3f,S037,annex_iii,none,critical_infrastructure,False,False,True
gemini3f,S037,derogation,not_applicable,not_applicable,False,True,True
gemini3f,S037,profiling,not_applicable,not_applicable,False,True,True
gemini3f,S037,art50,no,no,False,True,True
gemini3f,S038,art5,no,no,False,True,False
gemini3f,S038,annex_i,no,no,False,True,False
gemini3f,S038,annex_iii,none,none,False,True,False
gemini3f,S038,derogation,not_applicable,not_applicable,False,True,False
gemini3f,S038,profiling,not_applicable,not_applicable,False,True,False
gemini3f,S038,art50,no,yes,False,False,False
gemini3f,S039,art5,no,no,False,True,True
gemini3f,S039,annex_i,no,no,False,True,True
gemini3f,S039,annex_iii,migration,migration,False,True,True
gemini3f,S039,derogation,does_not_apply,does_not_apply,False,True,True
gemini3f,S039,profiling,yes,yes,False,True,True
gemini3f,S039,art50,no,yes,False,False,True
gemini3f,S040,art5,no,no,False,True,False
gemini3f,S040,annex_i,no,yes,False,False,False
gemini3f,S040,annex_iii,none,essential_services,False,False,False
gemini3f,S040,derogation,not_applicable,not_applicable,False,True,False
gemini3f,S040,profiling,not_applicable,not_applicable,False,True,False
gemini3f,S040,art50,no,no,False,True,False
gemini3f,S042,art5,no,no,False,True,True
gemini3f,S042,annex_i,yes,yes,False,True,True
gemini3f,S042,annex_iii,none,none,False,True,True
gemini3f,S042,derogation,not_applicable,not_applicable,False,True,True
gemini3f,S042,profiling,not_applicable,not_applicable,False,True,True
gemini3f,S042,art50,no,no,False,True,True
gemini3f,S043,art5,no,no,False,True,True
gemini3f,S043,annex_i,no,no,False,True,True
gemini3f,S043,annex_iii,migration,migration,False,True,True
gemini3f,S043,derogation,does_not_apply,does_not_apply,False,True,True
gemini3f,S043,profiling,no,no,False,True,True
gemini3f,S043,art50,no,yes,False,False,True
gemini3f,S044,art5,no,no,False,True,True
gemini3f,S044,annex_i,no,no,False,True,True
gemini3f,S044,annex_iii,none,none,False,True,True
gemini3f,S044,derogation,not_applicable,not_applicable,False,True,True
gemini3f,S044,profiling,not_applicable,not_applicable,False,True,True
gemini3f,S044,art50,yes,yes,False,True,True
gemini3f,S045,art5,no,no,False,True,True
gemini3f,S045,annex_i,no,no,False,True,True
gemini3f,S045,annex_iii,none,none,False,True,True
gemini3f,S045,derogation,not_applicable,not_applicable,False,True,True
gemini3f,S045,profiling,not_applicable,not_applicable,False,True,True
gemini3f,S045,art50,yes,yes,False,True,True
gemini3f,S046,art5,no,no,False,True,True
gemini3f,S046,annex_i,no,no,False,True,True
gemini3f,S046,annex_iii,essential_services,essential_services,False,True,True
gemini3f,S046,derogation,does_not_apply,does_not_apply,False,True,True
gemini3f,S046,profiling,not_applicable,yes,False,False,True
gemini3f,S046,art50,no,no,False,True,True
gemini3f,S047,art5,no,no,False,True,True
gemini3f,S047,annex_i,no,no,False,True,True
gemini3f,S047,annex_iii,biometrics,law_enforcement,False,False,True
gemini3f,S047,derogation,does_not_apply,does_not_apply,False,True,True
gemini3f,S047,profiling,no,yes,False,False,True
gemini3f,S047,art50,no,yes,False,False,True
gemini3f,S048,art5,no,no,False,True,True
gemini3f,S048,annex_i,no,no,False,True,True
gemini3f,S048,annex_iii,none,none,False,True,True
gemini3f,S048,derogation,not_applicable,not_applicable,False,True,True
gemini3f,S048,profiling,not_applicable,not_applicable,False,True,True
gemini3f,S048,art50,yes,yes,False,True,True
gemini3f,S049,art5,no,no,False,True,True
gemini3f,S049,annex_i,no,no,False,True,True
gemini3f,S049,annex_iii,migration,migration,False,True,True
gemini3f,S049,derogation,does_not_apply,does_not_apply,False,True,True
gemini3f,S049,profiling,no,no,False,True,True
gemini3f,S049,art50,yes,yes,False,True,True
gemini3f,S050,art5,no,no,False,True,True
gemini3f,S050,annex_i,yes,yes,False,True,True
gemini3f,S050,annex_iii,none,critical_infrastructure,False,False,True
gemini3f,S050,derogation,not_applicable,not_applicable,False,True,True
gemini3f,S050,profiling,not_applicable,not_applicable,False,True,True
gemini3f,S050,art50,no,no,False,True,True
gemini3f,S051,art5,no,no,False,True,True
gemini3f,S051,annex_i,no,no,False,True,True
gemini3f,S051,annex_iii,essential_services,essential_services,False,True,True
gemini3f,S051,derogation,does_not_apply,does_not_apply,False,True,True
gemini3f,S051,profiling,yes,yes,False,True,True
gemini3f,S051,art50,no,no,False,True,True
gemini3f,S052,art5,no,no,False,True,True
gemini3f,S052,annex_i,yes,yes,False,True,True
gemini3f,S052,annex_iii,none,critical_infrastructure,False,False,True
gemini3f,S052,derogation,not_applicable,not_applicable,False,True,True
gemini3f,S052,profiling,not_applicable,not_applicable,False,True,True
gemini3f,S052,art50,no,no,False,True,True
gemini3f,S053,art5,unclear,no,False,False,True
gemini3f,S053,annex_i,no,no,False,True,True
gemini3f,S053,annex_iii,none,none,False,True,True
gemini3f,S053,derogation,not_applicable,not_applicable,False,True,True
gemini3f,S053,profiling,not_applicable,not_applicable,False,True,True
gemini3f,S053,art50,yes,yes,False,True,True
gemini3f,S054,art5,no,no,False,True,True
gemini3f,S054,annex_i,no,no,False,True,True
gemini3f,S054,annex_iii,employment,employment,False,True,True
gemini3f,S054,derogation,does_not_apply,does_not_apply,False,True,True
gemini3f,S054,profiling,yes,yes,False,True,True
gemini3f,S054,art50,no,no,False,True,True
gemini3f,S055,art5,no,no,False,True,False
gemini3f,S055,annex_i,no,no,False,True,False
gemini3f,S055,annex_iii,none,none,False,True,False
gemini3f,S055,derogation,not_applicable,not_applicable,False,True,False
gemini3f,S055,profiling,not_applicable,not_applicable,False,True,False
gemini3f,S055,art50,no,yes,False,False,False
gemini3f,S056,art5,unclear,no,False,False,True
gemini3f,S056,annex_i,no,no,False,True,True
gemini3f,S056,annex_iii,none,none,False,True,True
gemini3f,S056,derogation,not_applicable,not_applicable,False,True,True
gemini3f,S056,profiling,not_applicable,not_applicable,False,True,True
gemini3f,S056,art50,yes,yes,False,True,True
gemini3f,S057,art5,no,no,False,True,True
gemini3f,S057,annex_i,no,no,False,True,True
gemini3f,S057,annex_iii,none,none,False,True,True
gemini3f,S057,derogation,not_applicable,not_applicable,False,True,True
gemini3f,S057,profiling,not_applicable,not_applicable,False,True,True
gemini3f,S057,art50,yes,yes,False,True,True
gemini3f,S058,art5,no,no,False,True,False
gemini3f,S058,annex_i,no,yes,False,False,False
gemini3f,S058,annex_iii,none,none,False,True,False
gemini3f,S058,derogation,not_applicable,not_applicable,False,True,False
gemini3f,S058,profiling,not_applicable,not_applicable,False,True,False
gemini3f,S058,art50,no,no,False,True,False
gemini3f,S060,art5,no,no,False,True,False
gemini3f,S060,annex_i,no,no,False,True,False
gemini3f,S060,annex_iii,biometrics,none,False,False,False
gemini3f,S060,derogation,does_not_apply,not_applicable,False,False,False
gemini3f,S060,profiling,yes,not_applicable,False,False,False
gemini3f,S060,art50,no,yes,False,False,False
gemini3f,S061,art5,no,no,False,True,True
gemini3f,S061,annex_i,no,no,False,True,True
gemini3f,S061,annex_iii,biometrics,biometrics,False,True,True
gemini3f,S061,derogation,does_not_apply,does_not_apply,False,True,True
gemini3f,S061,profiling,yes,yes,False,True,True
gemini3f,S061,art50,no,yes,False,False,True
gemini3f,S062,art5,no,no,False,True,True
gemini3f,S062,annex_i,yes,yes,False,True,True
gemini3f,S062,annex_iii,none,critical_infrastructure,False,False,True
gemini3f,S062,derogation,not_applicable,not_applicable,False,True,True
gemini3f,S062,profiling,not_applicable,not_applicable,False,True,True
gemini3f,S062,art50,no,no,False,True,True
gemini3f,S063,art5,no,no,False,True,True
gemini3f,S063,annex_i,no,no,False,True,True
gemini3f,S063,annex_iii,none,none,False,True,True
gemini3f,S063,derogation,not_applicable,not_applicable,False,True,True
gemini3f,S063,profiling,not_applicable,not_applicable,False,True,True
gemini3f,S063,art50,yes,yes,False,True,True
gemini3f,S064,art5,no,no,False,True,True
gemini3f,S064,annex_i,no,no,False,True,True
gemini3f,S064,annex_iii,none,none,False,True,True
gemini3f,S064,derogation,not_applicable,not_applicable,False,True,True
gemini3f,S064,profiling,not_applicable,not_applicable,False,True,True
gemini3f,S064,art50,yes,yes,False,True,True
gemini3f,S065,art5,no,no,False,True,True
gemini3f,S065,annex_i,no,no,False,True,True
gemini3f,S065,annex_iii,none,none,False,True,True
gemini3f,S065,derogation,not_applicable,not_applicable,False,True,True
gemini3f,S065,profiling,not_applicable,not_applicable,False,True,True
gemini3f,S065,art50,yes,yes,False,True,True
gemini3f,S066,art5,no,no,False,True,True
gemini3f,S066,annex_i,no,no,False,True,True
gemini3f,S066,annex_iii,justice_democracy,justice_democracy,False,True,True
gemini3f,S066,derogation,does_not_apply,does_not_apply,False,True,True
gemini3f,S066,profiling,no,no,False,True,True
gemini3f,S066,art50,yes,yes,False,True,True
gemini3f,S068,art5,no,no,False,True,True
gemini3f,S068,annex_i,no,no,False,True,True
gemini3f,S068,annex_iii,none,none,False,True,True
gemini3f,S068,derogation,not_applicable,not_applicable,False,True,True
gemini3f,S068,profiling,not_applicable,not_applicable,False,True,True
gemini3f,S068,art50,yes,yes,False,True,True
gemini3f,S069,art5,yes,no,False,False,False
gemini3f,S069,annex_i,no,no,False,True,False
gemini3f,S069,annex_iii,none,none,False,True,False
gemini3f,S069,derogation,not_applicable,not_applicable,False,True,False
gemini3f,S069,profiling,not_applicable,not_applicable,False,True,False
gemini3f,S069,art50,yes,yes,False,True,False
gemini3f,S070,art5,no,no,False,True,True
gemini3f,S070,annex_i,yes,yes,False,True,True
gemini3f,S070,annex_iii,none,critical_infrastructure,False,False,True
gemini3f,S070,derogation,not_applicable,not_applicable,False,True,True
gemini3f,S070,profiling,not_applicable,not_applicable,False,True,True
gemini3f,S070,art50,no,no,False,True,True
gemini3f,S071,art5,no,no,False,True,True
gemini3f,S071,annex_i,yes,yes,False,True,True
gemini3f,S071,annex_iii,none,none,False,True,True
gemini3f,S071,derogation,not_applicable,not_applicable,False,True,True
gemini3f,S071,profiling,not_applicable,not_applicable,False,True,True
gemini3f,S071,art50,no,no,False,True,True
gemini3f,S072,art5,unclear,no,False,False,False
gemini3f,S072,annex_i,unclear,no,False,False,False
gemini3f,S072,annex_iii,unclear,none,False,False,False
gemini3f,S072,derogation,unclear,not_applicable,False,False,False
gemini3f,S072,profiling,unclear,not_applicable,False,False,False
gemini3f,S072,art50,unclear,yes,False,False,False
gemini3f,S073,art5,no,no,False,True,True
gemini3f,S073,annex_i,no,no,False,True,True
gemini3f,S073,annex_iii,essential_services,essential_services,False,True,True
gemini3f,S073,derogation,does_not_apply,does_not_apply,False,True,True
gemini3f,S073,profiling,yes,yes,False,True,True
gemini3f,S073,art50,no,no,False,True,True
gemini3f,S074,art5,no,no,False,True,True
gemini3f,S074,annex_i,no,no,False,True,True
gemini3f,S074,annex_iii,none,none,False,True,True
gemini3f,S074,derogation,not_applicable,not_applicable,False,True,True
gemini3f,S074,profiling,not_applicable,not_applicable,False,True,True
gemini3f,S074,art50,yes,yes,False,True,True
gemini3f,S075,art5,no,no,False,True,True
gemini3f,S075,annex_i,no,no,False,True,True
gemini3f,S075,annex_iii,none,none,False,True,True
gemini3f,S075,derogation,not_applicable,not_applicable,False,True,True
gemini3f,S075,profiling,not_applicable,not_applicable,False,True,True
gemini3f,S075,art50,yes,yes,False,True,True
gemini3f,S076,art5,no,no,False,True,True
gemini3f,S076,annex_i,no,no,False,True,True
gemini3f,S076,annex_iii,none,none,False,True,True
gemini3f,S076,derogation,not_applicable,not_applicable,False,True,True
gemini3f,S076,profiling,not_applicable,not_applicable,False,True,True
gemini3f,S076,art50,yes,yes,False,True,True
gemini3f,S077,art5,no,no,False,True,True
gemini3f,S077,annex_i,no,no,False,True,True
gemini3f,S077,annex_iii,none,none,False,True,True
gemini3f,S077,derogation,not_applicable,not_applicable,False,True,True
gemini3f,S077,profiling,not_applicable,not_applicable,False,True,True
gemini3f,S077,art50,yes,yes,False,True,True
gemini3f,S078,art5,no,no,False,True,True
gemini3f,S078,annex_i,no,no,False,True,True
gemini3f,S078,annex_iii,none,none,False,True,True
gemini3f,S078,derogation,not_applicable,not_applicable,False,True,True
gemini3f,S078,profiling,not_applicable,not_applicable,False,True,True
gemini3f,S078,art50,yes,yes,False,True,True
gemini3f,S079,art5,no,no,False,True,True
gemini3f,S079,annex_i,no,no,False,True,True
gemini3f,S079,annex_iii,none,none,False,True,True
gemini3f,S079,derogation,not_applicable,not_applicable,False,True,True
gemini3f,S079,profiling,not_applicable,not_applicable,False,True,True
gemini3f,S079,art50,yes,yes,False,True,True
gemini3f,S080,art5,no,no,False,True,True
gemini3f,S080,annex_i,no,no,False,True,True
gemini3f,S080,annex_iii,none,none,False,True,True
gemini3f,S080,derogation,not_applicable,not_applicable,False,True,True
gemini3f,S080,profiling,not_applicable,not_applicable,False,True,True
gemini3f,S080,art50,yes,yes,False,True,True
gemini3f,S081,art5,no,no,False,True,True
gemini3f,S081,annex_i,no,no,False,True,True
gemini3f,S081,annex_iii,law_enforcement,law_enforcement,False,True,True
gemini3f,S081,derogation,does_not_apply,does_not_apply,False,True,True
gemini3f,S081,profiling,yes,yes,False,True,True
gemini3f,S081,art50,no,no,False,True,True
gemini3f,S082,art5,no,no,False,True,True
gemini3f,S082,annex_i,no,no,False,True,True
gemini3f,S082,annex_iii,essential_services,essential_services,False,True,True
gemini3f,S082,derogation,does_not_apply,does_not_apply,False,True,True
gemini3f,S082,profiling,yes,yes,False,True,True
gemini3f,S082,art50,no,no,False,True,True
gemini3f,S083,art5,no,no,False,True,True
gemini3f,S083,annex_i,no,no,False,True,True
gemini3f,S083,annex_iii,none,none,False,True,True
gemini3f,S083,derogation,not_applicable,not_applicable,False,True,True
gemini3f,S083,profiling,not_applicable,not_applicable,False,True,True
gemini3f,S083,art50,yes,yes,False,True,True
gemini3f,S084,art5,no,no,False,True,True
gemini3f,S084,annex_i,no,no,False,True,True
gemini3f,S084,annex_iii,none,none,False,True,True
gemini3f,S084,derogation,not_applicable,not_applicable,False,True,True
gemini3f,S084,profiling,not_applicable,not_applicable,False,True,True
gemini3f,S084,art50,yes,yes,False,True,True
gemini3f,S085,art5,no,no,False,True,True
gemini3f,S085,annex_i,no,no,False,True,True
gemini3f,S085,annex_iii,none,none,False,True,True
gemini3f,S085,derogation,not_applicable,not_applicable,False,True,True
gemini3f,S085,profiling,not_applicable,not_applicable,False,True,True
gemini3f,S085,art50,yes,yes,False,True,True
gemini3f,S086,art5,no,no,False,True,True
gemini3f,S086,annex_i,no,no,False,True,True
gemini3f,S086,annex_iii,none,none,False,True,True
gemini3f,S086,derogation,not_applicable,not_applicable,False,True,True
gemini3f,S086,profiling,not_applicable,not_applicable,False,True,True
gemini3f,S086,art50,yes,yes,False,True,True
gemini3f,S087,art5,no,no,False,True,True
gemini3f,S087,annex_i,no,no,False,True,True
gemini3f,S087,annex_iii,none,none,False,True,True
gemini3f,S087,derogation,not_applicable,not_applicable,False,True,True
gemini3f,S087,profiling,not_applicable,not_applicable,False,True,True
gemini3f,S087,art50,yes,yes,False,True,True
gemini3f,S088,art5,no,no,False,True,True
gemini3f,S088,annex_i,no,no,False,True,True
gemini3f,S088,annex_iii,none,none,False,True,True
gemini3f,S088,derogation,not_applicable,not_applicable,False,True,True
gemini3f,S088,profiling,not_applicable,not_applicable,False,True,True
gemini3f,S088,art50,yes,yes,False,True,True
gemini3f,S089,art5,no,no,False,True,True
gemini3f,S089,annex_i,no,no,False,True,True
gemini3f,S089,annex_iii,none,none,False,True,True
gemini3f,S089,derogation,not_applicable,not_applicable,False,True,True
gemini3f,S089,profiling,not_applicable,not_applicable,False,True,True
gemini3f,S089,art50,yes,yes,False,True,True
gemini3f,S090,art5,no,no,False,True,True
gemini3f,S090,annex_i,yes,yes,False,True,True
gemini3f,S090,annex_iii,none,critical_infrastructure,False,False,True
gemini3f,S090,derogation,not_applicable,not_applicable,False,True,True
gemini3f,S090,profiling,not_applicable,not_applicable,False,True,True
gemini3f,S090,art50,no,no,False,True,True
gemini3f,S091,art5,no,no,False,True,True
gemini3f,S091,annex_i,no,no,False,True,True
gemini3f,S091,annex_iii,none,none,False,True,True
gemini3f,S091,derogation,not_applicable,not_applicable,False,True,True
gemini3f,S091,profiling,not_applicable,not_applicable,False,True,True
gemini3f,S091,art50,yes,yes,False,True,True
gemini3f,S092,art5,unclear,no,False,False,True
gemini3f,S092,annex_i,no,no,False,True,True
gemini3f,S092,annex_iii,none,none,False,True,True
gemini3f,S092,derogation,not_applicable,not_applicable,False,True,True
gemini3f,S092,profiling,not_applicable,not_applicable,False,True,True
gemini3f,S092,art50,yes,yes,False,True,True
gemini3f,S093,art5,yes,no,False,False,False
gemini3f,S093,annex_i,no,no,False,True,False
gemini3f,S093,annex_iii,none,none,False,True,False
gemini3f,S093,derogation,not_applicable,not_applicable,False,True,False
gemini3f,S093,profiling,not_applicable,not_applicable,False,True,False
gemini3f,S093,art50,yes,yes,False,True,False
gemini3f,S094,art5,no,no,False,True,True
gemini3f,S094,annex_i,no,no,False,True,True
gemini3f,S094,annex_iii,none,none,False,True,True
gemini3f,S094,derogation,not_applicable,not_applicable,False,True,True
gemini3f,S094,profiling,not_applicable,not_applicable,False,True,True
gemini3f,S094,art50,yes,yes,False,True,True
gemini3f,S095,art5,yes,no,False,False,False
gemini3f,S095,annex_i,no,no,False,True,False
gemini3f,S095,annex_iii,none,none,False,True,False
gemini3f,S095,derogation,not_applicable,not_applicable,False,True,False
gemini3f,S095,profiling,not_applicable,not_applicable,False,True,False
gemini3f,S095,art50,yes,yes,False,True,False
gemini3f,S096,art5,no,no,False,True,True
gemini3f,S096,annex_i,no,no,False,True,True
gemini3f,S096,annex_iii,none,none,False,True,True
gemini3f,S096,derogation,not_applicable,not_applicable,False,True,True
gemini3f,S096,profiling,not_applicable,not_applicable,False,True,True
gemini3f,S096,art50,yes,yes,False,True,True
gemini3f,S097,art5,no,no,False,True,True
gemini3f,S097,annex_i,no,no,False,True,True
gemini3f,S097,annex_iii,none,none,False,True,True
gemini3f,S097,derogation,not_applicable,not_applicable,False,True,True
gemini3f,S097,profiling,not_applicable,not_applicable,False,True,True
gemini3f,S097,art50,yes,yes,False,True,True
gemini3f,S098,art5,no,no,False,True,True
gemini3f,S098,annex_i,no,no,False,True,True
gemini3f,S098,annex_iii,none,none,False,True,True
gemini3f,S098,derogation,not_applicable,not_applicable,False,True,True
gemini3f,S098,profiling,not_applicable,not_applicable,False,True,True
gemini3f,S098,art50,yes,yes,False,True,True
gemini3f,S099,art5,no,no,False,True,True
gemini3f,S099,annex_i,no,no,False,True,True
gemini3f,S099,annex_iii,none,none,False,True,True
gemini3f,S099,derogation,not_applicable,not_applicable,False,True,True
gemini3f,S099,profiling,not_applicable,not_applicable,False,True,True
gemini3f,S099,art50,yes,yes,False,True,True
gemini3f,S100,art5,no,no,False,True,False
gemini3f,S100,annex_i,no,no,False,True,False
gemini3f,S100,annex_iii,none,essential_services,False,False,False
gemini3f,S100,derogation,not_applicable,does_not_apply,False,False,False
gemini3f,S100,profiling,not_applicable,yes,False,False,False
gemini3f,S100,art50,no,no,False,True,False
gemini3f,S101,art5,no,no,False,True,True
gemini3f,S101,annex_i,no,no,False,True,True
gemini3f,S101,annex_iii,none,none,False,True,True
gemini3f,S101,derogation,not_applicable,not_applicable,False,True,True
gemini3f,S101,profiling,not_applicable,not_applicable,False,True,True
gemini3f,S101,art50,yes,yes,False,True,True
gemini3f,S102,art5,no,no,False,True,True
gemini3f,S102,annex_i,no,no,False,True,True
gemini3f,S102,annex_iii,none,none,False,True,True
gemini3f,S102,derogation,not_applicable,not_applicable,False,True,True
gemini3f,S102,profiling,not_applicable,not_applicable,False,True,True
gemini3f,S102,art50,yes,yes,False,True,True
gemini3f,S103,art5,no,no,False,True,True
gemini3f,S103,annex_i,no,no,False,True,True
gemini3f,S103,annex_iii,none,none,False,True,True
gemini3f,S103,derogation,not_applicable,not_applicable,False,True,True
gemini3f,S103,profiling,not_applicable,not_applicable,False,True,True
gemini3f,S103,art50,yes,yes,False,True,True
gemini3f,S104,art5,no,no,False,True,True
gemini3f,S104,annex_i,no,no,False,True,True
gemini3f,S104,annex_iii,none,none,False,True,True
gemini3f,S104,derogation,not_applicable,not_applicable,False,True,True
gemini3f,S104,profiling,not_applicable,not_applicable,False,True,True
gemini3f,S104,art50,yes,yes,False,True,True
gemini3f,S105,art5,no,no,False,True,True
gemini3f,S105,annex_i,no,no,False,True,True
gemini3f,S105,annex_iii,none,none,False,True,True
gemini3f,S105,derogation,not_applicable,not_applicable,False,True,True
gemini3f,S105,profiling,not_applicable,not_applicable,False,True,True
gemini3f,S105,art50,yes,yes,False,True,True
gemini3f,S106,art5,yes,no,False,False,False
gemini3f,S106,annex_i,no,no,False,True,False
gemini3f,S106,annex_iii,none,education,False,False,False
gemini3f,S106,derogation,not_applicable,does_not_apply,False,False,False
gemini3f,S106,profiling,not_applicable,no,False,False,False
gemini3f,S106,art50,yes,yes,False,True,False
gemini3f,S107,art5,no,no,False,True,True
gemini3f,S107,annex_i,no,no,False,True,True
gemini3f,S107,annex_iii,none,none,False,True,True
gemini3f,S107,derogation,not_applicable,not_applicable,False,True,True
gemini3f,S107,profiling,not_applicable,not_applicable,False,True,True
gemini3f,S107,art50,yes,yes,False,True,True
gemini3f,S108,art5,no,no,False,True,True
gemini3f,S108,annex_i,no,no,False,True,True
gemini3f,S108,annex_iii,none,none,False,True,True
gemini3f,S108,derogation,not_applicable,not_applicable,False,True,True
gemini3f,S108,profiling,not_applicable,not_applicable,False,True,True
gemini3f,S108,art50,yes,yes,False,True,True
gemini3f,S109,art5,no,no,False,True,True
gemini3f,S109,annex_i,no,no,False,True,True
gemini3f,S109,annex_iii,none,none,False,True,True
gemini3f,S109,derogation,not_applicable,not_applicable,False,True,True
gemini3f,S109,profiling,not_applicable,not_applicable,False,True,True
gemini3f,S109,art50,yes,yes,False,True,True
gemini3f,S110,art5,no,no,False,True,True
gemini3f,S110,annex_i,unclear,no,False,False,True
gemini3f,S110,annex_iii,none,none,False,True,True
gemini3f,S110,derogation,not_applicable,not_applicable,False,True,True
gemini3f,S110,profiling,not_applicable,not_applicable,False,True,True
gemini3f,S110,art50,yes,yes,False,True,True
gemini3f,S111,art5,no,no,False,True,True
gemini3f,S111,annex_i,no,no,False,True,True
gemini3f,S111,annex_iii,none,none,False,True,True
gemini3f,S111,derogation,not_applicable,not_applicable,False,True,True
gemini3f,S111,profiling,not_applicable,not_applicable,False,True,True
gemini3f,S111,art50,yes,yes,False,True,True
gemini3f,S112,art5,no,no,False,True,True
gemini3f,S112,annex_i,no,no,False,True,True
gemini3f,S112,annex_iii,none,none,False,True,True
gemini3f,S112,derogation,not_applicable,not_applicable,False,True,True
gemini3f,S112,profiling,not_applicable,not_applicable,False,True,True
gemini3f,S112,art50,yes,yes,False,True,True
gemini3f,S113,art5,no,no,False,True,True
gemini3f,S113,annex_i,no,no,False,True,True
gemini3f,S113,annex_iii,none,none,False,True,True
gemini3f,S113,derogation,not_applicable,not_applicable,False,True,True
gemini3f,S113,profiling,not_applicable,not_applicable,False,True,True
gemini3f,S113,art50,yes,yes,False,True,True
gemini3f,S114,art5,no,no,False,True,True
gemini3f,S114,annex_i,no,no,False,True,True
gemini3f,S114,annex_iii,none,none,False,True,True
gemini3f,S114,derogation,not_applicable,not_applicable,False,True,True
gemini3f,S114,profiling,not_applicable,not_applicable,False,True,True
gemini3f,S114,art50,yes,yes,False,True,True
gemini3f,S115,art5,no,no,False,True,True
gemini3f,S115,annex_i,no,no,False,True,True
gemini3f,S115,annex_iii,none,none,False,True,True
gemini3f,S115,derogation,not_applicable,not_applicable,False,True,True
gemini3f,S115,profiling,not_applicable,not_applicable,False,True,True
gemini3f,S115,art50,yes,yes,False,True,True
gemini3f,S116,art5,no,no,False,True,True
gemini3f,S116,annex_i,no,no,False,True,True
gemini3f,S116,annex_iii,none,none,False,True,True
gemini3f,S116,derogation,not_applicable,not_applicable,False,True,True
gemini3f,S116,profiling,not_applicable,not_applicable,False,True,True
gemini3f,S116,art50,yes,yes,False,True,True
gemini3f,S117,art5,no,no,False,True,True
gemini3f,S117,annex_i,no,no,False,True,True
gemini3f,S117,annex_iii,none,none,False,True,True
gemini3f,S117,derogation,not_applicable,not_applicable,False,True,True
gemini3f,S117,profiling,not_applicable,not_applicable,False,True,True
gemini3f,S117,art50,yes,yes,False,True,True
gemini3f,S118,art5,no,no,False,True,True
gemini3f,S118,annex_i,no,no,False,True,True
gemini3f,S118,annex_iii,none,none,False,True,True
gemini3f,S118,derogation,not_applicable,not_applicable,False,True,True
gemini3f,S118,profiling,not_applicable,not_applicable,False,True,True
gemini3f,S118,art50,yes,yes,False,True,True
gemini3f,S119,art5,no,no,False,True,True
gemini3f,S119,annex_i,no,no,False,True,True
gemini3f,S119,annex_iii,none,none,False,True,True
gemini3f,S119,derogation,not_applicable,not_applicable,False,True,True
gemini3f,S119,profiling,not_applicable,not_applicable,False,True,True
gemini3f,S119,art50,yes,yes,False,True,True
gemini3f,S120,art5,no,no,False,True,False
gemini3f,S120,annex_i,no,no,False,True,False
gemini3f,S120,annex_iii,law_enforcement,migration,False,False,False
gemini3f,S120,derogation,applies,does_not_apply,False,False,False
gemini3f,S120,profiling,no,no,False,True,False
gemini3f,S120,art50,yes,yes,False,True,False
gemini3f,S121,art5,no,no,False,True,True
gemini3f,S121,annex_i,no,no,False,True,True
gemini3f,S121,annex_iii,none,none,False,True,True
gemini3f,S121,derogation,not_applicable,not_applicable,False,True,True
gemini3f,S121,profiling,not_applicable,not_applicable,False,True,True
gemini3f,S121,art50,yes,yes,False,True,True
gemini3f,S122,art5,no,no,False,True,True
gemini3f,S122,annex_i,no,no,False,True,True
gemini3f,S122,annex_iii,none,none,False,True,True
gemini3f,S122,derogation,not_applicable,not_applicable,False,True,True
gemini3f,S122,profiling,not_applicable,not_applicable,False,True,True
gemini3f,S122,art50,yes,yes,False,True,True
gemini3f,S123,art5,yes,no,False,False,False
gemini3f,S123,annex_i,no,no,False,True,False
gemini3f,S123,annex_iii,biometrics,migration,False,False,False
gemini3f,S123,derogation,not_applicable,does_not_apply,False,False,False
gemini3f,S123,profiling,not_applicable,yes,False,False,False
gemini3f,S123,art50,no,yes,False,False,False
gemini3f,S124,art5,no,no,False,True,True
gemini3f,S124,annex_i,no,no,False,True,True
gemini3f,S124,annex_iii,none,none,False,True,True
gemini3f,S124,derogation,not_applicable,not_applicable,False,True,True
gemini3f,S124,profiling,not_applicable,not_applicable,False,True,True
gemini3f,S124,art50,yes,yes,False,True,True
gemini3f,S125,art5,no,no,False,True,True
gemini3f,S125,annex_i,no,no,False,True,True
gemini3f,S125,annex_iii,none,none,False,True,True
gemini3f,S125,derogation,not_applicable,not_applicable,False,True,True
gemini3f,S125,profiling,not_applicable,not_applicable,False,True,True
gemini3f,S125,art50,yes,yes,False,True,True
gemini3f,S126,art5,no,no,False,True,True
gemini3f,S126,annex_i,no,no,False,True,True
gemini3f,S126,annex_iii,none,none,False,True,True
gemini3f,S126,derogation,not_applicable,not_applicable,False,True,True
gemini3f,S126,profiling,not_applicable,not_applicable,False,True,True
gemini3f,S126,art50,yes,yes,False,True,True
gemini3f,S127,art5,yes,unclear,False,False,False
gemini3f,S127,annex_i,no,no,False,True,False
gemini3f,S127,annex_iii,none,none,False,True,False
gemini3f,S127,derogation,not_applicable,not_applicable,False,True,False
gemini3f,S127,profiling,not_applicable,not_applicable,False,True,False
gemini3f,S127,art50,no,no,False,True,False
gemini3f,S128,art5,no,no,False,True,True
gemini3f,S128,annex_i,no,no,False,True,True
gemini3f,S128,annex_iii,none,none,False,True,True
gemini3f,S128,derogation,not_applicable,not_applicable,False,True,True
gemini3f,S128,profiling,not_applicable,not_applicable,False,True,True
gemini3f,S128,art50,yes,yes,False,True,True
gemini3f,S129,art5,no,no,False,True,True
gemini3f,S129,annex_i,no,no,False,True,True
gemini3f,S129,annex_iii,none,none,False,True,True
gemini3f,S129,derogation,not_applicable,not_applicable,False,True,True
gemini3f,S129,profiling,not_applicable,not_applicable,False,True,True
gemini3f,S129,art50,yes,yes,False,True,True
gemini3f,S130,art5,no,no,False,True,True
gemini3f,S130,annex_i,no,no,False,True,True
gemini3f,S130,annex_iii,none,none,False,True,True
gemini3f,S130,derogation,not_applicable,not_applicable,False,True,True
gemini3f,S130,profiling,not_applicable,not_applicable,False,True,True
gemini3f,S130,art50,yes,yes,False,True,True
gemini3f,S131,art5,yes,no,False,False,False
gemini3f,S131,annex_i,no,no,False,True,False
gemini3f,S131,annex_iii,none,none,False,True,False
gemini3f,S131,derogation,not_applicable,not_applicable,False,True,False
gemini3f,S131,profiling,not_applicable,not_applicable,False,True,False
gemini3f,S131,art50,yes,yes,False,True,False
gemini3f,S132,art5,no,no,False,True,True
gemini3f,S132,annex_i,no,no,False,True,True
gemini3f,S132,annex_iii,none,none,False,True,True
gemini3f,S132,derogation,not_applicable,not_applicable,False,True,True
gemini3f,S132,profiling,not_applicable,not_applicable,False,True,True
gemini3f,S132,art50,yes,yes,False,True,True
gemini3f,S133,art5,no,no,False,True,True
gemini3f,S133,annex_i,no,no,False,True,True
gemini3f,S133,annex_iii,none,none,False,True,True
gemini3f,S133,derogation,not_applicable,not_applicable,False,True,True
gemini3f,S133,profiling,not_applicable,not_applicable,False,True,True
gemini3f,S133,art50,yes,yes,False,True,True
gemini3f,S134,art5,no,no,False,True,True
gemini3f,S134,annex_i,no,no,False,True,True
gemini3f,S134,annex_iii,none,none,False,True,True
gemini3f,S134,derogation,not_applicable,not_applicable,False,True,True
gemini3f,S134,profiling,not_applicable,not_applicable,False,True,True
gemini3f,S134,art50,yes,yes,False,True,True
gemini3f,S135,art5,no,no,False,True,True
gemini3f,S135,annex_i,no,no,False,True,True
gemini3f,S135,annex_iii,none,none,False,True,True
gemini3f,S135,derogation,not_applicable,not_applicable,False,True,True
gemini3f,S135,profiling,not_applicable,not_applicable,False,True,True
gemini3f,S135,art50,yes,yes,False,True,True
gemini3f,S136,art5,no,no,False,True,True
gemini3f,S136,annex_i,no,no,False,True,True
gemini3f,S136,annex_iii,none,none,False,True,True
gemini3f,S136,derogation,not_applicable,not_applicable,False,True,True
gemini3f,S136,profiling,not_applicable,not_applicable,False,True,True
gemini3f,S136,art50,yes,yes,False,True,True
gemini3f,S137,art5,no,no,False,True,True
gemini3f,S137,annex_i,no,no,False,True,True
gemini3f,S137,annex_iii,none,none,False,True,True
gemini3f,S137,derogation,not_applicable,not_applicable,False,True,True
gemini3f,S137,profiling,not_applicable,not_applicable,False,True,True
gemini3f,S137,art50,yes,yes,False,True,True
gemini3f,S138,art5,no,no,False,True,True
gemini3f,S138,annex_i,yes,yes,False,True,True
gemini3f,S138,annex_iii,none,critical_infrastructure,False,False,True
gemini3f,S138,derogation,not_applicable,not_applicable,False,True,True
gemini3f,S138,profiling,not_applicable,not_applicable,False,True,True
gemini3f,S138,art50,no,no,False,True,True
gemini3f,S139,art5,no,no,False,True,True
gemini3f,S139,annex_i,no,no,False,True,True
gemini3f,S139,annex_iii,none,migration,False,False,True
gemini3f,S139,derogation,not_applicable,applies,False,False,True
gemini3f,S139,profiling,not_applicable,no,False,False,True
gemini3f,S139,art50,yes,yes,False,True,True
gemini3f,S140,art5,no,no,False,True,False
gemini3f,S140,annex_i,unclear,no,False,False,False
gemini3f,S140,annex_iii,unclear,none,False,False,False
gemini3f,S140,derogation,unclear,not_applicable,False,False,False
gemini3f,S140,profiling,unclear,not_applicable,False,False,False
gemini3f,S140,art50,unclear,yes,False,False,False
gemini3f,S141,art5,no,no,False,True,True
gemini3f,S141,annex_i,no,no,False,True,True
gemini3f,S141,annex_iii,none,none,False,True,True
gemini3f,S141,derogation,not_applicable,not_applicable,False,True,True
gemini3f,S141,profiling,not_applicable,not_applicable,False,True,True
gemini3f,S141,art50,yes,yes,False,True,True
gemini3f,S142,art5,no,no,False,True,True
gemini3f,S142,annex_i,yes,yes,False,True,True
gemini3f,S142,annex_iii,none,critical_infrastructure,False,False,True
gemini3f,S142,derogation,not_applicable,not_applicable,False,True,True
gemini3f,S142,profiling,not_applicable,not_applicable,False,True,True
gemini3f,S142,art50,no,no,False,True,True
gemini3f,S143,art5,yes,unclear,False,False,False
gemini3f,S143,annex_i,no,no,False,True,False
gemini3f,S143,annex_iii,none,justice_democracy,False,False,False
gemini3f,S143,derogation,not_applicable,does_not_apply,False,False,False
gemini3f,S143,profiling,not_applicable,no,False,False,False
gemini3f,S143,art50,yes,yes,False,True,False
gemini3f,S144,art5,no,no,False,True,False
gemini3f,S144,annex_i,no,no,False,True,False
gemini3f,S144,annex_iii,none,employment,False,False,False
gemini3f,S144,derogation,not_applicable,does_not_apply,False,False,False
gemini3f,S144,profiling,not_applicable,yes,False,False,False
gemini3f,S144,art50,no,no,False,True,False
gemini3f,S145,art5,no,no,False,True,True
gemini3f,S145,annex_i,no,no,False,True,True
gemini3f,S145,annex_iii,none,none,False,True,True
gemini3f,S145,derogation,not_applicable,not_applicable,False,True,True
gemini3f,S145,profiling,not_applicable,not_applicable,False,True,True
gemini3f,S145,art50,yes,yes,False,True,True
gemini3f,S146,art5,no,no,False,True,True
gemini3f,S146,annex_i,yes,yes,False,True,True
gemini3f,S146,annex_iii,none,critical_infrastructure,False,False,True
gemini3f,S146,derogation,not_applicable,not_applicable,False,True,True
gemini3f,S146,profiling,not_applicable,not_applicable,False,True,True
gemini3f,S146,art50,no,no,False,True,True
gemini3f,S147,art5,no,no,False,True,True
gemini3f,S147,annex_i,no,no,False,True,True
gemini3f,S147,annex_iii,none,none,False,True,True
gemini3f,S147,derogation,not_applicable,not_applicable,False,True,True
gemini3f,S147,profiling,not_applicable,not_applicable,False,True,True
gemini3f,S147,art50,yes,yes,False,True,True
gemini3f,S148,art5,no,no,False,True,True
gemini3f,S148,annex_i,no,no,False,True,True
gemini3f,S148,annex_iii,none,none,False,True,True
gemini3f,S148,derogation,not_applicable,not_applicable,False,True,True
gemini3f,S148,profiling,not_applicable,not_applicable,False,True,True
gemini3f,S148,art50,yes,yes,False,True,True
gemini3f,S149,art5,no,no,False,True,True
gemini3f,S149,annex_i,no,no,False,True,True
gemini3f,S149,annex_iii,none,none,False,True,True
gemini3f,S149,derogation,not_applicable,not_applicable,False,True,True
gemini3f,S149,profiling,not_applicable,not_applicable,False,True,True
gemini3f,S149,art50,yes,yes,False,True,True
gemini3f,S150,art5,no,no,False,True,True
gemini3f,S150,annex_i,no,no,False,True,True
gemini3f,S150,annex_iii,none,none,False,True,True
gemini3f,S150,derogation,not_applicable,not_applicable,False,True,True
gemini3f,S150,profiling,not_applicable,not_applicable,False,True,True
gemini3f,S150,art50,yes,yes,False,True,True
gemma27b,S001,art5,no,no,False,True,True
gemma27b,S001,annex_i,no,no,False,True,True
gemma27b,S001,annex_iii,none,none,False,True,True
gemma27b,S001,derogation,not_applicable,not_applicable,False,True,True
gemma27b,S001,profiling,not_applicable,not_applicable,False,True,True
gemma27b,S001,art50,no,no,False,True,True
gemma27b,S002,art5,no,no,False,True,True
gemma27b,S002,annex_i,no,no,False,True,True
gemma27b,S002,annex_iii,none,none,False,True,True
gemma27b,S002,derogation,not_applicable,not_applicable,False,True,True
gemma27b,S002,profiling,not_applicable,no,False,False,True
gemma27b,S002,art50,yes,yes,False,True,True
gemma27b,S003,art5,no,no,False,True,True
gemma27b,S003,annex_i,no,no,False,True,True
gemma27b,S003,annex_iii,none,none,False,True,True
gemma27b,S003,derogation,not_applicable,not_applicable,False,True,True
gemma27b,S003,profiling,not_applicable,not_applicable,False,True,True
gemma27b,S003,art50,yes,yes,False,True,True
gemma27b,S004,art5,no,unclear,False,False,False
gemma27b,S004,annex_i,no,no,False,True,False
gemma27b,S004,annex_iii,none,none,False,True,False
gemma27b,S004,derogation,not_applicable,not_applicable,False,True,False
gemma27b,S004,profiling,not_applicable,no,False,False,False
gemma27b,S004,art50,yes,no,False,False,False
gemma27b,S005,art5,no,no,False,True,True
gemma27b,S005,annex_i,no,unclear,False,False,True
gemma27b,S005,annex_iii,migration,biometrics,False,False,True
gemma27b,S005,derogation,does_not_apply,not_applicable,False,False,True
gemma27b,S005,profiling,no,yes,False,False,True
gemma27b,S005,art50,no,no,False,True,True
gemma27b,S006,art5,no,no,False,True,True
gemma27b,S006,annex_i,no,no,False,True,True
gemma27b,S006,annex_iii,essential_services,essential_services,False,True,True
gemma27b,S006,derogation,does_not_apply,does_not_apply,False,True,True
gemma27b,S006,profiling,yes,yes,False,True,True
gemma27b,S006,art50,no,no,False,True,True
gemma27b,S007,art5,no,no,False,True,True
gemma27b,S007,annex_i,no,unclear,False,False,True
gemma27b,S007,annex_iii,migration,biometrics,False,False,True
gemma27b,S007,derogation,does_not_apply,not_applicable,False,False,True
gemma27b,S007,profiling,no,yes,False,False,True
gemma27b,S007,art50,no,no,False,True,True
gemma27b,S008,art5,no,no,False,True,True
gemma27b,S008,annex_i,yes,yes,False,True,True
gemma27b,S008,annex_iii,none,critical_infrastructure,False,False,True
gemma27b,S008,derogation,not_applicable,not_applicable,False,True,True
gemma27b,S008,profiling,not_applicable,not_applicable,False,True,True
gemma27b,S008,art50,no,no,False,True,True
gemma27b,S009,art5,no,no,False,True,True
gemma27b,S009,annex_i,yes,yes,False,True,True
gemma27b,S009,annex_iii,none,none,False,True,True
gemma27b,S009,derogation,not_applicable,not_applicable,False,True,True
gemma27b,S009,profiling,not_applicable,not_applicable,False,True,True
gemma27b,S009,art50,no,no,False,True,True
gemma27b,S010,art5,yes,no,False,False,False
gemma27b,S010,annex_i,no,unclear,False,False,False
gemma27b,S010,annex_iii,biometrics,biometrics,False,True,False
gemma27b,S010,derogation,not_applicable,not_applicable,False,True,False
gemma27b,S010,profiling,not_applicable,yes,False,False,False
gemma27b,S010,art50,yes,no,False,False,False
gemma27b,S011,art5,no,no,False,True,True
gemma27b,S011,annex_i,no,unclear,False,False,True
gemma27b,S011,annex_iii,biometrics,biometrics,False,True,True
gemma27b,S011,derogation,does_not_apply,not_applicable,False,False,True
gemma27b,S011,profiling,no,yes,False,False,True
gemma27b,S011,art50,no,no,False,True,True
gemma27b,S012,art5,no,no,False,True,True
gemma27b,S012,annex_i,no,unclear,False,False,True
gemma27b,S012,annex_iii,essential_services,essential_services,False,True,True
gemma27b,S012,derogation,does_not_apply,does_not_apply,False,True,True
gemma27b,S012,profiling,yes,yes,False,True,True
gemma27b,S012,art50,no,no,False,True,True
gemma27b,S013,art5,no,no,False,True,True
gemma27b,S013,annex_i,no,unclear,False,False,True
gemma27b,S013,annex_iii,law_enforcement,law_enforcement,False,True,True
gemma27b,S013,derogation,does_not_apply,not_applicable,False,False,True
gemma27b,S013,profiling,no,no,False,True,True
gemma27b,S013,art50,no,no,False,True,True
gemma27b,S014,art5,no,no,False,True,False
gemma27b,S014,annex_i,no,no,False,True,False
gemma27b,S014,annex_iii,none,none,False,True,False
gemma27b,S014,derogation,not_applicable,not_applicable,False,True,False
gemma27b,S014,profiling,not_applicable,not_applicable,False,True,False
gemma27b,S014,art50,no,no,False,True,False
gemma27b,S015,art5,no,yes,False,False,False
gemma27b,S015,annex_i,no,no,False,True,False
gemma27b,S015,annex_iii,none,none,False,True,False
gemma27b,S015,derogation,not_applicable,not_applicable,False,True,False
gemma27b,S015,profiling,not_applicable,not_applicable,False,True,False
gemma27b,S015,art50,no,no,False,True,False
gemma27b,S016,art5,no,no,False,True,True
gemma27b,S016,annex_i,yes,yes,False,True,True
gemma27b,S016,annex_iii,none,none,False,True,True
gemma27b,S016,derogation,not_applicable,not_applicable,False,True,True
gemma27b,S016,profiling,not_applicable,not_applicable,False,True,True
gemma27b,S016,art50,no,no,False,True,True
gemma27b,S017,art5,no,no,False,True,True
gemma27b,S017,annex_i,no,unclear,False,False,True
gemma27b,S017,annex_iii,biometrics,biometrics,False,True,True
gemma27b,S017,derogation,does_not_apply,not_applicable,False,False,True
gemma27b,S017,profiling,no,yes,False,False,True
gemma27b,S017,art50,no,no,False,True,True
gemma27b,S018,art5,no,no,False,True,True
gemma27b,S018,annex_i,no,no,False,True,True
gemma27b,S018,annex_iii,none,none,False,True,True
gemma27b,S018,derogation,not_applicable,not_applicable,False,True,True
gemma27b,S018,profiling,not_applicable,not_applicable,False,True,True
gemma27b,S018,art50,yes,yes,False,True,True
gemma27b,S020,art5,no,no,False,True,True
gemma27b,S020,annex_i,no,unclear,False,False,True
gemma27b,S020,annex_iii,none,none,False,True,True
gemma27b,S020,derogation,not_applicable,not_applicable,False,True,True
gemma27b,S020,profiling,not_applicable,not_applicable,False,True,True
gemma27b,S020,art50,no,no,False,True,True
gemma27b,S021,art5,no,no,False,True,True
gemma27b,S021,annex_i,no,unclear,False,False,True
gemma27b,S021,annex_iii,migration,migration,False,True,True
gemma27b,S021,derogation,does_not_apply,does_not_apply,False,True,True
gemma27b,S021,profiling,yes,yes,False,True,True
gemma27b,S021,art50,no,no,False,True,True
gemma27b,S022,art5,no,no,False,True,True
gemma27b,S022,annex_i,no,unclear,False,False,True
gemma27b,S022,annex_iii,biometrics,law_enforcement,False,False,True
gemma27b,S022,derogation,does_not_apply,not_applicable,False,False,True
gemma27b,S022,profiling,no,yes,False,False,True
gemma27b,S022,art50,no,yes,False,False,True
gemma27b,S023,art5,no,no,False,True,True
gemma27b,S023,annex_i,no,no,False,True,True
gemma27b,S023,annex_iii,biometrics,education,False,False,True
gemma27b,S023,derogation,does_not_apply,not_applicable,False,False,True
gemma27b,S023,profiling,no,yes,False,False,True
gemma27b,S023,art50,no,yes,False,False,True
gemma27b,S024,art5,no,no,False,True,False
gemma27b,S024,annex_i,no,no,False,True,False
gemma27b,S024,annex_iii,none,education,False,False,False
gemma27b,S024,derogation,not_applicable,does_not_apply,False,False,False
gemma27b,S024,profiling,not_applicable,yes,False,False,False
gemma27b,S024,art50,no,no,False,True,False
gemma27b,S025,art5,yes,no,False,False,False
gemma27b,S025,annex_i,no,unclear,False,False,False
gemma27b,S025,annex_iii,biometrics,law_enforcement,False,False,False
gemma27b,S025,derogation,not_applicable,not_applicable,False,True,False
gemma27b,S025,profiling,not_applicable,yes,False,False,False
gemma27b,S025,art50,no,no,False,True,False
gemma27b,S027,art5,no,no,False,True,True
gemma27b,S027,annex_i,no,unclear,False,False,True
gemma27b,S027,annex_iii,migration,migration,False,True,True
gemma27b,S027,derogation,does_not_apply,not_applicable,False,False,True
gemma27b,S027,profiling,yes,yes,False,True,True
gemma27b,S027,art50,no,no,False,True,True
gemma27b,S029,art5,no,no,False,True,False
gemma27b,S029,annex_i,no,unclear,False,False,False
gemma27b,S029,annex_iii,none,none,False,True,False
gemma27b,S029,derogation,not_applicable,not_applicable,False,True,False
gemma27b,S029,profiling,not_applicable,no,False,False,False
gemma27b,S029,art50,yes,no,False,False,False
gemma27b,S030,art5,no,no,False,True,True
gemma27b,S030,annex_i,yes,yes,False,True,True
gemma27b,S030,annex_iii,none,none,False,True,True
gemma27b,S030,derogation,not_applicable,not_applicable,False,True,True
gemma27b,S030,profiling,not_applicable,not_applicable,False,True,True
gemma27b,S030,art50,no,no,False,True,True
gemma27b,S031,art5,no,no,False,True,True
gemma27b,S031,annex_i,no,unclear,False,False,True
gemma27b,S031,annex_iii,biometrics,biometrics,False,True,True
gemma27b,S031,derogation,does_not_apply,not_applicable,False,False,True
gemma27b,S031,profiling,yes,yes,False,True,True
gemma27b,S031,art50,yes,yes,False,True,True
gemma27b,S032,art5,unclear,no,False,False,True
gemma27b,S032,annex_i,no,unclear,False,False,True
gemma27b,S032,annex_iii,biometrics,law_enforcement,False,False,True
gemma27b,S032,derogation,does_not_apply,not_applicable,False,False,True
gemma27b,S032,profiling,no,yes,False,False,True
gemma27b,S032,art50,no,no,False,True,True
gemma27b,S033,art5,no,no,False,True,True
gemma27b,S033,annex_i,no,unclear,False,False,True
gemma27b,S033,annex_iii,biometrics,law_enforcement,False,False,True
gemma27b,S033,derogation,does_not_apply,not_applicable,False,False,True
gemma27b,S033,profiling,no,yes,False,False,True
gemma27b,S033,art50,no,yes,False,False,True
gemma27b,S034,art5,no,no,False,True,True
gemma27b,S034,annex_i,no,no,False,True,True
gemma27b,S034,annex_iii,employment,employment,False,True,True
gemma27b,S034,derogation,does_not_apply,does_not_apply,False,True,True
gemma27b,S034,profiling,yes,yes,False,True,True
gemma27b,S034,art50,no,no,False,True,True
gemma27b,S035,art5,no,unclear,False,False,True
gemma27b,S035,annex_i,no,no,False,True,True
gemma27b,S035,annex_iii,none,none,False,True,True
gemma27b,S035,derogation,not_applicable,not_applicable,False,True,True
gemma27b,S035,profiling,not_applicable,yes,False,False,True
gemma27b,S035,art50,yes,yes,False,True,True
gemma27b,S036,art5,no,no,False,True,True
gemma27b,S036,annex_i,no,unclear,False,False,True
gemma27b,S036,annex_iii,education,education,False,True,True
gemma27b,S036,derogation,does_not_apply,not_applicable,False,False,True
gemma27b,S036,profiling,yes,yes,False,True,True
gemma27b,S036,art50,no,no,False,True,True
gemma27b,S037,art5,no,no,False,True,True
gemma27b,S037,annex_i,yes,yes,False,True,True
gemma27b,S037,annex_iii,none,none,False,True,True
gemma27b,S037,derogation,not_applicable,not_applicable,False,True,True
gemma27b,S037,profiling,not_applicable,not_applicable,False,True,True
gemma27b,S037,art50,no,no,False,True,True
gemma27b,S038,art5,no,no,False,True,False
gemma27b,S038,annex_i,no,unclear,False,False,False
gemma27b,S038,annex_iii,none,biometrics,False,False,False
gemma27b,S038,derogation,not_applicable,not_applicable,False,True,False
gemma27b,S038,profiling,not_applicable,yes,False,False,False
gemma27b,S038,art50,no,yes,False,False,False
gemma27b,S039,art5,no,no,False,True,True
gemma27b,S039,annex_i,no,unclear,False,False,True
gemma27b,S039,annex_iii,migration,biometrics,False,False,True
gemma27b,S039,derogation,does_not_apply,not_applicable,False,False,True
gemma27b,S039,profiling,yes,yes,False,True,True
gemma27b,S039,art50,no,yes,False,False,True
gemma27b,S040,art5,no,no,False,True,False
gemma27b,S040,annex_i,no,unclear,False,False,False
gemma27b,S040,annex_iii,none,essential_services,False,False,False
gemma27b,S040,derogation,not_applicable,not_applicable,False,True,False
gemma27b,S040,profiling,not_applicable,no,False,False,False
gemma27b,S040,art50,no,no,False,True,False
gemma27b,S042,art5,no,no,False,True,True
gemma27b,S042,annex_i,yes,yes,False,True,True
gemma27b,S042,annex_iii,none,none,False,True,True
gemma27b,S042,derogation,not_applicable,not_applicable,False,True,True
gemma27b,S042,profiling,not_applicable,not_applicable,False,True,True
gemma27b,S042,art50,no,no,False,True,True
gemma27b,S043,art5,no,no,False,True,True
gemma27b,S043,annex_i,no,unclear,False,False,True
gemma27b,S043,annex_iii,migration,migration,False,True,True
gemma27b,S043,derogation,does_not_apply,not_applicable,False,False,True
gemma27b,S043,profiling,no,yes,False,False,True
gemma27b,S043,art50,no,yes,False,False,True
gemma27b,S044,art5,no,no,False,True,True
gemma27b,S044,annex_i,no,no,False,True,True
gemma27b,S044,annex_iii,none,none,False,True,True
gemma27b,S044,derogation,not_applicable,not_applicable,False,True,True
gemma27b,S044,profiling,not_applicable,not_applicable,False,True,True
gemma27b,S044,art50,yes,yes,False,True,True
gemma27b,S045,art5,no,no,False,True,True
gemma27b,S045,annex_i,no,no,False,True,True
gemma27b,S045,annex_iii,none,none,False,True,True
gemma27b,S045,derogation,not_applicable,not_applicable,False,True,True
gemma27b,S045,profiling,not_applicable,not_applicable,False,True,True
gemma27b,S045,art50,yes,yes,False,True,True
gemma27b,S046,art5,no,no,False,True,True
gemma27b,S046,annex_i,no,no,False,True,True
gemma27b,S046,annex_iii,essential_services,essential_services,False,True,True
gemma27b,S046,derogation,does_not_apply,does_not_apply,False,True,True
gemma27b,S046,profiling,not_applicable,yes,False,False,True
gemma27b,S046,art50,no,no,False,True,True
gemma27b,S047,art5,no,no,False,True,True
gemma27b,S047,annex_i,no,unclear,False,False,True
gemma27b,S047,annex_iii,biometrics,law_enforcement,False,False,True
gemma27b,S047,derogation,does_not_apply,not_applicable,False,False,True
gemma27b,S047,profiling,no,yes,False,False,True
gemma27b,S047,art50,no,yes,False,False,True
gemma27b,S048,art5,no,no,False,True,True
gemma27b,S048,annex_i,no,no,False,True,True
gemma27b,S048,annex_iii,none,none,False,True,True
gemma27b,S048,derogation,not_applicable,not_applicable,False,True,True
gemma27b,S048,profiling,not_applicable,not_applicable,False,True,True
gemma27b,S048,art50,yes,yes,False,True,True
gemma27b,S049,art5,no,no,False,True,True
gemma27b,S049,annex_i,no,unclear,False,False,True
gemma27b,S049,annex_iii,migration,migration,False,True,True
gemma27b,S049,derogation,does_not_apply,not_applicable,False,False,True
gemma27b,S049,profiling,no,yes,False,False,True
gemma27b,S049,art50,yes,no,False,False,True
gemma27b,S050,art5,no,no,False,True,True
gemma27b,S050,annex_i,yes,yes,False,True,True
gemma27b,S050,annex_iii,none,none,False,True,True
gemma27b,S050,derogation,not_applicable,not_applicable,False,True,True
gemma27b,S050,profiling,not_applicable,not_applicable,False,True,True
gemma27b,S050,art50,no,no,False,True,True
gemma27b,S051,art5,no,no,False,True,True
gemma27b,S051,annex_i,no,no,False,True,True
gemma27b,S051,annex_iii,essential_services,essential_services,False,True,True
gemma27b,S051,derogation,does_not_apply,does_not_apply,False,True,True
gemma27b,S051,profiling,yes,yes,False,True,True
gemma27b,S051,art50,no,no,False,True,True
gemma27b,S052,art5,no,no,False,True,True
gemma27b,S052,annex_i,yes,yes,False,True,True
gemma27b,S052,annex_iii,none,none,False,True,True
gemma27b,S052,derogation,not_applicable,not_applicable,False,True,True
gemma27b,S052,profiling,not_applicable,not_applicable,False,True,True
gemma27b,S052,art50,no,no,False,True,True
gemma27b,S053,art5,unclear,no,False,False,True
gemma27b,S053,annex_i,no,no,False,True,True
gemma27b,S053,annex_iii,none,none,False,True,True
gemma27b,S053,derogation,not_applicable,not_applicable,False,True,True
gemma27b,S053,profiling,not_applicable,not_applicable,False,True,True
gemma27b,S053,art50,yes,yes,False,True,True
gemma27b,S054,art5,no,no,False,True,True
gemma27b,S054,annex_i,no,no,False,True,True
gemma27b,S054,annex_iii,employment,employment,False,True,True
gemma27b,S054,derogation,does_not_apply,does_not_apply,False,True,True
gemma27b,S054,profiling,yes,yes,False,True,True
gemma27b,S054,art50,no,no,False,True,True
gemma27b,S055,art5,no,no,False,True,True
gemma27b,S055,annex_i,no,no,False,True,True
gemma27b,S055,annex_iii,none,none,False,True,True
gemma27b,S055,derogation,not_applicable,not_applicable,False,True,True
gemma27b,S055,profiling,not_applicable,not_applicable,False,True,True
gemma27b,S055,art50,no,no,False,True,True
gemma27b,S056,art5,unclear,unclear,False,True,True
gemma27b,S056,annex_i,no,no,False,True,True
gemma27b,S056,annex_iii,none,none,False,True,True
gemma27b,S056,derogation,not_applicable,not_applicable,False,True,True
gemma27b,S056,profiling,not_applicable,no,False,False,True
gemma27b,S056,art50,yes,yes,False,True,True
gemma27b,S057,art5,no,no,False,True,True
gemma27b,S057,annex_i,no,no,False,True,True
gemma27b,S057,annex_iii,none,none,False,True,True
gemma27b,S057,derogation,not_applicable,not_applicable,False,True,True
gemma27b,S057,profiling,not_applicable,no,False,False,True
gemma27b,S057,art50,yes,yes,False,True,True
gemma27b,S058,art5,no,no,False,True,False
gemma27b,S058,annex_i,no,yes,False,False,False
gemma27b,S058,annex_iii,none,none,False,True,False
gemma27b,S058,derogation,not_applicable,not_applicable,False,True,False
gemma27b,S058,profiling,not_applicable,not_applicable,False,True,False
gemma27b,S058,art50,no,no,False,True,False
gemma27b,S060,art5,no,no,False,True,True
gemma27b,S060,annex_i,no,unclear,False,False,True
gemma27b,S060,annex_iii,biometrics,biometrics,False,True,True
gemma27b,S060,derogation,does_not_apply,not_applicable,False,False,True
gemma27b,S060,profiling,yes,yes,False,True,True
gemma27b,S060,art50,no,yes,False,False,True
gemma27b,S061,art5,no,no,False,True,True
gemma27b,S061,annex_i,no,unclear,False,False,True
gemma27b,S061,annex_iii,biometrics,law_enforcement,False,False,True
gemma27b,S061,derogation,does_not_apply,not_applicable,False,False,True
gemma27b,S061,profiling,yes,yes,False,True,True
gemma27b,S061,art50,no,yes,False,False,True
gemma27b,S062,art5,no,no,False,True,True
gemma27b,S062,annex_i,yes,yes,False,True,True
gemma27b,S062,annex_iii,none,none,False,True,True
gemma27b,S062,derogation,not_applicable,not_applicable,False,True,True
gemma27b,S062,profiling,not_applicable,not_applicable,False,True,True
gemma27b,S062,art50,no,no,False,True,True
gemma27b,S063,art5,no,no,False,True,True
gemma27b,S063,annex_i,no,no,False,True,True
gemma27b,S063,annex_iii,none,none,False,True,True
gemma27b,S063,derogation,not_applicable,not_applicable,False,True,True
gemma27b,S063,profiling,not_applicable,not_applicable,False,True,True
gemma27b,S063,art50,yes,yes,False,True,True
gemma27b,S064,art5,no,no,False,True,True
gemma27b,S064,annex_i,no,no,False,True,True
gemma27b,S064,annex_iii,none,none,False,True,True
gemma27b,S064,derogation,not_applicable,not_applicable,False,True,True
gemma27b,S064,profiling,not_applicable,not_applicable,False,True,True
gemma27b,S064,art50,yes,yes,False,True,True
gemma27b,S065,art5,no,no,False,True,False
gemma27b,S065,annex_i,no,no,False,True,False
gemma27b,S065,annex_iii,none,justice_democracy,False,False,False
gemma27b,S065,derogation,not_applicable,not_applicable,False,True,False
gemma27b,S065,profiling,not_applicable,no,False,False,False
gemma27b,S065,art50,yes,yes,False,True,False
gemma27b,S066,art5,no,no,False,True,True
gemma27b,S066,annex_i,no,no,False,True,True
gemma27b,S066,annex_iii,justice_democracy,justice_democracy,False,True,True
gemma27b,S066,derogation,does_not_apply,not_applicable,False,False,True
gemma27b,S066,profiling,no,no,False,True,True
gemma27b,S066,art50,yes,yes,False,True,True
gemma27b,S068,art5,no,unclear,False,False,False
gemma27b,S068,annex_i,no,no,False,True,False
gemma27b,S068,annex_iii,none,justice_democracy,False,False,False
gemma27b,S068,derogation,not_applicable,not_applicable,False,True,False
gemma27b,S068,profiling,not_applicable,no,False,False,False
gemma27b,S068,art50,yes,yes,False,True,False
gemma27b,S069,art5,yes,unclear,False,False,False
gemma27b,S069,annex_i,no,no,False,True,False
gemma27b,S069,annex_iii,none,justice_democracy,False,False,False
gemma27b,S069,derogation,not_applicable,does_not_apply,False,False,False
gemma27b,S069,profiling,not_applicable,no,False,False,False
gemma27b,S069,art50,yes,yes,False,True,False
gemma27b,S070,art5,no,no,False,True,True
gemma27b,S070,annex_i,yes,yes,False,True,True
gemma27b,S070,annex_iii,none,none,False,True,True
gemma27b,S070,derogation,not_applicable,not_applicable,False,True,True
gemma27b,S070,profiling,not_applicable,not_applicable,False,True,True
gemma27b,S070,art50,no,no,False,True,True
gemma27b,S071,art5,no,no,False,True,True
gemma27b,S071,annex_i,yes,yes,False,True,True
gemma27b,S071,annex_iii,none,none,False,True,True
gemma27b,S071,derogation,not_applicable,not_applicable,False,True,True
gemma27b,S071,profiling,not_applicable,no,False,False,True
gemma27b,S071,art50,no,no,False,True,True
gemma27b,S072,art5,unclear,no,False,False,False
gemma27b,S072,annex_i,unclear,unclear,False,True,False
gemma27b,S072,annex_iii,unclear,law_enforcement,False,False,False
gemma27b,S072,derogation,unclear,not_applicable,False,False,False
gemma27b,S072,profiling,unclear,yes,False,False,False
gemma27b,S072,art50,unclear,no,False,False,False
gemma27b,S073,art5,no,no,False,True,True
gemma27b,S073,annex_i,no,no,False,True,True
gemma27b,S073,annex_iii,essential_services,essential_services,False,True,True
gemma27b,S073,derogation,does_not_apply,does_not_apply,False,True,True
gemma27b,S073,profiling,yes,yes,False,True,True
gemma27b,S073,art50,no,no,False,True,True
gemma27b,S074,art5,no,unclear,False,False,False
gemma27b,S074,annex_i,no,no,False,True,False
gemma27b,S074,annex_iii,none,justice_democracy,False,False,False
gemma27b,S074,derogation,not_applicable,not_applicable,False,True,False
gemma27b,S074,profiling,not_applicable,no,False,False,False
gemma27b,S074,art50,yes,yes,False,True,False
gemma27b,S075,art5,no,unclear,False,False,True
gemma27b,S075,annex_i,no,no,False,True,True
gemma27b,S075,annex_iii,none,none,False,True,True
gemma27b,S075,derogation,not_applicable,not_applicable,False,True,True
gemma27b,S075,profiling,not_applicable,no,False,False,True
gemma27b,S075,art50,yes,yes,False,True,True
gemma27b,S076,art5,no,yes,False,False,False
gemma27b,S076,annex_i,no,no,False,True,False
gemma27b,S076,annex_iii,none,none,False,True,False
gemma27b,S076,derogation,not_applicable,not_applicable,False,True,False
gemma27b,S076,profiling,not_applicable,not_applicable,False,True,False
gemma27b,S076,art50,yes,yes,False,True,False
gemma27b,S077,art5,no,yes,False,False,False
gemma27b,S077,annex_i,no,unclear,False,False,False
gemma27b,S077,annex_iii,none,education,False,False,False
gemma27b,S077,derogation,not_applicable,not_applicable,False,True,False
gemma27b,S077,profiling,not_applicable,no,False,False,False
gemma27b,S077,art50,yes,yes,False,True,False
gemma27b,S078,art5,no,no,False,True,True
gemma27b,S078,annex_i,no,unclear,False,False,True
gemma27b,S078,annex_iii,none,none,False,True,True
gemma27b,S078,derogation,not_applicable,not_applicable,False,True,True
gemma27b,S078,profiling,not_applicable,no,False,False,True
gemma27b,S078,art50,yes,yes,False,True,True
gemma27b,S079,art5,no,unclear,False,False,True
gemma27b,S079,annex_i,no,no,False,True,True
gemma27b,S079,annex_iii,none,none,False,True,True
gemma27b,S079,derogation,not_applicable,not_applicable,False,True,True
gemma27b,S079,profiling,not_applicable,no,False,False,True
gemma27b,S079,art50,yes,yes,False,True,True
gemma27b,S080,art5,no,no,False,True,True
gemma27b,S080,annex_i,no,no,False,True,True
gemma27b,S080,annex_iii,none,none,False,True,True
gemma27b,S080,derogation,not_applicable,not_applicable,False,True,True
gemma27b,S080,profiling,not_applicable,no,False,False,True
gemma27b,S080,art50,yes,yes,False,True,True
gemma27b,S081,art5,no,no,False,True,True
gemma27b,S081,annex_i,no,unclear,False,False,True
gemma27b,S081,annex_iii,law_enforcement,law_enforcement,False,True,True
gemma27b,S081,derogation,does_not_apply,not_applicable,False,False,True
gemma27b,S081,profiling,yes,no,False,False,True
gemma27b,S081,art50,no,no,False,True,True
gemma27b,S082,art5,no,no,False,True,True
gemma27b,S082,annex_i,no,no,False,True,True
gemma27b,S082,annex_iii,essential_services,essential_services,False,True,True
gemma27b,S082,derogation,does_not_apply,does_not_apply,False,True,True
gemma27b,S082,profiling,yes,yes,False,True,True
gemma27b,S082,art50,no,no,False,True,True
gemma27b,S083,art5,no,yes,False,False,False
gemma27b,S083,annex_i,no,no,False,True,False
gemma27b,S083,annex_iii,none,none,False,True,False
gemma27b,S083,derogation,not_applicable,not_applicable,False,True,False
gemma27b,S083,profiling,not_applicable,not_applicable,False,True,False
gemma27b,S083,art50,yes,yes,False,True,False
gemma27b,S084,art5,no,unclear,False,False,True
gemma27b,S084,annex_i,no,no,False,True,True
gemma27b,S084,annex_iii,none,none,False,True,True
gemma27b,S084,derogation,not_applicable,not_applicable,False,True,True
gemma27b,S084,profiling,not_applicable,no,False,False,True
gemma27b,S084,art50,yes,yes,False,True,True
gemma27b,S085,art5,no,unclear,False,False,True
gemma27b,S085,annex_i,no,no,False,True,True
gemma27b,S085,annex_iii,none,none,False,True,True
gemma27b,S085,derogation,not_applicable,not_applicable,False,True,True
gemma27b,S085,profiling,not_applicable,no,False,False,True
gemma27b,S085,art50,yes,yes,False,True,True
gemma27b,S086,art5,no,unclear,False,False,True
gemma27b,S086,annex_i,no,no,False,True,True
gemma27b,S086,annex_iii,none,none,False,True,True
gemma27b,S086,derogation,not_applicable,not_applicable,False,True,True
gemma27b,S086,profiling,not_applicable,no,False,False,True
gemma27b,S086,art50,yes,yes,False,True,True
gemma27b,S087,art5,no,no,False,True,True
gemma27b,S087,annex_i,no,no,False,True,True
gemma27b,S087,annex_iii,none,none,False,True,True
gemma27b,S087,derogation,not_applicable,not_applicable,False,True,True
gemma27b,S087,profiling,not_applicable,not_applicable,False,True,True
gemma27b,S087,art50,yes,yes,False,True,True
gemma27b,S088,art5,no,unclear,False,False,True
gemma27b,S088,annex_i,no,no,False,True,True
gemma27b,S088,annex_iii,none,none,False,True,True
gemma27b,S088,derogation,not_applicable,not_applicable,False,True,True
gemma27b,S088,profiling,not_applicable,yes,False,False,True
gemma27b,S088,art50,yes,yes,False,True,True
gemma27b,S089,art5,no,yes,False,False,False
gemma27b,S089,annex_i,no,no,False,True,False
gemma27b,S089,annex_iii,none,justice_democracy,False,False,False
gemma27b,S089,derogation,not_applicable,not_applicable,False,True,False
gemma27b,S089,profiling,not_applicable,no,False,False,False
gemma27b,S089,art50,yes,yes,False,True,False
gemma27b,S090,art5,no,no,False,True,True
gemma27b,S090,annex_i,yes,yes,False,True,True
gemma27b,S090,annex_iii,none,none,False,True,True
gemma27b,S090,derogation,not_applicable,not_applicable,False,True,True
gemma27b,S090,profiling,not_applicable,not_applicable,False,True,True
gemma27b,S090,art50,no,no,False,True,True
gemma27b,S091,art5,no,yes,False,False,False
gemma27b,S091,annex_i,no,no,False,True,False
gemma27b,S091,annex_iii,none,none,False,True,False
gemma27b,S091,derogation,not_applicable,not_applicable,False,True,False
gemma27b,S091,profiling,not_applicable,yes,False,False,False
gemma27b,S091,art50,yes,yes,False,True,False
gemma27b,S092,art5,unclear,unclear,False,True,True
gemma27b,S092,annex_i,no,no,False,True,True
gemma27b,S092,annex_iii,none,none,False,True,True
gemma27b,S092,derogation,not_applicable,not_applicable,False,True,True
gemma27b,S092,profiling,not_applicable,no,False,False,True
gemma27b,S092,art50,yes,yes,False,True,True
gemma27b,S093,art5,yes,yes,False,True,True
gemma27b,S093,annex_i,no,no,False,True,True
gemma27b,S093,annex_iii,none,none,False,True,True
gemma27b,S093,derogation,not_applicable,not_applicable,False,True,True
gemma27b,S093,profiling,not_applicable,not_applicable,False,True,True
gemma27b,S093,art50,yes,yes,False,True,True
gemma27b,S094,art5,no,unclear,False,False,False
gemma27b,S094,annex_i,no,no,False,True,False
gemma27b,S094,annex_iii,none,justice_democracy,False,False,False
gemma27b,S094,derogation,not_applicable,does_not_apply,False,False,False
gemma27b,S094,profiling,not_applicable,yes,False,False,False
gemma27b,S094,art50,yes,yes,False,True,False
gemma27b,S095,art5,yes,unclear,False,False,False
gemma27b,S095,annex_i,no,no,False,True,False
gemma27b,S095,annex_iii,none,none,False,True,False
gemma27b,S095,derogation,not_applicable,not_applicable,False,True,False
gemma27b,S095,profiling,not_applicable,no,False,False,False
gemma27b,S095,art50,yes,yes,False,True,False
gemma27b,S096,art5,no,yes,False,False,False
gemma27b,S096,annex_i,no,no,False,True,False
gemma27b,S096,annex_iii,none,justice_democracy,False,False,False
gemma27b,S096,derogation,not_applicable,not_applicable,False,True,False
gemma27b,S096,profiling,not_applicable,no,False,False,False
gemma27b,S096,art50,yes,yes,False,True,False
gemma27b,S097,art5,no,unclear,False,False,True
gemma27b,S097,annex_i,no,no,False,True,True
gemma27b,S097,annex_iii,none,none,False,True,True
gemma27b,S097,derogation,not_applicable,not_applicable,False,True,True
gemma27b,S097,profiling,not_applicable,no,False,False,True
gemma27b,S097,art50,yes,yes,False,True,True
gemma27b,S098,art5,no,no,False,True,True
gemma27b,S098,annex_i,no,no,False,True,True
gemma27b,S098,annex_iii,none,none,False,True,True
gemma27b,S098,derogation,not_applicable,not_applicable,False,True,True
gemma27b,S098,profiling,not_applicable,not_applicable,False,True,True
gemma27b,S098,art50,yes,yes,False,True,True
gemma27b,S099,art5,no,no,False,True,False
gemma27b,S099,annex_i,no,no,False,True,False
gemma27b,S099,annex_iii,none,justice_democracy,False,False,False
gemma27b,S099,derogation,not_applicable,not_applicable,False,True,False
gemma27b,S099,profiling,not_applicable,no,False,False,False
gemma27b,S099,art50,yes,no,False,False,False
gemma27b,S100,art5,no,no,False,True,False
gemma27b,S100,annex_i,no,no,False,True,False
gemma27b,S100,annex_iii,none,essential_services,False,False,False
gemma27b,S100,derogation,not_applicable,does_not_apply,False,False,False
gemma27b,S100,profiling,not_applicable,yes,False,False,False
gemma27b,S100,art50,no,no,False,True,False
gemma27b,S101,art5,no,unclear,False,False,False
gemma27b,S101,annex_i,no,no,False,True,False
gemma27b,S101,annex_iii,none,justice_democracy,False,False,False
gemma27b,S101,derogation,not_applicable,not_applicable,False,True,False
gemma27b,S101,profiling,not_applicable,no,False,False,False
gemma27b,S101,art50,yes,yes,False,True,False
gemma27b,S102,art5,no,no,False,True,True
gemma27b,S102,annex_i,no,no,False,True,True
gemma27b,S102,annex_iii,none,none,False,True,True
gemma27b,S102,derogation,not_applicable,not_applicable,False,True,True
gemma27b,S102,profiling,not_applicable,not_applicable,False,True,True
gemma27b,S102,art50,yes,yes,False,True,True
gemma27b,S103,art5,no,no,False,True,True
gemma27b,S103,annex_i,no,no,False,True,True
gemma27b,S103,annex_iii,none,none,False,True,True
gemma27b,S103,derogation,not_applicable,not_applicable,False,True,True
gemma27b,S103,profiling,not_applicable,no,False,False,True
gemma27b,S103,art50,yes,yes,False,True,True
gemma27b,S104,art5,no,no,False,True,True
gemma27b,S104,annex_i,no,no,False,True,True
gemma27b,S104,annex_iii,none,none,False,True,True
gemma27b,S104,derogation,not_applicable,not_applicable,False,True,True
gemma27b,S104,profiling,not_applicable,not_applicable,False,True,True
gemma27b,S104,art50,yes,yes,False,True,True
gemma27b,S105,art5,no,unclear,False,False,False
gemma27b,S105,annex_i,no,no,False,True,False
gemma27b,S105,annex_iii,none,justice_democracy,False,False,False
gemma27b,S105,derogation,not_applicable,does_not_apply,False,False,False
gemma27b,S105,profiling,not_applicable,no,False,False,False
gemma27b,S105,art50,yes,yes,False,True,False
gemma27b,S106,art5,yes,unclear,False,False,False
gemma27b,S106,annex_i,no,no,False,True,False
gemma27b,S106,annex_iii,none,none,False,True,False
gemma27b,S106,derogation,not_applicable,not_applicable,False,True,False
gemma27b,S106,profiling,not_applicable,no,False,False,False
gemma27b,S106,art50,yes,no,False,False,False
gemma27b,S107,art5,no,no,False,True,False
gemma27b,S107,annex_i,no,no,False,True,False
gemma27b,S107,annex_iii,none,justice_democracy,False,False,False
gemma27b,S107,derogation,not_applicable,not_applicable,False,True,False
gemma27b,S107,profiling,not_applicable,no,False,False,False
gemma27b,S107,art50,yes,yes,False,True,False
gemma27b,S108,art5,no,no,False,True,True
gemma27b,S108,annex_i,no,no,False,True,True
gemma27b,S108,annex_iii,none,none,False,True,True
gemma27b,S108,derogation,not_applicable,not_applicable,False,True,True
gemma27b,S108,profiling,not_applicable,not_applicable,False,True,True
gemma27b,S108,art50,yes,yes,False,True,True
gemma27b,S109,art5,no,no,False,True,True
gemma27b,S109,annex_i,no,unclear,False,False,True
gemma27b,S109,annex_iii,none,none,False,True,True
gemma27b,S109,derogation,not_applicable,not_applicable,False,True,True
gemma27b,S109,profiling,not_applicable,not_applicable,False,True,True
gemma27b,S109,art50,yes,yes,False,True,True
gemma27b,S110,art5,no,no,False,True,False
gemma27b,S110,annex_i,unclear,unclear,False,True,False
gemma27b,S110,annex_iii,none,essential_services,False,False,False
gemma27b,S110,derogation,not_applicable,not_applicable,False,True,False
gemma27b,S110,profiling,not_applicable,no,False,False,False
gemma27b,S110,art50,yes,no,False,False,False
gemma27b,S111,art5,no,unclear,False,False,False
gemma27b,S111,annex_i,no,no,False,True,False
gemma27b,S111,annex_iii,none,none,False,True,False
gemma27b,S111,derogation,not_applicable,not_applicable,False,True,False
gemma27b,S111,profiling,not_applicable,yes,False,False,False
gemma27b,S111,art50,yes,yes,False,True,False
gemma27b,S112,art5,no,no,False,True,False
gemma27b,S112,annex_i,no,unclear,False,False,False
gemma27b,S112,annex_iii,none,none,False,True,False
gemma27b,S112,derogation,not_applicable,not_applicable,False,True,False
gemma27b,S112,profiling,not_applicable,no,False,False,False
gemma27b,S112,art50,yes,no,False,False,False
gemma27b,S113,art5,no,no,False,True,False
gemma27b,S113,annex_i,no,no,False,True,False
gemma27b,S113,annex_iii,none,law_enforcement,False,False,False
gemma27b,S113,derogation,not_applicable,not_applicable,False,True,False
gemma27b,S113,profiling,not_applicable,yes,False,False,False
gemma27b,S113,art50,yes,no,False,False,False
gemma27b,S114,art5,no,no,False,True,True
gemma27b,S114,annex_i,no,no,False,True,True
gemma27b,S114,annex_iii,none,none,False,True,True
gemma27b,S114,derogation,not_applicable,not_applicable,False,True,True
gemma27b,S114,profiling,not_applicable,not_applicable,False,True,True
gemma27b,S114,art50,yes,yes,False,True,True
gemma27b,S115,art5,no,no,False,True,True
gemma27b,S115,annex_i,no,unclear,False,False,True
gemma27b,S115,annex_iii,none,none,False,True,True
gemma27b,S115,derogation,not_applicable,not_applicable,False,True,True
gemma27b,S115,profiling,not_applicable,no,False,False,True
gemma27b,S115,art50,yes,yes,False,True,True
gemma27b,S116,art5,no,no,False,True,True
gemma27b,S116,annex_i,no,no,False,True,True
gemma27b,S116,annex_iii,none,none,False,True,True
gemma27b,S116,derogation,not_applicable,not_applicable,False,True,True
gemma27b,S116,profiling,not_applicable,not_applicable,False,True,True
gemma27b,S116,art50,yes,yes,False,True,True
gemma27b,S117,art5,no,unclear,False,False,True
gemma27b,S117,annex_i,no,no,False,True,True
gemma27b,S117,annex_iii,none,none,False,True,True
gemma27b,S117,derogation,not_applicable,not_applicable,False,True,True
gemma27b,S117,profiling,not_applicable,not_applicable,False,True,True
gemma27b,S117,art50,yes,yes,False,True,True
gemma27b,S118,art5,no,unclear,False,False,True
gemma27b,S118,annex_i,no,no,False,True,True
gemma27b,S118,annex_iii,none,none,False,True,True
gemma27b,S118,derogation,not_applicable,not_applicable,False,True,True
gemma27b,S118,profiling,not_applicable,no,False,False,True
gemma27b,S118,art50,yes,yes,False,True,True
gemma27b,S119,art5,no,no,False,True,False
gemma27b,S119,annex_i,no,no,False,True,False
gemma27b,S119,annex_iii,none,essential_services,False,False,False
gemma27b,S119,derogation,not_applicable,not_applicable,False,True,False
gemma27b,S119,profiling,not_applicable,yes,False,False,False
gemma27b,S119,art50,yes,yes,False,True,False
gemma27b,S120,art5,no,no,False,True,False
gemma27b,S120,annex_i,no,no,False,True,False
gemma27b,S120,annex_iii,law_enforcement,law_enforcement,False,True,False
gemma27b,S120,derogation,applies,does_not_apply,False,False,False
gemma27b,S120,profiling,no,no,False,True,False
gemma27b,S120,art50,yes,yes,False,True,False
gemma27b,S121,art5,no,no,False,True,True
gemma27b,S121,annex_i,no,no,False,True,True
gemma27b,S121,annex_iii,none,none,False,True,True
gemma27b,S121,derogation,not_applicable,not_applicable,False,True,True
gemma27b,S121,profiling,not_applicable,not_applicable,False,True,True
gemma27b,S121,art50,yes,yes,False,True,True
gemma27b,S122,art5,no,no,False,True,True
gemma27b,S122,annex_i,no,no,False,True,True
gemma27b,S122,annex_iii,none,none,False,True,True
gemma27b,S122,derogation,not_applicable,not_applicable,False,True,True
gemma27b,S122,profiling,not_applicable,not_applicable,False,True,True
gemma27b,S122,art50,yes,yes,False,True,True
gemma27b,S123,art5,yes,no,False,False,False
gemma27b,S123,annex_i,no,unclear,False,False,False
gemma27b,S123,annex_iii,biometrics,migration,False,False,False
gemma27b,S123,derogation,not_applicable,not_applicable,False,True,False
gemma27b,S123,profiling,not_applicable,yes,False,False,False
gemma27b,S123,art50,no,yes,False,False,False
gemma27b,S124,art5,no,no,False,True,True
gemma27b,S124,annex_i,no,no,False,True,True
gemma27b,S124,annex_iii,none,none,False,True,True
gemma27b,S124,derogation,not_applicable,not_applicable,False,True,True
gemma27b,S124,profiling,not_applicable,not_applicable,False,True,True
gemma27b,S124,art50,yes,yes,False,True,True
gemma27b,S125,art5,no,no,False,True,True
gemma27b,S125,annex_i,no,no,False,True,True
gemma27b,S125,annex_iii,none,none,False,True,True
gemma27b,S125,derogation,not_applicable,not_applicable,False,True,True
gemma27b,S125,profiling,not_applicable,not_applicable,False,True,True
gemma27b,S125,art50,yes,yes,False,True,True
gemma27b,S126,art5,no,unclear,False,False,False
gemma27b,S126,annex_i,no,no,False,True,False
gemma27b,S126,annex_iii,none,justice_democracy,False,False,False
gemma27b,S126,derogation,not_applicable,does_not_apply,False,False,False
gemma27b,S126,profiling,not_applicable,no,False,False,False
gemma27b,S126,art50,yes,yes,False,True,False
gemma27b,S127,art5,yes,unclear,False,False,False
gemma27b,S127,annex_i,no,no,False,True,False
gemma27b,S127,annex_iii,none,essential_services,False,False,False
gemma27b,S127,derogation,not_applicable,does_not_apply,False,False,False
gemma27b,S127,profiling,not_applicable,yes,False,False,False
gemma27b,S127,art50,no,no,False,True,False
gemma27b,S128,art5,no,no,False,True,True
gemma27b,S128,annex_i,no,no,False,True,True
gemma27b,S128,annex_iii,none,none,False,True,True
gemma27b,S128,derogation,not_applicable,not_applicable,False,True,True
gemma27b,S128,profiling,not_applicable,not_applicable,False,True,True
gemma27b,S128,art50,yes,yes,False,True,True
gemma27b,S129,art5,no,unclear,False,False,True
gemma27b,S129,annex_i,no,no,False,True,True
gemma27b,S129,annex_iii,none,none,False,True,True
gemma27b,S129,derogation,not_applicable,not_applicable,False,True,True
gemma27b,S129,profiling,not_applicable,not_applicable,False,True,True
gemma27b,S129,art50,yes,yes,False,True,True
gemma27b,S130,art5,no,no,False,True,False
gemma27b,S130,annex_i,no,unclear,False,False,False
gemma27b,S130,annex_iii,none,none,False,True,False
gemma27b,S130,derogation,not_applicable,not_applicable,False,True,False
gemma27b,S130,profiling,not_applicable,no,False,False,False
gemma27b,S130,art50,yes,no,False,False,False
gemma27b,S131,art5,yes,unclear,False,False,False
gemma27b,S131,annex_i,no,no,False,True,False
gemma27b,S131,annex_iii,none,none,False,True,False
gemma27b,S131,derogation,not_applicable,not_applicable,False,True,False
gemma27b,S131,profiling,not_applicable,no,False,False,False
gemma27b,S131,art50,yes,yes,False,True,False
gemma27b,S132,art5,no,unclear,False,False,False
gemma27b,S132,annex_i,no,no,False,True,False
gemma27b,S132,annex_iii,none,law_enforcement,False,False,False
gemma27b,S132,derogation,not_applicable,not_applicable,False,True,False
gemma27b,S132,profiling,not_applicable,no,False,False,False
gemma27b,S132,art50,yes,yes,False,True,False
gemma27b,S133,art5,no,no,False,True,True
gemma27b,S133,annex_i,no,no,False,True,True
gemma27b,S133,annex_iii,none,none,False,True,True
gemma27b,S133,derogation,not_applicable,not_applicable,False,True,True
gemma27b,S133,profiling,not_applicable,not_applicable,False,True,True
gemma27b,S133,art50,yes,yes,False,True,True
gemma27b,S134,art5,no,unclear,False,False,False
gemma27b,S134,annex_i,no,no,False,True,False
gemma27b,S134,annex_iii,none,justice_democracy,False,False,False
gemma27b,S134,derogation,not_applicable,does_not_apply,False,False,False
gemma27b,S134,profiling,not_applicable,no,False,False,False
gemma27b,S134,art50,yes,yes,False,True,False
gemma27b,S135,art5,no,no,False,True,True
gemma27b,S135,annex_i,no,no,False,True,True
gemma27b,S135,annex_iii,none,none,False,True,True
gemma27b,S135,derogation,not_applicable,not_applicable,False,True,True
gemma27b,S135,profiling,not_applicable,not_applicable,False,True,True
gemma27b,S135,art50,yes,yes,False,True,True
gemma27b,S136,art5,no,unclear,False,False,False
gemma27b,S136,annex_i,no,no,False,True,False
gemma27b,S136,annex_iii,none,justice_democracy,False,False,False
gemma27b,S136,derogation,not_applicable,not_applicable,False,True,False
gemma27b,S136,profiling,not_applicable,no,False,False,False
gemma27b,S136,art50,yes,yes,False,True,False
gemma27b,S137,art5,no,no,False,True,True
gemma27b,S137,annex_i,no,no,False,True,True
gemma27b,S137,annex_iii,none,none,False,True,True
gemma27b,S137,derogation,not_applicable,not_applicable,False,True,True
gemma27b,S137,profiling,not_applicable,not_applicable,False,True,True
gemma27b,S137,art50,yes,yes,False,True,True
gemma27b,S138,art5,no,no,False,True,True
gemma27b,S138,annex_i,yes,yes,False,True,True
gemma27b,S138,annex_iii,none,none,False,True,True
gemma27b,S138,derogation,not_applicable,not_applicable,False,True,True
gemma27b,S138,profiling,not_applicable,not_applicable,False,True,True
gemma27b,S138,art50,no,no,False,True,True
gemma27b,S139,art5,no,unclear,False,False,False
gemma27b,S139,annex_i,no,no,False,True,False
gemma27b,S139,annex_iii,none,justice_democracy,False,False,False
gemma27b,S139,derogation,not_applicable,not_applicable,False,True,False
gemma27b,S139,profiling,not_applicable,no,False,False,False
gemma27b,S139,art50,yes,yes,False,True,False
gemma27b,S140,art5,no,unclear,False,False,False
gemma27b,S140,annex_i,unclear,no,False,False,False
gemma27b,S140,annex_iii,unclear,none,False,False,False
gemma27b,S140,derogation,unclear,not_applicable,False,False,False
gemma27b,S140,profiling,unclear,no,False,False,False
gemma27b,S140,art50,unclear,no,False,False,False
gemma27b,S141,art5,no,unclear,False,False,False
gemma27b,S141,annex_i,no,no,False,True,False
gemma27b,S141,annex_iii,none,justice_democracy,False,False,False
gemma27b,S141,derogation,not_applicable,does_not_apply,False,False,False
gemma27b,S141,profiling,not_applicable,no,False,False,False
gemma27b,S141,art50,yes,yes,False,True,False
gemma27b,S142,art5,no,no,False,True,True
gemma27b,S142,annex_i,yes,yes,False,True,True
gemma27b,S142,annex_iii,none,none,False,True,True
gemma27b,S142,derogation,not_applicable,not_applicable,False,True,True
gemma27b,S142,profiling,not_applicable,not_applicable,False,True,True
gemma27b,S142,art50,no,no,False,True,True
gemma27b,S143,art5,yes,yes,False,True,True
gemma27b,S143,annex_i,no,no,False,True,True
gemma27b,S143,annex_iii,none,justice_democracy,False,False,True
gemma27b,S143,derogation,not_applicable,does_not_apply,False,False,True
gemma27b,S143,profiling,not_applicable,no,False,False,True
gemma27b,S143,art50,yes,yes,False,True,True
gemma27b,S144,art5,no,no,False,True,False
gemma27b,S144,annex_i,no,unclear,False,False,False
gemma27b,S144,annex_iii,none,employment,False,False,False
gemma27b,S144,derogation,not_applicable,does_not_apply,False,False,False
gemma27b,S144,profiling,not_applicable,yes,False,False,False
gemma27b,S144,art50,no,no,False,True,False
gemma27b,S145,art5,no,no,False,True,True
gemma27b,S145,annex_i,no,no,False,True,True
gemma27b,S145,annex_iii,none,none,False,True,True
gemma27b,S145,derogation,not_applicable,not_applicable,False,True,True
gemma27b,S145,profiling,not_applicable,not_applicable,False,True,True
gemma27b,S145,art50,yes,yes,False,True,True
gemma27b,S146,art5,no,no,False,True,True
gemma27b,S146,annex_i,yes,yes,False,True,True
gemma27b,S146,annex_iii,none,none,False,True,True
gemma27b,S146,derogation,not_applicable,not_applicable,False,True,True
gemma27b,S146,profiling,not_applicable,not_applicable,False,True,True
gemma27b,S146,art50,no,no,False,True,True
gemma27b,S147,art5,no,no,False,True,True
gemma27b,S147,annex_i,no,no,False,True,True
gemma27b,S147,annex_iii,none,none,False,True,True
gemma27b,S147,derogation,not_applicable,not_applicable,False,True,True
gemma27b,S147,profiling,not_applicable,not_applicable,False,True,True
gemma27b,S147,art50,yes,yes,False,True,True
gemma27b,S148,art5,no,unclear,False,False,True
gemma27b,S148,annex_i,no,no,False,True,True
gemma27b,S148,annex_iii,none,none,False,True,True
gemma27b,S148,derogation,not_applicable,not_applicable,False,True,True
gemma27b,S148,profiling,not_applicable,no,False,False,True
gemma27b,S148,art50,yes,yes,False,True,True
gemma27b,S149,art5,no,yes,False,False,False
gemma27b,S149,annex_i,no,unclear,False,False,False
gemma27b,S149,annex_iii,none,none,False,True,False
gemma27b,S149,derogation,not_applicable,not_applicable,False,True,False
gemma27b,S149,profiling,not_applicable,yes,False,False,False
gemma27b,S149,art50,yes,yes,False,True,False
gemma27b,S150,art5,no,no,False,True,True
gemma27b,S150,annex_i,no,no,False,True,True
gemma27b,S150,annex_iii,none,none,False,True,True
gemma27b,S150,derogation,not_applicable,not_applicable,False,True,True
gemma27b,S150,profiling,not_applicable,no,False,False,True
gemma27b,S150,art50,yes,yes,False,True,True
gpt52,S001,art5,no,no,False,True,True
gpt52,S001,annex_i,no,no,False,True,True
gpt52,S001,annex_iii,none,none,False,True,True
gpt52,S001,derogation,not_applicable,not_applicable,False,True,True
gpt52,S001,profiling,not_applicable,not_applicable,False,True,True
gpt52,S001,art50,no,no,False,True,True
gpt52,S002,art5,no,no,False,True,True
gpt52,S002,annex_i,no,no,False,True,True
gpt52,S002,annex_iii,none,none,False,True,True
gpt52,S002,derogation,not_applicable,not_applicable,False,True,True
gpt52,S002,profiling,not_applicable,not_applicable,False,True,True
gpt52,S002,art50,yes,yes,False,True,True
gpt52,S003,art5,no,no,False,True,True
gpt52,S003,annex_i,no,no,False,True,True
gpt52,S003,annex_iii,none,none,False,True,True
gpt52,S003,derogation,not_applicable,not_applicable,False,True,True
gpt52,S003,profiling,not_applicable,not_applicable,False,True,True
gpt52,S003,art50,yes,yes,False,True,True
gpt52,S004,art5,no,no,False,True,True
gpt52,S004,annex_i,no,no,False,True,True
gpt52,S004,annex_iii,none,none,False,True,True
gpt52,S004,derogation,not_applicable,not_applicable,False,True,True
gpt52,S004,profiling,not_applicable,not_applicable,False,True,True
gpt52,S004,art50,yes,yes,False,True,True
gpt52,S005,art5,no,no,False,True,True
gpt52,S005,annex_i,no,no,False,True,True
gpt52,S005,annex_iii,migration,migration,False,True,True
gpt52,S005,derogation,does_not_apply,does_not_apply,False,True,True
gpt52,S005,profiling,no,no,False,True,True
gpt52,S005,art50,no,no,False,True,True
gpt52,S006,art5,no,no,False,True,True
gpt52,S006,annex_i,no,no,False,True,True
gpt52,S006,annex_iii,essential_services,essential_services,False,True,True
gpt52,S006,derogation,does_not_apply,does_not_apply,False,True,True
gpt52,S006,profiling,yes,yes,False,True,True
gpt52,S006,art50,no,no,False,True,True
gpt52,S007,art5,no,no,False,True,True
gpt52,S007,annex_i,no,no,False,True,True
gpt52,S007,annex_iii,migration,biometrics,False,False,True
gpt52,S007,derogation,does_not_apply,does_not_apply,False,True,True
gpt52,S007,profiling,no,no,False,True,True
gpt52,S007,art50,no,no,False,True,True
gpt52,S008,art5,no,no,False,True,True
gpt52,S008,annex_i,yes,yes,False,True,True
gpt52,S008,annex_iii,none,none,False,True,True
gpt52,S008,derogation,not_applicable,not_applicable,False,True,True
gpt52,S008,profiling,not_applicable,not_applicable,False,True,True
gpt52,S008,art50,no,no,False,True,True
gpt52,S009,art5,no,no,False,True,True
gpt52,S009,annex_i,yes,yes,False,True,True
gpt52,S009,annex_iii,none,not_applicable,False,False,True
gpt52,S009,derogation,not_applicable,not_applicable,False,True,True
gpt52,S009,profiling,not_applicable,not_applicable,False,True,True
gpt52,S009,art50,no,no,False,True,True
gpt52,S010,art5,yes,yes,False,True,True
gpt52,S010,annex_i,no,no,False,True,True
gpt52,S010,annex_iii,biometrics,biometrics,False,True,True
gpt52,S010,derogation,not_applicable,not_applicable,False,True,True
gpt52,S010,profiling,not_applicable,not_applicable,False,True,True
gpt52,S010,art50,yes,yes,False,True,True
gpt52,S011,art5,no,yes,False,False,False
gpt52,S011,annex_i,no,no,False,True,False
gpt52,S011,annex_iii,biometrics,biometrics,False,True,False
gpt52,S011,derogation,does_not_apply,not_applicable,False,False,False
gpt52,S011,profiling,no,not_applicable,False,False,False
gpt52,S011,art50,no,no,False,True,False
gpt52,S012,art5,no,no,False,True,True
gpt52,S012,annex_i,no,no,False,True,True
gpt52,S012,annex_iii,essential_services,essential_services,False,True,True
gpt52,S012,derogation,does_not_apply,does_not_apply,False,True,True
gpt52,S012,profiling,yes,yes,False,True,True
gpt52,S012,art50,no,no,False,True,True
gpt52,S013,art5,no,no,False,True,True
gpt52,S013,annex_i,no,no,False,True,True
gpt52,S013,annex_iii,law_enforcement,law_enforcement,False,True,True
gpt52,S013,derogation,does_not_apply,does_not_apply,False,True,True
gpt52,S013,profiling,no,no,False,True,True
gpt52,S013,art50,no,no,False,True,True
gpt52,S014,art5,no,not_applicable,False,False,True
gpt52,S014,annex_i,no,not_applicable,False,False,True
gpt52,S014,annex_iii,none,not_applicable,False,False,True
gpt52,S014,derogation,not_applicable,not_applicable,False,True,True
gpt52,S014,profiling,not_applicable,not_applicable,False,True,True
gpt52,S014,art50,no,not_applicable,False,False,True
gpt52,S015,art5,no,no,False,True,False
gpt52,S015,annex_i,no,no,False,True,False
gpt52,S015,annex_iii,none,none,False,True,False
gpt52,S015,derogation,not_applicable,not_applicable,False,True,False
gpt52,S015,profiling,not_applicable,not_applicable,False,True,False
gpt52,S015,art50,no,yes,False,False,False
gpt52,S016,art5,no,no,False,True,True
gpt52,S016,annex_i,yes,yes,False,True,True
gpt52,S016,annex_iii,none,critical_infrastructure,False,False,True
gpt52,S016,derogation,not_applicable,not_applicable,False,True,True
gpt52,S016,profiling,not_applicable,not_applicable,False,True,True
gpt52,S016,art50,no,no,False,True,True
gpt52,S017,art5,no,no,False,True,True
gpt52,S017,annex_i,no,no,False,True,True
gpt52,S017,annex_iii,biometrics,biometrics,False,True,True
gpt52,S017,derogation,does_not_apply,does_not_apply,False,True,True
gpt52,S017,profiling,no,no,False,True,True
gpt52,S017,art50,no,no,False,True,True
gpt52,S018,art5,no,no,False,True,True
gpt52,S018,annex_i,no,no,False,True,True
gpt52,S018,annex_iii,none,none,False,True,True
gpt52,S018,derogation,not_applicable,not_applicable,False,True,True
gpt52,S018,profiling,not_applicable,not_applicable,False,True,True
gpt52,S018,art50,yes,yes,False,True,True
gpt52,S020,art5,no,no,False,True,True
gpt52,S020,annex_i,no,no,False,True,True
gpt52,S020,annex_iii,none,none,False,True,True
gpt52,S020,derogation,not_applicable,not_applicable,False,True,True
gpt52,S020,profiling,not_applicable,not_applicable,False,True,True
gpt52,S020,art50,no,no,False,True,True
gpt52,S021,art5,no,no,False,True,True
gpt52,S021,annex_i,no,no,False,True,True
gpt52,S021,annex_iii,migration,migration,False,True,True
gpt52,S021,derogation,does_not_apply,does_not_apply,False,True,True
gpt52,S021,profiling,yes,yes,False,True,True
gpt52,S021,art50,no,no,False,True,True
gpt52,S022,art5,no,no,False,True,True
gpt52,S022,annex_i,no,no,False,True,True
gpt52,S022,annex_iii,biometrics,law_enforcement,False,False,True
gpt52,S022,derogation,does_not_apply,does_not_apply,False,True,True
gpt52,S022,profiling,no,no,False,True,True
gpt52,S022,art50,no,no,False,True,True
gpt52,S023,art5,no,no,False,True,True
gpt52,S023,annex_i,no,no,False,True,True
gpt52,S023,annex_iii,biometrics,biometrics,False,True,True
gpt52,S023,derogation,does_not_apply,does_not_apply,False,True,True
gpt52,S023,profiling,no,no,False,True,True
gpt52,S023,art50,no,no,False,True,True
gpt52,S024,art5,no,no,False,True,False
gpt52,S024,annex_i,no,no,False,True,False
gpt52,S024,annex_iii,none,education,False,False,False
gpt52,S024,derogation,not_applicable,does_not_apply,False,False,False
gpt52,S024,profiling,not_applicable,yes,False,False,False
gpt52,S024,art50,no,no,False,True,False
gpt52,S025,art5,yes,unclear,False,False,False
gpt52,S025,annex_i,no,no,False,True,False
gpt52,S025,annex_iii,biometrics,biometrics,False,True,False
gpt52,S025,derogation,not_applicable,does_not_apply,False,False,False
gpt52,S025,profiling,not_applicable,no,False,False,False
gpt52,S025,art50,no,no,False,True,False
gpt52,S027,art5,no,no,False,True,True
gpt52,S027,annex_i,no,no,False,True,True
gpt52,S027,annex_iii,migration,migration,False,True,True
gpt52,S027,derogation,does_not_apply,does_not_apply,False,True,True
gpt52,S027,profiling,yes,yes,False,True,True
gpt52,S027,art50,no,no,False,True,True
gpt52,S029,art5,no,no,False,True,True
gpt52,S029,annex_i,no,no,False,True,True
gpt52,S029,annex_iii,none,none,False,True,True
gpt52,S029,derogation,not_applicable,not_applicable,False,True,True
gpt52,S029,profiling,not_applicable,not_applicable,False,True,True
gpt52,S029,art50,yes,yes,False,True,True
gpt52,S030,art5,no,no,False,True,True
gpt52,S030,annex_i,yes,yes,False,True,True
gpt52,S030,annex_iii,none,none,False,True,True
gpt52,S030,derogation,not_applicable,not_applicable,False,True,True
gpt52,S030,profiling,not_applicable,not_applicable,False,True,True
gpt52,S030,art50,no,no,False,True,True
gpt52,S031,art5,no,no,False,True,True
gpt52,S031,annex_i,no,no,False,True,True
gpt52,S031,annex_iii,biometrics,biometrics,False,True,True
gpt52,S031,derogation,does_not_apply,does_not_apply,False,True,True
gpt52,S031,profiling,yes,yes,False,True,True
gpt52,S031,art50,yes,yes,False,True,True
gpt52,S032,art5,unclear,unclear,False,True,True
gpt52,S032,annex_i,no,no,False,True,True
gpt52,S032,annex_iii,biometrics,biometrics,False,True,True
gpt52,S032,derogation,does_not_apply,does_not_apply,False,True,True
gpt52,S032,profiling,no,no,False,True,True
gpt52,S032,art50,no,no,False,True,True
gpt52,S033,art5,no,unclear,False,False,True
gpt52,S033,annex_i,no,no,False,True,True
gpt52,S033,annex_iii,biometrics,biometrics,False,True,True
gpt52,S033,derogation,does_not_apply,does_not_apply,False,True,True
gpt52,S033,profiling,no,no,False,True,True
gpt52,S033,art50,no,no,False,True,True
gpt52,S034,art5,no,no,False,True,True
gpt52,S034,annex_i,no,no,False,True,True
gpt52,S034,annex_iii,employment,employment,False,True,True
gpt52,S034,derogation,does_not_apply,does_not_apply,False,True,True
gpt52,S034,profiling,yes,yes,False,True,True
gpt52,S034,art50,no,no,False,True,True
gpt52,S035,art5,no,no,False,True,True
gpt52,S035,annex_i,no,no,False,True,True
gpt52,S035,annex_iii,none,none,False,True,True
gpt52,S035,derogation,not_applicable,not_applicable,False,True,True
gpt52,S035,profiling,not_applicable,not_applicable,False,True,True
gpt52,S035,art50,yes,yes,False,True,True
gpt52,S036,art5,no,no,False,True,True
gpt52,S036,annex_i,no,no,False,True,True
gpt52,S036,annex_iii,education,education,False,True,True
gpt52,S036,derogation,does_not_apply,does_not_apply,False,True,True
gpt52,S036,profiling,yes,yes,False,True,True
gpt52,S036,art50,no,no,False,True,True
gpt52,S037,art5,no,no,False,True,True
gpt52,S037,annex_i,yes,yes,False,True,True
gpt52,S037,annex_iii,none,none,False,True,True
gpt52,S037,derogation,not_applicable,not_applicable,False,True,True
gpt52,S037,profiling,not_applicable,not_applicable,False,True,True
gpt52,S037,art50,no,no,False,True,True
gpt52,S038,art5,no,no,False,True,True
gpt52,S038,annex_i,no,no,False,True,True
gpt52,S038,annex_iii,none,none,False,True,True
gpt52,S038,derogation,not_applicable,not_applicable,False,True,True
gpt52,S038,profiling,not_applicable,not_applicable,False,True,True
gpt52,S038,art50,no,no,False,True,True
gpt52,S039,art5,no,no,False,True,True
gpt52,S039,annex_i,no,no,False,True,True
gpt52,S039,annex_iii,migration,migration,False,True,True
gpt52,S039,derogation,does_not_apply,does_not_apply,False,True,True
gpt52,S039,profiling,yes,no,False,False,True
gpt52,S039,art50,no,no,False,True,True
gpt52,S040,art5,no,no,False,True,True
gpt52,S040,annex_i,no,no,False,True,True
gpt52,S040,annex_iii,none,none,False,True,True
gpt52,S040,derogation,not_applicable,not_applicable,False,True,True
gpt52,S040,profiling,not_applicable,not_applicable,False,True,True
gpt52,S040,art50,no,no,False,True,True
gpt52,S042,art5,no,no,False,True,True
gpt52,S042,annex_i,yes,yes,False,True,True
gpt52,S042,annex_iii,none,critical_infrastructure,False,False,True
gpt52,S042,derogation,not_applicable,not_applicable,False,True,True
gpt52,S042,profiling,not_applicable,not_applicable,False,True,True
gpt52,S042,art50,no,no,False,True,True
gpt52,S043,art5,no,no,False,True,True
gpt52,S043,annex_i,no,no,False,True,True
gpt52,S043,annex_iii,migration,migration,False,True,True
gpt52,S043,derogation,does_not_apply,does_not_apply,False,True,True
gpt52,S043,profiling,no,no,False,True,True
gpt52,S043,art50,no,yes,False,False,True
gpt52,S044,art5,no,no,False,True,True
gpt52,S044,annex_i,no,no,False,True,True
gpt52,S044,annex_iii,none,none,False,True,True
gpt52,S044,derogation,not_applicable,not_applicable,False,True,True
gpt52,S044,profiling,not_applicable,not_applicable,False,True,True
gpt52,S044,art50,yes,yes,False,True,True
gpt52,S045,art5,no,no,False,True,True
gpt52,S045,annex_i,no,no,False,True,True
gpt52,S045,annex_iii,none,none,False,True,True
gpt52,S045,derogation,not_applicable,not_applicable,False,True,True
gpt52,S045,profiling,not_applicable,not_applicable,False,True,True
gpt52,S045,art50,yes,yes,False,True,True
gpt52,S046,art5,no,no,False,True,True
gpt52,S046,annex_i,no,no,False,True,True
gpt52,S046,annex_iii,essential_services,essential_services,False,True,True
gpt52,S046,derogation,does_not_apply,does_not_apply,False,True,True
gpt52,S046,profiling,not_applicable,yes,False,False,True
gpt52,S046,art50,no,no,False,True,True
gpt52,S047,art5,no,no,False,True,True
gpt52,S047,annex_i,no,no,False,True,True
gpt52,S047,annex_iii,biometrics,law_enforcement,False,False,True
gpt52,S047,derogation,does_not_apply,does_not_apply,False,True,True
gpt52,S047,profiling,no,no,False,True,True
gpt52,S047,art50,no,yes,False,False,True
gpt52,S048,art5,no,no,False,True,True
gpt52,S048,annex_i,no,no,False,True,True
gpt52,S048,annex_iii,none,none,False,True,True
gpt52,S048,derogation,not_applicable,not_applicable,False,True,True
gpt52,S048,profiling,not_applicable,not_applicable,False,True,True
gpt52,S048,art50,yes,yes,False,True,True
gpt52,S049,art5,no,no,False,True,False
gpt52,S049,annex_i,no,no,False,True,False
gpt52,S049,annex_iii,migration,migration,False,True,False
gpt52,S049,derogation,does_not_apply,applies,False,False,False
gpt52,S049,profiling,no,no,False,True,False
gpt52,S049,art50,yes,yes,False,True,False
gpt52,S050,art5,no,no,False,True,True
gpt52,S050,annex_i,yes,yes,False,True,True
gpt52,S050,annex_iii,none,none,False,True,True
gpt52,S050,derogation,not_applicable,not_applicable,False,True,True
gpt52,S050,profiling,not_applicable,not_applicable,False,True,True
gpt52,S050,art50,no,no,False,True,True
gpt52,S051,art5,no,no,False,True,True
gpt52,S051,annex_i,no,no,False,True,True
gpt52,S051,annex_iii,essential_services,essential_services,False,True,True
gpt52,S051,derogation,does_not_apply,does_not_apply,False,True,True
gpt52,S051,profiling,yes,yes,False,True,True
gpt52,S051,art50,no,no,False,True,True
gpt52,S052,art5,no,no,False,True,True
gpt52,S052,annex_i,yes,yes,False,True,True
gpt52,S052,annex_iii,none,none,False,True,True
gpt52,S052,derogation,not_applicable,not_applicable,False,True,True
gpt52,S052,profiling,not_applicable,not_applicable,False,True,True
gpt52,S052,art50,no,no,False,True,True
gpt52,S053,art5,unclear,no,False,False,True
gpt52,S053,annex_i,no,no,False,True,True
gpt52,S053,annex_iii,none,none,False,True,True
gpt52,S053,derogation,not_applicable,not_applicable,False,True,True
gpt52,S053,profiling,not_applicable,not_applicable,False,True,True
gpt52,S053,art50,yes,yes,False,True,True
gpt52,S054,art5,no,no,False,True,True
gpt52,S054,annex_i,no,no,False,True,True
gpt52,S054,annex_iii,employment,employment,False,True,True
gpt52,S054,derogation,does_not_apply,does_not_apply,False,True,True
gpt52,S054,profiling,yes,yes,False,True,True
gpt52,S054,art50,no,no,False,True,True
gpt52,S055,art5,no,no,False,True,True
gpt52,S055,annex_i,no,no,False,True,True
gpt52,S055,annex_iii,none,none,False,True,True
gpt52,S055,derogation,not_applicable,not_applicable,False,True,True
gpt52,S055,profiling,not_applicable,not_applicable,False,True,True
gpt52,S055,art50,no,no,False,True,True
gpt52,S056,art5,unclear,no,False,False,True
gpt52,S056,annex_i,no,no,False,True,True
gpt52,S056,annex_iii,none,none,False,True,True
gpt52,S056,derogation,not_applicable,not_applicable,False,True,True
gpt52,S056,profiling,not_applicable,not_applicable,False,True,True
gpt52,S056,art50,yes,yes,False,True,True
gpt52,S057,art5,no,no,False,True,True
gpt52,S057,annex_i,no,no,False,True,True
gpt52,S057,annex_iii,none,none,False,True,True
gpt52,S057,derogation,not_applicable,not_applicable,False,True,True
gpt52,S057,profiling,not_applicable,not_applicable,False,True,True
gpt52,S057,art50,yes,yes,False,True,True
gpt52,S058,art5,no,no,False,True,True
gpt52,S058,annex_i,no,no,False,True,True
gpt52,S058,annex_iii,none,none,False,True,True
gpt52,S058,derogation,not_applicable,not_applicable,False,True,True
gpt52,S058,profiling,not_applicable,not_applicable,False,True,True
gpt52,S058,art50,no,no,False,True,True
gpt52,S060,art5,no,no,False,True,True
gpt52,S060,annex_i,no,no,False,True,True
gpt52,S060,annex_iii,biometrics,biometrics,False,True,True
gpt52,S060,derogation,does_not_apply,does_not_apply,False,True,True
gpt52,S060,profiling,yes,yes,False,True,True
gpt52,S060,art50,no,yes,False,False,True
gpt52,S061,art5,no,no,False,True,True
gpt52,S061,annex_i,no,no,False,True,True
gpt52,S061,annex_iii,biometrics,biometrics,False,True,True
gpt52,S061,derogation,does_not_apply,does_not_apply,False,True,True
gpt52,S061,profiling,yes,no,False,False,True
gpt52,S061,art50,no,no,False,True,True
gpt52,S062,art5,no,no,False,True,True
gpt52,S062,annex_i,yes,yes,False,True,True
gpt52,S062,annex_iii,none,critical_infrastructure,False,False,True
gpt52,S062,derogation,not_applicable,not_applicable,False,True,True
gpt52,S062,profiling,not_applicable,not_applicable,False,True,True
gpt52,S062,art50,no,no,False,True,True
gpt52,S063,art5,no,no,False,True,True
gpt52,S063,annex_i,no,no,False,True,True
gpt52,S063,annex_iii,none,none,False,True,True
gpt52,S063,derogation,not_applicable,not_applicable,False,True,True
gpt52,S063,profiling,not_applicable,not_applicable,False,True,True
gpt52,S063,art50,yes,yes,False,True,True
gpt52,S064,art5,no,no,False,True,True
gpt52,S064,annex_i,no,no,False,True,True
gpt52,S064,annex_iii,none,none,False,True,True
gpt52,S064,derogation,not_applicable,not_applicable,False,True,True
gpt52,S064,profiling,not_applicable,not_applicable,False,True,True
gpt52,S064,art50,yes,yes,False,True,True
gpt52,S065,art5,no,no,False,True,True
gpt52,S065,annex_i,no,no,False,True,True
gpt52,S065,annex_iii,none,none,False,True,True
gpt52,S065,derogation,not_applicable,not_applicable,False,True,True
gpt52,S065,profiling,not_applicable,not_applicable,False,True,True
gpt52,S065,art50,yes,yes,False,True,True
gpt52,S066,art5,no,no,False,True,True
gpt52,S066,annex_i,no,no,False,True,True
gpt52,S066,annex_iii,justice_democracy,justice_democracy,False,True,True
gpt52,S066,derogation,does_not_apply,does_not_apply,False,True,True
gpt52,S066,profiling,no,no,False,True,True
gpt52,S066,art50,yes,yes,False,True,True
gpt52,S068,art5,no,no,False,True,False
gpt52,S068,annex_i,no,no,False,True,False
gpt52,S068,annex_iii,none,justice_democracy,False,False,False
gpt52,S068,derogation,not_applicable,does_not_apply,False,False,False
gpt52,S068,profiling,not_applicable,no,False,False,False
gpt52,S068,art50,yes,yes,False,True,False
gpt52,S069,art5,yes,no,False,False,False
gpt52,S069,annex_i,no,no,False,True,False
gpt52,S069,annex_iii,none,none,False,True,False
gpt52,S069,derogation,not_applicable,not_applicable,False,True,False
gpt52,S069,profiling,not_applicable,not_applicable,False,True,False
gpt52,S069,art50,yes,yes,False,True,False
gpt52,S070,art5,no,no,False,True,True
gpt52,S070,annex_i,yes,yes,False,True,True
gpt52,S070,annex_iii,none,none,False,True,True
gpt52,S070,derogation,not_applicable,not_applicable,False,True,True
gpt52,S070,profiling,not_applicable,not_applicable,False,True,True
gpt52,S070,art50,no,no,False,True,True
gpt52,S071,art5,no,no,False,True,True
gpt52,S071,annex_i,yes,yes,False,True,True
gpt52,S071,annex_iii,none,none,False,True,True
gpt52,S071,derogation,not_applicable,not_applicable,False,True,True
gpt52,S071,profiling,not_applicable,not_applicable,False,True,True
gpt52,S071,art50,no,no,False,True,True
gpt52,S072,art5,unclear,yes,False,False,False
gpt52,S072,annex_i,unclear,no,False,False,False
gpt52,S072,annex_iii,unclear,none,False,False,False
gpt52,S072,derogation,unclear,not_applicable,False,False,False
gpt52,S072,profiling,unclear,not_applicable,False,False,False
gpt52,S072,art50,unclear,yes,False,False,False
gpt52,S073,art5,no,no,False,True,True
gpt52,S073,annex_i,no,no,False,True,True
gpt52,S073,annex_iii,essential_services,essential_services,False,True,True
gpt52,S073,derogation,does_not_apply,does_not_apply,False,True,True
gpt52,S073,profiling,yes,yes,False,True,True
gpt52,S073,art50,no,no,False,True,True
gpt52,S074,art5,no,unclear,False,False,False
gpt52,S074,annex_i,no,no,False,True,False
gpt52,S074,annex_iii,none,justice_democracy,False,False,False
gpt52,S074,derogation,not_applicable,does_not_apply,False,False,False
gpt52,S074,profiling,not_applicable,no,False,False,False
gpt52,S074,art50,yes,yes,False,True,False
gpt52,S075,art5,no,no,False,True,True
gpt52,S075,annex_i,no,no,False,True,True
gpt52,S075,annex_iii,none,none,False,True,True
gpt52,S075,derogation,not_applicable,not_applicable,False,True,True
gpt52,S075,profiling,not_applicable,not_applicable,False,True,True
gpt52,S075,art50,yes,yes,False,True,True
gpt52,S076,art5,no,no,False,True,True
gpt52,S076,annex_i,no,no,False,True,True
gpt52,S076,annex_iii,none,none,False,True,True
gpt52,S076,derogation,not_applicable,not_applicable,False,True,True
gpt52,S076,profiling,not_applicable,not_applicable,False,True,True
gpt52,S076,art50,yes,yes,False,True,True
gpt52,S077,art5,no,no,False,True,True
gpt52,S077,annex_i,no,no,False,True,True
gpt52,S077,annex_iii,none,none,False,True,True
gpt52,S077,derogation,not_applicable,not_applicable,False,True,True
gpt52,S077,profiling,not_applicable,not_applicable,False,True,True
gpt52,S077,art50,yes,yes,False,True,True
gpt52,S078,art5,no,unclear,False,False,True
gpt52,S078,annex_i,no,no,False,True,True
gpt52,S078,annex_iii,none,none,False,True,True
gpt52,S078,derogation,not_applicable,not_applicable,False,True,True
gpt52,S078,profiling,not_applicable,not_applicable,False,True,True
gpt52,S078,art50,yes,yes,False,True,True
gpt52,S079,art5,no,no,False,True,True
gpt52,S079,annex_i,no,no,False,True,True
gpt52,S079,annex_iii,none,none,False,True,True
gpt52,S079,derogation,not_applicable,not_applicable,False,True,True
gpt52,S079,profiling,not_applicable,not_applicable,False,True,True
gpt52,S079,art50,yes,yes,False,True,True
gpt52,S080,art5,no,no,False,True,True
gpt52,S080,annex_i,no,no,False,True,True
gpt52,S080,annex_iii,none,none,False,True,True
gpt52,S080,derogation,not_applicable,not_applicable,False,True,True
gpt52,S080,profiling,not_applicable,not_applicable,False,True,True
gpt52,S080,art50,yes,yes,False,True,True
gpt52,S081,art5,no,no,False,True,True
gpt52,S081,annex_i,no,no,False,True,True
gpt52,S081,annex_iii,law_enforcement,critical_infrastructure,False,False,True
gpt52,S081,derogation,does_not_apply,does_not_apply,False,True,True
gpt52,S081,profiling,yes,no,False,False,True
gpt52,S081,art50,no,no,False,True,True
gpt52,S082,art5,no,no,False,True,True
gpt52,S082,annex_i,no,no,False,True,True
gpt52,S082,annex_iii,essential_services,essential_services,False,True,True
gpt52,S082,derogation,does_not_apply,does_not_apply,False,True,True
gpt52,S082,profiling,yes,yes,False,True,True
gpt52,S082,art50,no,no,False,True,True
gpt52,S083,art5,no,unclear,False,False,True
gpt52,S083,annex_i,no,no,False,True,True
gpt52,S083,annex_iii,none,none,False,True,True
gpt52,S083,derogation,not_applicable,not_applicable,False,True,True
gpt52,S083,profiling,not_applicable,not_applicable,False,True,True
gpt52,S083,art50,yes,yes,False,True,True
gpt52,S084,art5,no,yes,False,False,False
gpt52,S084,annex_i,no,no,False,True,False
gpt52,S084,annex_iii,none,none,False,True,False
gpt52,S084,derogation,not_applicable,not_applicable,False,True,False
gpt52,S084,profiling,not_applicable,not_applicable,False,True,False
gpt52,S084,art50,yes,yes,False,True,False
gpt52,S085,art5,no,unclear,False,False,True
gpt52,S085,annex_i,no,no,False,True,True
gpt52,S085,annex_iii,none,none,False,True,True
gpt52,S085,derogation,not_applicable,not_applicable,False,True,True
gpt52,S085,profiling,not_applicable,not_applicable,False,True,True
gpt52,S085,art50,yes,yes,False,True,True
gpt52,S086,art5,no,unclear,False,False,True
gpt52,S086,annex_i,no,no,False,True,True
gpt52,S086,annex_iii,none,none,False,True,True
gpt52,S086,derogation,not_applicable,not_applicable,False,True,True
gpt52,S086,profiling,not_applicable,not_applicable,False,True,True
gpt52,S086,art50,yes,yes,False,True,True
gpt52,S087,art5,no,yes,False,False,False
gpt52,S087,annex_i,no,no,False,True,False
gpt52,S087,annex_iii,none,none,False,True,False
gpt52,S087,derogation,not_applicable,not_applicable,False,True,False
gpt52,S087,profiling,not_applicable,not_applicable,False,True,False
gpt52,S087,art50,yes,yes,False,True,False
gpt52,S088,art5,no,yes,False,False,False
gpt52,S088,annex_i,no,no,False,True,False
gpt52,S088,annex_iii,none,none,False,True,False
gpt52,S088,derogation,not_applicable,not_applicable,False,True,False
gpt52,S088,profiling,not_applicable,not_applicable,False,True,False
gpt52,S088,art50,yes,yes,False,True,False
gpt52,S089,art5,no,no,False,True,True
gpt52,S089,annex_i,no,no,False,True,True
gpt52,S089,annex_iii,none,none,False,True,True
gpt52,S089,derogation,not_applicable,not_applicable,False,True,True
gpt52,S089,profiling,not_applicable,not_applicable,False,True,True
gpt52,S089,art50,yes,yes,False,True,True
gpt52,S090,art5,no,no,False,True,True
gpt52,S090,annex_i,yes,yes,False,True,True
gpt52,S090,annex_iii,none,none,False,True,True
gpt52,S090,derogation,not_applicable,not_applicable,False,True,True
gpt52,S090,profiling,not_applicable,not_applicable,False,True,True
gpt52,S090,art50,no,no,False,True,True
gpt52,S091,art5,no,yes,False,False,False
gpt52,S091,annex_i,no,no,False,True,False
gpt52,S091,annex_iii,none,none,False,True,False
gpt52,S091,derogation,not_applicable,not_applicable,False,True,False
gpt52,S091,profiling,not_applicable,not_applicable,False,True,False
gpt52,S091,art50,yes,yes,False,True,False
gpt52,S092,art5,unclear,no,False,False,True
gpt52,S092,annex_i,no,no,False,True,True
gpt52,S092,annex_iii,none,none,False,True,True
gpt52,S092,derogation,not_applicable,not_applicable,False,True,True
gpt52,S092,profiling,not_applicable,not_applicable,False,True,True
gpt52,S092,art50,yes,yes,False,True,True
gpt52,S093,art5,yes,no,False,False,False
gpt52,S093,annex_i,no,no,False,True,False
gpt52,S093,annex_iii,none,none,False,True,False
gpt52,S093,derogation,not_applicable,not_applicable,False,True,False
gpt52,S093,profiling,not_applicable,not_applicable,False,True,False
gpt52,S093,art50,yes,yes,False,True,False
gpt52,S094,art5,no,no,False,True,True
gpt52,S094,annex_i,no,no,False,True,True
gpt52,S094,annex_iii,none,none,False,True,True
gpt52,S094,derogation,not_applicable,not_applicable,False,True,True
gpt52,S094,profiling,not_applicable,not_applicable,False,True,True
gpt52,S094,art50,yes,yes,False,True,True
gpt52,S095,art5,yes,no,False,False,False
gpt52,S095,annex_i,no,no,False,True,False
gpt52,S095,annex_iii,none,none,False,True,False
gpt52,S095,derogation,not_applicable,not_applicable,False,True,False
gpt52,S095,profiling,not_applicable,not_applicable,False,True,False
gpt52,S095,art50,yes,yes,False,True,False
gpt52,S096,art5,no,unclear,False,False,False
gpt52,S096,annex_i,no,no,False,True,False
gpt52,S096,annex_iii,none,justice_democracy,False,False,False
gpt52,S096,derogation,not_applicable,does_not_apply,False,False,False
gpt52,S096,profiling,not_applicable,no,False,False,False
gpt52,S096,art50,yes,yes,False,True,False
gpt52,S097,art5,no,no,False,True,True
gpt52,S097,annex_i,no,no,False,True,True
gpt52,S097,annex_iii,none,none,False,True,True
gpt52,S097,derogation,not_applicable,not_applicable,False,True,True
gpt52,S097,profiling,not_applicable,not_applicable,False,True,True
gpt52,S097,art50,yes,yes,False,True,True
gpt52,S098,art5,no,no,False,True,True
gpt52,S098,annex_i,no,no,False,True,True
gpt52,S098,annex_iii,none,none,False,True,True
gpt52,S098,derogation,not_applicable,not_applicable,False,True,True
gpt52,S098,profiling,not_applicable,not_applicable,False,True,True
gpt52,S098,art50,yes,yes,False,True,True
gpt52,S099,art5,no,no,False,True,True
gpt52,S099,annex_i,no,no,False,True,True
gpt52,S099,annex_iii,none,none,False,True,True
gpt52,S099,derogation,not_applicable,not_applicable,False,True,True
gpt52,S099,profiling,not_applicable,not_applicable,False,True,True
gpt52,S099,art50,yes,yes,False,True,True
gpt52,S100,art5,no,no,False,True,True
gpt52,S100,annex_i,no,no,False,True,True
gpt52,S100,annex_iii,none,none,False,True,True
gpt52,S100,derogation,not_applicable,not_applicable,False,True,True
gpt52,S100,profiling,not_applicable,not_applicable,False,True,True
gpt52,S100,art50,no,no,False,True,True
gpt52,S101,art5,no,no,False,True,True
gpt52,S101,annex_i,no,no,False,True,True
gpt52,S101,annex_iii,none,none,False,True,True
gpt52,S101,derogation,not_applicable,not_applicable,False,True,True
gpt52,S101,profiling,not_applicable,not_applicable,False,True,True
gpt52,S101,art50,yes,yes,False,True,True
gpt52,S102,art5,no,yes,False,False,False
gpt52,S102,annex_i,no,no,False,True,False
gpt52,S102,annex_iii,none,none,False,True,False
gpt52,S102,derogation,not_applicable,not_applicable,False,True,False
gpt52,S102,profiling,not_applicable,not_applicable,False,True,False
gpt52,S102,art50,yes,yes,False,True,False
gpt52,S103,art5,no,yes,False,False,False
gpt52,S103,annex_i,no,no,False,True,False
gpt52,S103,annex_iii,none,none,False,True,False
gpt52,S103,derogation,not_applicable,not_applicable,False,True,False
gpt52,S103,profiling,not_applicable,not_applicable,False,True,False
gpt52,S103,art50,yes,yes,False,True,False
gpt52,S104,art5,no,unclear,False,False,True
gpt52,S104,annex_i,no,no,False,True,True
gpt52,S104,annex_iii,none,none,False,True,True
gpt52,S104,derogation,not_applicable,not_applicable,False,True,True
gpt52,S104,profiling,not_applicable,not_applicable,False,True,True
gpt52,S104,art50,yes,yes,False,True,True
gpt52,S105,art5,no,no,False,True,True
gpt52,S105,annex_i,no,no,False,True,True
gpt52,S105,annex_iii,none,none,False,True,True
gpt52,S105,derogation,not_applicable,not_applicable,False,True,True
gpt52,S105,profiling,not_applicable,not_applicable,False,True,True
gpt52,S105,art50,yes,yes,False,True,True
gpt52,S106,art5,yes,no,False,False,False
gpt52,S106,annex_i,no,no,False,True,False
gpt52,S106,annex_iii,none,none,False,True,False
gpt52,S106,derogation,not_applicable,not_applicable,False,True,False
gpt52,S106,profiling,not_applicable,not_applicable,False,True,False
gpt52,S106,art50,yes,yes,False,True,False
gpt52,S107,art5,no,no,False,True,True
gpt52,S107,annex_i,no,no,False,True,True
gpt52,S107,annex_iii,none,none,False,True,True
gpt52,S107,derogation,not_applicable,not_applicable,False,True,True
gpt52,S107,profiling,not_applicable,not_applicable,False,True,True
gpt52,S107,art50,yes,yes,False,True,True
gpt52,S108,art5,no,unclear,False,False,True
gpt52,S108,annex_i,no,no,False,True,True
gpt52,S108,annex_iii,none,none,False,True,True
gpt52,S108,derogation,not_applicable,not_applicable,False,True,True
gpt52,S108,profiling,not_applicable,not_applicable,False,True,True
gpt52,S108,art50,yes,yes,False,True,True
gpt52,S109,art5,no,no,False,True,True
gpt52,S109,annex_i,no,no,False,True,True
gpt52,S109,annex_iii,none,none,False,True,True
gpt52,S109,derogation,not_applicable,not_applicable,False,True,True
gpt52,S109,profiling,not_applicable,not_applicable,False,True,True
gpt52,S109,art50,yes,yes,False,True,True
gpt52,S110,art5,no,no,False,True,False
gpt52,S110,annex_i,unclear,yes,False,False,False
gpt52,S110,annex_iii,none,none,False,True,False
gpt52,S110,derogation,not_applicable,not_applicable,False,True,False
gpt52,S110,profiling,not_applicable,not_applicable,False,True,False
gpt52,S110,art50,yes,yes,False,True,False
gpt52,S111,art5,no,no,False,True,True
gpt52,S111,annex_i,no,no,False,True,True
gpt52,S111,annex_iii,none,none,False,True,True
gpt52,S111,derogation,not_applicable,not_applicable,False,True,True
gpt52,S111,profiling,not_applicable,not_applicable,False,True,True
gpt52,S111,art50,yes,yes,False,True,True
gpt52,S112,art5,no,no,False,True,True
gpt52,S112,annex_i,no,no,False,True,True
gpt52,S112,annex_iii,none,none,False,True,True
gpt52,S112,derogation,not_applicable,not_applicable,False,True,True
gpt52,S112,profiling,not_applicable,not_applicable,False,True,True
gpt52,S112,art50,yes,yes,False,True,True
gpt52,S113,art5,no,no,False,True,False
gpt52,S113,annex_i,no,no,False,True,False
gpt52,S113,annex_iii,none,none,False,True,False
gpt52,S113,derogation,not_applicable,not_applicable,False,True,False
gpt52,S113,profiling,not_applicable,not_applicable,False,True,False
gpt52,S113,art50,yes,no,False,False,False
gpt52,S114,art5,no,no,False,True,True
gpt52,S114,annex_i,no,no,False,True,True
gpt52,S114,annex_iii,none,none,False,True,True
gpt52,S114,derogation,not_applicable,not_applicable,False,True,True
gpt52,S114,profiling,not_applicable,not_applicable,False,True,True
gpt52,S114,art50,yes,yes,False,True,True
gpt52,S115,art5,no,yes,False,False,False
gpt52,S115,annex_i,no,no,False,True,False
gpt52,S115,annex_iii,none,none,False,True,False
gpt52,S115,derogation,not_applicable,not_applicable,False,True,False
gpt52,S115,profiling,not_applicable,not_applicable,False,True,False
gpt52,S115,art50,yes,yes,False,True,False
gpt52,S116,art5,no,yes,False,False,False
gpt52,S116,annex_i,no,no,False,True,False
gpt52,S116,annex_iii,none,none,False,True,False
gpt52,S116,derogation,not_applicable,not_applicable,False,True,False
gpt52,S116,profiling,not_applicable,not_applicable,False,True,False
gpt52,S116,art50,yes,yes,False,True,False
gpt52,S117,art5,no,no,False,True,True
gpt52,S117,annex_i,no,no,False,True,True
gpt52,S117,annex_iii,none,none,False,True,True
gpt52,S117,derogation,not_applicable,not_applicable,False,True,True
gpt52,S117,profiling,not_applicable,not_applicable,False,True,True
gpt52,S117,art50,yes,yes,False,True,True
gpt52,S118,art5,no,yes,False,False,False
gpt52,S118,annex_i,no,no,False,True,False
gpt52,S118,annex_iii,none,none,False,True,False
gpt52,S118,derogation,not_applicable,not_applicable,False,True,False
gpt52,S118,profiling,not_applicable,not_applicable,False,True,False
gpt52,S118,art50,yes,yes,False,True,False
gpt52,S119,art5,no,no,False,True,True
gpt52,S119,annex_i,no,no,False,True,True
gpt52,S119,annex_iii,none,none,False,True,True
gpt52,S119,derogation,not_applicable,not_applicable,False,True,True
gpt52,S119,profiling,not_applicable,not_applicable,False,True,True
gpt52,S119,art50,yes,yes,False,True,True
gpt52,S120,art5,no,no,False,True,True
gpt52,S120,annex_i,no,no,False,True,True
gpt52,S120,annex_iii,law_enforcement,none,False,False,True
gpt52,S120,derogation,applies,not_applicable,False,False,True
gpt52,S120,profiling,no,not_applicable,False,False,True
gpt52,S120,art50,yes,yes,False,True,True
gpt52,S121,art5,no,unclear,False,False,True
gpt52,S121,annex_i,no,no,False,True,True
gpt52,S121,annex_iii,none,none,False,True,True
gpt52,S121,derogation,not_applicable,not_applicable,False,True,True
gpt52,S121,profiling,not_applicable,not_applicable,False,True,True
gpt52,S121,art50,yes,yes,False,True,True
gpt52,S122,art5,no,unclear,False,False,True
gpt52,S122,annex_i,no,no,False,True,True
gpt52,S122,annex_iii,none,none,False,True,True
gpt52,S122,derogation,not_applicable,not_applicable,False,True,True
gpt52,S122,profiling,not_applicable,not_applicable,False,True,True
gpt52,S122,art50,yes,yes,False,True,True
gpt52,S123,art5,yes,unclear,False,False,False
gpt52,S123,annex_i,no,no,False,True,False
gpt52,S123,annex_iii,biometrics,migration,False,False,False
gpt52,S123,derogation,not_applicable,does_not_apply,False,False,False
gpt52,S123,profiling,not_applicable,no,False,False,False
gpt52,S123,art50,no,no,False,True,False
gpt52,S124,art5,no,no,False,True,True
gpt52,S124,annex_i,no,no,False,True,True
gpt52,S124,annex_iii,none,none,False,True,True
gpt52,S124,derogation,not_applicable,not_applicable,False,True,True
gpt52,S124,profiling,not_applicable,not_applicable,False,True,True
gpt52,S124,art50,yes,yes,False,True,True
gpt52,S125,art5,no,yes,False,False,False
gpt52,S125,annex_i,no,no,False,True,False
gpt52,S125,annex_iii,none,none,False,True,False
gpt52,S125,derogation,not_applicable,not_applicable,False,True,False
gpt52,S125,profiling,not_applicable,not_applicable,False,True,False
gpt52,S125,art50,yes,yes,False,True,False
gpt52,S126,art5,no,no,False,True,True
gpt52,S126,annex_i,no,no,False,True,True
gpt52,S126,annex_iii,none,none,False,True,True
gpt52,S126,derogation,not_applicable,not_applicable,False,True,True
gpt52,S126,profiling,not_applicable,not_applicable,False,True,True
gpt52,S126,art50,yes,yes,False,True,True
gpt52,S127,art5,yes,yes,False,True,True
gpt52,S127,annex_i,no,no,False,True,True
gpt52,S127,annex_iii,none,none,False,True,True
gpt52,S127,derogation,not_applicable,not_applicable,False,True,True
gpt52,S127,profiling,not_applicable,not_applicable,False,True,True
gpt52,S127,art50,no,yes,False,False,True
gpt52,S128,art5,no,unclear,False,False,True
gpt52,S128,annex_i,no,no,False,True,True
gpt52,S128,annex_iii,none,none,False,True,True
gpt52,S128,derogation,not_applicable,not_applicable,False,True,True
gpt52,S128,profiling,not_applicable,not_applicable,False,True,True
gpt52,S128,art50,yes,yes,False,True,True
gpt52,S129,art5,no,unclear,False,False,True
gpt52,S129,annex_i,no,no,False,True,True
gpt52,S129,annex_iii,none,none,False,True,True
gpt52,S129,derogation,not_applicable,not_applicable,False,True,True
gpt52,S129,profiling,not_applicable,not_applicable,False,True,True
gpt52,S129,art50,yes,yes,False,True,True
gpt52,S130,art5,no,no,False,True,True
gpt52,S130,annex_i,no,no,False,True,True
gpt52,S130,annex_iii,none,none,False,True,True
gpt52,S130,derogation,not_applicable,not_applicable,False,True,True
gpt52,S130,profiling,not_applicable,not_applicable,False,True,True
gpt52,S130,art50,yes,yes,False,True,True
gpt52,S131,art5,yes,unclear,False,False,False
gpt52,S131,annex_i,no,no,False,True,False
gpt52,S131,annex_iii,none,none,False,True,False
gpt52,S131,derogation,not_applicable,not_applicable,False,True,False
gpt52,S131,profiling,not_applicable,not_applicable,False,True,False
gpt52,S131,art50,yes,yes,False,True,False
gpt52,S132,art5,no,no,False,True,True
gpt52,S132,annex_i,no,no,False,True,True
gpt52,S132,annex_iii,none,none,False,True,True
gpt52,S132,derogation,not_applicable,not_applicable,False,True,True
gpt52,S132,profiling,not_applicable,not_applicable,False,True,True
gpt52,S132,art50,yes,yes,False,True,True
gpt52,S133,art5,no,no,False,True,True
gpt52,S133,annex_i,no,no,False,True,True
gpt52,S133,annex_iii,none,none,False,True,True
gpt52,S133,derogation,not_applicable,not_applicable,False,True,True
gpt52,S133,profiling,not_applicable,not_applicable,False,True,True
gpt52,S133,art50,yes,yes,False,True,True
gpt52,S134,art5,no,no,False,True,False
gpt52,S134,annex_i,no,no,False,True,False
gpt52,S134,annex_iii,none,justice_democracy,False,False,False
gpt52,S134,derogation,not_applicable,does_not_apply,False,False,False
gpt52,S134,profiling,not_applicable,no,False,False,False
gpt52,S134,art50,yes,yes,False,True,False
gpt52,S135,art5,no,yes,False,False,False
gpt52,S135,annex_i,no,no,False,True,False
gpt52,S135,annex_iii,none,none,False,True,False
gpt52,S135,derogation,not_applicable,not_applicable,False,True,False
gpt52,S135,profiling,not_applicable,not_applicable,False,True,False
gpt52,S135,art50,yes,yes,False,True,False
gpt52,S136,art5,no,no,False,True,False
gpt52,S136,annex_i,no,no,False,True,False
gpt52,S136,annex_iii,none,justice_democracy,False,False,False
gpt52,S136,derogation,not_applicable,does_not_apply,False,False,False
gpt52,S136,profiling,not_applicable,no,False,False,False
gpt52,S136,art50,yes,yes,False,True,False
gpt52,S137,art5,no,no,False,True,True
gpt52,S137,annex_i,no,no,False,True,True
gpt52,S137,annex_iii,none,none,False,True,True
gpt52,S137,derogation,not_applicable,not_applicable,False,True,True
gpt52,S137,profiling,not_applicable,not_applicable,False,True,True
gpt52,S137,art50,yes,yes,False,True,True
gpt52,S138,art5,no,no,False,True,True
gpt52,S138,annex_i,yes,yes,False,True,True
gpt52,S138,annex_iii,none,none,False,True,True
gpt52,S138,derogation,not_applicable,not_applicable,False,True,True
gpt52,S138,profiling,not_applicable,not_applicable,False,True,True
gpt52,S138,art50,no,no,False,True,True
gpt52,S139,art5,no,no,False,True,True
gpt52,S139,annex_i,no,no,False,True,True
gpt52,S139,annex_iii,none,none,False,True,True
gpt52,S139,derogation,not_applicable,not_applicable,False,True,True
gpt52,S139,profiling,not_applicable,not_applicable,False,True,True
gpt52,S139,art50,yes,yes,False,True,True
gpt52,S140,art5,no,no,False,True,False
gpt52,S140,annex_i,unclear,no,False,False,False
gpt52,S140,annex_iii,unclear,none,False,False,False
gpt52,S140,derogation,unclear,not_applicable,False,False,False
gpt52,S140,profiling,unclear,not_applicable,False,False,False
gpt52,S140,art50,unclear,yes,False,False,False
gpt52,S141,art5,no,no,False,True,True
gpt52,S141,annex_i,no,no,False,True,True
gpt52,S141,annex_iii,none,none,False,True,True
gpt52,S141,derogation,not_applicable,not_applicable,False,True,True
gpt52,S141,profiling,not_applicable,not_applicable,False,True,True
gpt52,S141,art50,yes,yes,False,True,True
gpt52,S142,art5,no,no,False,True,True
gpt52,S142,annex_i,yes,yes,False,True,True
gpt52,S142,annex_iii,none,critical_infrastructure,False,False,True
gpt52,S142,derogation,not_applicable,not_applicable,False,True,True
gpt52,S142,profiling,not_applicable,not_applicable,False,True,True
gpt52,S142,art50,no,no,False,True,True
gpt52,S143,art5,yes,unclear,False,False,False
gpt52,S143,annex_i,no,no,False,True,False
gpt52,S143,annex_iii,none,none,False,True,False
gpt52,S143,derogation,not_applicable,not_applicable,False,True,False
gpt52,S143,profiling,not_applicable,not_applicable,False,True,False
gpt52,S143,art50,yes,yes,False,True,False
gpt52,S144,art5,no,no,False,True,True
gpt52,S144,annex_i,no,no,False,True,True
gpt52,S144,annex_iii,none,none,False,True,True
gpt52,S144,derogation,not_applicable,not_applicable,False,True,True
gpt52,S144,profiling,not_applicable,not_applicable,False,True,True
gpt52,S144,art50,no,unclear,False,False,True
gpt52,S145,art5,no,no,False,True,True
gpt52,S145,annex_i,no,no,False,True,True
gpt52,S145,annex_iii,none,none,False,True,True
gpt52,S145,derogation,not_applicable,not_applicable,False,True,True
gpt52,S145,profiling,not_applicable,not_applicable,False,True,True
gpt52,S145,art50,yes,yes,False,True,True
gpt52,S146,art5,no,no,False,True,True
gpt52,S146,annex_i,yes,yes,False,True,True
gpt52,S146,annex_iii,none,none,False,True,True
gpt52,S146,derogation,not_applicable,not_applicable,False,True,True
gpt52,S146,profiling,not_applicable,not_applicable,False,True,True
gpt52,S146,art50,no,no,False,True,True
gpt52,S147,art5,no,no,False,True,True
gpt52,S147,annex_i,no,no,False,True,True
gpt52,S147,annex_iii,none,none,False,True,True
gpt52,S147,derogation,not_applicable,not_applicable,False,True,True
gpt52,S147,profiling,not_applicable,not_applicable,False,True,True
gpt52,S147,art50,yes,yes,False,True,True
gpt52,S148,art5,no,no,False,True,True
gpt52,S148,annex_i,no,no,False,True,True
gpt52,S148,annex_iii,none,none,False,True,True
gpt52,S148,derogation,not_applicable,not_applicable,False,True,True
gpt52,S148,profiling,not_applicable,not_applicable,False,True,True
gpt52,S148,art50,yes,yes,False,True,True
gpt52,S149,art5,no,no,False,True,True
gpt52,S149,annex_i,no,no,False,True,True
gpt52,S149,annex_iii,none,none,False,True,True
gpt52,S149,derogation,not_applicable,not_applicable,False,True,True
gpt52,S149,profiling,not_applicable,not_applicable,False,True,True
gpt52,S149,art50,yes,yes,False,True,True
gpt52,S150,art5,no,no,False,True,True
gpt52,S150,annex_i,no,no,False,True,True
gpt52,S150,annex_iii,none,none,False,True,True
gpt52,S150,derogation,not_applicable,not_applicable,False,True,True
gpt52,S150,profiling,not_applicable,not_applicable,False,True,True
gpt52,S150,art50,yes,yes,False,True,True
gpt56luna,S001,art5,no,no,False,True,False
gpt56luna,S001,annex_i,no,no,False,True,False
gpt56luna,S001,annex_iii,none,none,False,True,False
gpt56luna,S001,derogation,not_applicable,not_applicable,False,True,False
gpt56luna,S001,profiling,not_applicable,not_applicable,False,True,False
gpt56luna,S001,art50,no,no,False,True,False
gpt56luna,S002,art5,no,no,False,True,True
gpt56luna,S002,annex_i,no,no,False,True,True
gpt56luna,S002,annex_iii,none,none,False,True,True
gpt56luna,S002,derogation,not_applicable,not_applicable,False,True,True
gpt56luna,S002,profiling,not_applicable,not_applicable,False,True,True
gpt56luna,S002,art50,yes,yes,False,True,True
gpt56luna,S003,art5,no,no,False,True,True
gpt56luna,S003,annex_i,no,no,False,True,True
gpt56luna,S003,annex_iii,none,none,False,True,True
gpt56luna,S003,derogation,not_applicable,not_applicable,False,True,True
gpt56luna,S003,profiling,not_applicable,not_applicable,False,True,True
gpt56luna,S003,art50,yes,yes,False,True,True
gpt56luna,S004,art5,no,no,False,True,True
gpt56luna,S004,annex_i,no,no,False,True,True
gpt56luna,S004,annex_iii,none,none,False,True,True
gpt56luna,S004,derogation,not_applicable,not_applicable,False,True,True
gpt56luna,S004,profiling,not_applicable,not_applicable,False,True,True
gpt56luna,S004,art50,yes,yes,False,True,True
gpt56luna,S005,art5,no,no,False,True,False
gpt56luna,S005,annex_i,no,no,False,True,False
gpt56luna,S005,annex_iii,migration,none,False,False,False
gpt56luna,S005,derogation,does_not_apply,not_applicable,False,False,False
gpt56luna,S005,profiling,no,not_applicable,False,False,False
gpt56luna,S005,art50,no,no,False,True,False
gpt56luna,S006,art5,no,no,False,True,True
gpt56luna,S006,annex_i,no,no,False,True,True
gpt56luna,S006,annex_iii,essential_services,essential_services,False,True,True
gpt56luna,S006,derogation,does_not_apply,does_not_apply,False,True,True
gpt56luna,S006,profiling,yes,yes,False,True,True
gpt56luna,S006,art50,no,no,False,True,True
gpt56luna,S007,art5,no,no,False,True,False
gpt56luna,S007,annex_i,no,no,False,True,False
gpt56luna,S007,annex_iii,migration,none,False,False,False
gpt56luna,S007,derogation,does_not_apply,not_applicable,False,False,False
gpt56luna,S007,profiling,no,not_applicable,False,False,False
gpt56luna,S007,art50,no,no,False,True,False
gpt56luna,S008,art5,no,no,False,True,True
gpt56luna,S008,annex_i,yes,yes,False,True,True
gpt56luna,S008,annex_iii,none,critical_infrastructure,False,False,True
gpt56luna,S008,derogation,not_applicable,not_applicable,False,True,True
gpt56luna,S008,profiling,not_applicable,not_applicable,False,True,True
gpt56luna,S008,art50,no,no,False,True,True
gpt56luna,S009,art5,no,no,False,True,True
gpt56luna,S009,annex_i,yes,yes,False,True,True
gpt56luna,S009,annex_iii,none,critical_infrastructure,False,False,True
gpt56luna,S009,derogation,not_applicable,not_applicable,False,True,True
gpt56luna,S009,profiling,not_applicable,not_applicable,False,True,True
gpt56luna,S009,art50,no,yes,False,False,True
gpt56luna,S010,art5,yes,yes,False,True,True
gpt56luna,S010,annex_i,no,no,False,True,True
gpt56luna,S010,annex_iii,biometrics,biometrics,False,True,True
gpt56luna,S010,derogation,not_applicable,not_applicable,False,True,True
gpt56luna,S010,profiling,not_applicable,yes,False,False,True
gpt56luna,S010,art50,yes,yes,False,True,True
gpt56luna,S011,art5,no,no,False,True,True
gpt56luna,S011,annex_i,no,no,False,True,True
gpt56luna,S011,annex_iii,biometrics,biometrics,False,True,True
gpt56luna,S011,derogation,does_not_apply,does_not_apply,False,True,True
gpt56luna,S011,profiling,no,no,False,True,True
gpt56luna,S011,art50,no,no,False,True,True
gpt56luna,S012,art5,no,no,False,True,True
gpt56luna,S012,annex_i,no,no,False,True,True
gpt56luna,S012,annex_iii,essential_services,essential_services,False,True,True
gpt56luna,S012,derogation,does_not_apply,does_not_apply,False,True,True
gpt56luna,S012,profiling,yes,unclear,False,False,True
gpt56luna,S012,art50,no,no,False,True,True
gpt56luna,S013,art5,no,no,False,True,False
gpt56luna,S013,annex_i,no,unclear,False,False,False
gpt56luna,S013,annex_iii,law_enforcement,law_enforcement,False,True,False
gpt56luna,S013,derogation,does_not_apply,applies,False,False,False
gpt56luna,S013,profiling,no,no,False,True,False
gpt56luna,S013,art50,no,no,False,True,False
gpt56luna,S014,art5,no,no,False,True,True
gpt56luna,S014,annex_i,no,no,False,True,True
gpt56luna,S014,annex_iii,none,none,False,True,True
gpt56luna,S014,derogation,not_applicable,not_applicable,False,True,True
gpt56luna,S014,profiling,not_applicable,not_applicable,False,True,True
gpt56luna,S014,art50,no,no,False,True,True
gpt56luna,S015,art5,no,no,False,True,True
gpt56luna,S015,annex_i,no,no,False,True,True
gpt56luna,S015,annex_iii,none,none,False,True,True
gpt56luna,S015,derogation,not_applicable,not_applicable,False,True,True
gpt56luna,S015,profiling,not_applicable,not_applicable,False,True,True
gpt56luna,S015,art50,no,unclear,False,False,True
gpt56luna,S016,art5,no,no,False,True,True
gpt56luna,S016,annex_i,yes,yes,False,True,True
gpt56luna,S016,annex_iii,none,none,False,True,True
gpt56luna,S016,derogation,not_applicable,not_applicable,False,True,True
gpt56luna,S016,profiling,not_applicable,not_applicable,False,True,True
gpt56luna,S016,art50,no,no,False,True,True
gpt56luna,S017,art5,no,no,False,True,True
gpt56luna,S017,annex_i,no,no,False,True,True
gpt56luna,S017,annex_iii,biometrics,biometrics,False,True,True
gpt56luna,S017,derogation,does_not_apply,does_not_apply,False,True,True
gpt56luna,S017,profiling,no,no,False,True,True
gpt56luna,S017,art50,no,no,False,True,True
gpt56luna,S018,art5,no,no,False,True,True
gpt56luna,S018,annex_i,no,no,False,True,True
gpt56luna,S018,annex_iii,none,none,False,True,True
gpt56luna,S018,derogation,not_applicable,not_applicable,False,True,True
gpt56luna,S018,profiling,not_applicable,not_applicable,False,True,True
gpt56luna,S018,art50,yes,yes,False,True,True
gpt56luna,S020,art5,no,no,False,True,True
gpt56luna,S020,annex_i,no,no,False,True,True
gpt56luna,S020,annex_iii,none,none,False,True,True
gpt56luna,S020,derogation,not_applicable,not_applicable,False,True,True
gpt56luna,S020,profiling,not_applicable,not_applicable,False,True,True
gpt56luna,S020,art50,no,no,False,True,True
gpt56luna,S021,art5,no,no,False,True,True
gpt56luna,S021,annex_i,no,no,False,True,True
gpt56luna,S021,annex_iii,migration,migration,False,True,True
gpt56luna,S021,derogation,does_not_apply,does_not_apply,False,True,True
gpt56luna,S021,profiling,yes,yes,False,True,True
gpt56luna,S021,art50,no,no,False,True,True
gpt56luna,S022,art5,no,no,False,True,True
gpt56luna,S022,annex_i,no,no,False,True,True
gpt56luna,S022,annex_iii,biometrics,biometrics,False,True,True
gpt56luna,S022,derogation,does_not_apply,does_not_apply,False,True,True
gpt56luna,S022,profiling,no,no,False,True,True
gpt56luna,S022,art50,no,no,False,True,True
gpt56luna,S023,art5,no,no,False,True,True
gpt56luna,S023,annex_i,no,no,False,True,True
gpt56luna,S023,annex_iii,biometrics,biometrics,False,True,True
gpt56luna,S023,derogation,does_not_apply,does_not_apply,False,True,True
gpt56luna,S023,profiling,no,no,False,True,True
gpt56luna,S023,art50,no,no,False,True,True
gpt56luna,S024,art5,no,no,False,True,False
gpt56luna,S024,annex_i,no,no,False,True,False
gpt56luna,S024,annex_iii,none,education,False,False,False
gpt56luna,S024,derogation,not_applicable,does_not_apply,False,False,False
gpt56luna,S024,profiling,not_applicable,yes,False,False,False
gpt56luna,S024,art50,no,no,False,True,False
gpt56luna,S025,art5,yes,yes,False,True,True
gpt56luna,S025,annex_i,no,no,False,True,True
gpt56luna,S025,annex_iii,biometrics,biometrics,False,True,True
gpt56luna,S025,derogation,not_applicable,does_not_apply,False,False,True
gpt56luna,S025,profiling,not_applicable,no,False,False,True
gpt56luna,S025,art50,no,no,False,True,True
gpt56luna,S027,art5,no,no,False,True,True
gpt56luna,S027,annex_i,no,no,False,True,True
gpt56luna,S027,annex_iii,migration,migration,False,True,True
gpt56luna,S027,derogation,does_not_apply,does_not_apply,False,True,True
gpt56luna,S027,profiling,yes,yes,False,True,True
gpt56luna,S027,art50,no,no,False,True,True
gpt56luna,S029,art5,no,no,False,True,True
gpt56luna,S029,annex_i,no,no,False,True,True
gpt56luna,S029,annex_iii,none,none,False,True,True
gpt56luna,S029,derogation,not_applicable,not_applicable,False,True,True
gpt56luna,S029,profiling,not_applicable,not_applicable,False,True,True
gpt56luna,S029,art50,yes,yes,False,True,True
gpt56luna,S030,art5,no,no,False,True,True
gpt56luna,S030,annex_i,yes,yes,False,True,True
gpt56luna,S030,annex_iii,none,critical_infrastructure,False,False,True
gpt56luna,S030,derogation,not_applicable,not_applicable,False,True,True
gpt56luna,S030,profiling,not_applicable,not_applicable,False,True,True
gpt56luna,S030,art50,no,no,False,True,True
gpt56luna,S031,art5,no,no,False,True,True
gpt56luna,S031,annex_i,no,no,False,True,True
gpt56luna,S031,annex_iii,biometrics,biometrics,False,True,True
gpt56luna,S031,derogation,does_not_apply,does_not_apply,False,True,True
gpt56luna,S031,profiling,yes,yes,False,True,True
gpt56luna,S031,art50,yes,yes,False,True,True
gpt56luna,S032,art5,unclear,no,False,False,True
gpt56luna,S032,annex_i,no,no,False,True,True
gpt56luna,S032,annex_iii,biometrics,biometrics,False,True,True
gpt56luna,S032,derogation,does_not_apply,does_not_apply,False,True,True
gpt56luna,S032,profiling,no,no,False,True,True
gpt56luna,S032,art50,no,no,False,True,True
gpt56luna,S033,art5,no,no,False,True,True
gpt56luna,S033,annex_i,no,no,False,True,True
gpt56luna,S033,annex_iii,biometrics,biometrics,False,True,True
gpt56luna,S033,derogation,does_not_apply,does_not_apply,False,True,True
gpt56luna,S033,profiling,no,no,False,True,True
gpt56luna,S033,art50,no,no,False,True,True
gpt56luna,S034,art5,no,no,False,True,True
gpt56luna,S034,annex_i,no,no,False,True,True
gpt56luna,S034,annex_iii,employment,employment,False,True,True
gpt56luna,S034,derogation,does_not_apply,does_not_apply,False,True,True
gpt56luna,S034,profiling,yes,yes,False,True,True
gpt56luna,S034,art50,no,no,False,True,True
gpt56luna,S035,art5,no,no,False,True,True
gpt56luna,S035,annex_i,no,no,False,True,True
gpt56luna,S035,annex_iii,none,none,False,True,True
gpt56luna,S035,derogation,not_applicable,not_applicable,False,True,True
gpt56luna,S035,profiling,not_applicable,not_applicable,False,True,True
gpt56luna,S035,art50,yes,yes,False,True,True
gpt56luna,S036,art5,no,no,False,True,True
gpt56luna,S036,annex_i,no,no,False,True,True
gpt56luna,S036,annex_iii,education,education,False,True,True
gpt56luna,S036,derogation,does_not_apply,does_not_apply,False,True,True
gpt56luna,S036,profiling,yes,yes,False,True,True
gpt56luna,S036,art50,no,yes,False,False,True
gpt56luna,S037,art5,no,no,False,True,True
gpt56luna,S037,annex_i,yes,yes,False,True,True
gpt56luna,S037,annex_iii,none,none,False,True,True
gpt56luna,S037,derogation,not_applicable,not_applicable,False,True,True
gpt56luna,S037,profiling,not_applicable,not_applicable,False,True,True
gpt56luna,S037,art50,no,no,False,True,True
gpt56luna,S038,art5,no,no,False,True,True
gpt56luna,S038,annex_i,no,no,False,True,True
gpt56luna,S038,annex_iii,none,none,False,True,True
gpt56luna,S038,derogation,not_applicable,not_applicable,False,True,True
gpt56luna,S038,profiling,not_applicable,not_applicable,False,True,True
gpt56luna,S038,art50,no,no,False,True,True
gpt56luna,S039,art5,no,no,False,True,True
gpt56luna,S039,annex_i,no,no,False,True,True
gpt56luna,S039,annex_iii,migration,migration,False,True,True
gpt56luna,S039,derogation,does_not_apply,does_not_apply,False,True,True
gpt56luna,S039,profiling,yes,no,False,False,True
gpt56luna,S039,art50,no,yes,False,False,True
gpt56luna,S040,art5,no,no,False,True,True
gpt56luna,S040,annex_i,no,no,False,True,True
gpt56luna,S040,annex_iii,none,none,False,True,True
gpt56luna,S040,derogation,not_applicable,not_applicable,False,True,True
gpt56luna,S040,profiling,not_applicable,not_applicable,False,True,True
gpt56luna,S040,art50,no,no,False,True,True
gpt56luna,S042,art5,no,no,False,True,True
gpt56luna,S042,annex_i,yes,yes,False,True,True
gpt56luna,S042,annex_iii,none,critical_infrastructure,False,False,True
gpt56luna,S042,derogation,not_applicable,not_applicable,False,True,True
gpt56luna,S042,profiling,not_applicable,not_applicable,False,True,True
gpt56luna,S042,art50,no,no,False,True,True
gpt56luna,S043,art5,no,no,False,True,True
gpt56luna,S043,annex_i,no,no,False,True,True
gpt56luna,S043,annex_iii,migration,migration,False,True,True
gpt56luna,S043,derogation,does_not_apply,does_not_apply,False,True,True
gpt56luna,S043,profiling,no,no,False,True,True
gpt56luna,S043,art50,no,no,False,True,True
gpt56luna,S044,art5,no,no,False,True,True
gpt56luna,S044,annex_i,no,no,False,True,True
gpt56luna,S044,annex_iii,none,none,False,True,True
gpt56luna,S044,derogation,not_applicable,not_applicable,False,True,True
gpt56luna,S044,profiling,not_applicable,not_applicable,False,True,True
gpt56luna,S044,art50,yes,yes,False,True,True
gpt56luna,S045,art5,no,no,False,True,True
gpt56luna,S045,annex_i,no,no,False,True,True
gpt56luna,S045,annex_iii,none,none,False,True,True
gpt56luna,S045,derogation,not_applicable,not_applicable,False,True,True
gpt56luna,S045,profiling,not_applicable,not_applicable,False,True,True
gpt56luna,S045,art50,yes,yes,False,True,True
gpt56luna,S046,art5,no,no,False,True,True
gpt56luna,S046,annex_i,no,no,False,True,True
gpt56luna,S046,annex_iii,essential_services,essential_services,False,True,True
gpt56luna,S046,derogation,does_not_apply,does_not_apply,False,True,True
gpt56luna,S046,profiling,not_applicable,yes,False,False,True
gpt56luna,S046,art50,no,no,False,True,True
gpt56luna,S047,art5,no,no,False,True,True
gpt56luna,S047,annex_i,no,no,False,True,True
gpt56luna,S047,annex_iii,biometrics,law_enforcement,False,False,True
gpt56luna,S047,derogation,does_not_apply,does_not_apply,False,True,True
gpt56luna,S047,profiling,no,no,False,True,True
gpt56luna,S047,art50,no,no,False,True,True
gpt56luna,S048,art5,no,no,False,True,True
gpt56luna,S048,annex_i,no,no,False,True,True
gpt56luna,S048,annex_iii,none,none,False,True,True
gpt56luna,S048,derogation,not_applicable,not_applicable,False,True,True
gpt56luna,S048,profiling,not_applicable,not_applicable,False,True,True
gpt56luna,S048,art50,yes,yes,False,True,True
gpt56luna,S049,art5,no,no,False,True,False
gpt56luna,S049,annex_i,no,no,False,True,False
gpt56luna,S049,annex_iii,migration,migration,False,True,False
gpt56luna,S049,derogation,does_not_apply,applies,False,False,False
gpt56luna,S049,profiling,no,no,False,True,False
gpt56luna,S049,art50,yes,yes,False,True,False
gpt56luna,S050,art5,no,no,False,True,True
gpt56luna,S050,annex_i,yes,yes,False,True,True
gpt56luna,S050,annex_iii,none,critical_infrastructure,False,False,True
gpt56luna,S050,derogation,not_applicable,not_applicable,False,True,True
gpt56luna,S050,profiling,not_applicable,not_applicable,False,True,True
gpt56luna,S050,art50,no,no,False,True,True
gpt56luna,S051,art5,no,no,False,True,True
gpt56luna,S051,annex_i,no,no,False,True,True
gpt56luna,S051,annex_iii,essential_services,essential_services,False,True,True
gpt56luna,S051,derogation,does_not_apply,does_not_apply,False,True,True
gpt56luna,S051,profiling,yes,yes,False,True,True
gpt56luna,S051,art50,no,no,False,True,True
gpt56luna,S052,art5,no,no,False,True,True
gpt56luna,S052,annex_i,yes,yes,False,True,True
gpt56luna,S052,annex_iii,none,critical_infrastructure,False,False,True
gpt56luna,S052,derogation,not_applicable,not_applicable,False,True,True
gpt56luna,S052,profiling,not_applicable,not_applicable,False,True,True
gpt56luna,S052,art50,no,no,False,True,True
gpt56luna,S053,art5,unclear,no,False,False,True
gpt56luna,S053,annex_i,no,no,False,True,True
gpt56luna,S053,annex_iii,none,none,False,True,True
gpt56luna,S053,derogation,not_applicable,not_applicable,False,True,True
gpt56luna,S053,profiling,not_applicable,not_applicable,False,True,True
gpt56luna,S053,art50,yes,yes,False,True,True
gpt56luna,S054,art5,no,no,False,True,True
gpt56luna,S054,annex_i,no,no,False,True,True
gpt56luna,S054,annex_iii,employment,employment,False,True,True
gpt56luna,S054,derogation,does_not_apply,does_not_apply,False,True,True
gpt56luna,S054,profiling,yes,unclear,False,False,True
gpt56luna,S054,art50,no,no,False,True,True
gpt56luna,S055,art5,no,no,False,True,True
gpt56luna,S055,annex_i,no,no,False,True,True
gpt56luna,S055,annex_iii,none,none,False,True,True
gpt56luna,S055,derogation,not_applicable,not_applicable,False,True,True
gpt56luna,S055,profiling,not_applicable,not_applicable,False,True,True
gpt56luna,S055,art50,no,no,False,True,True
gpt56luna,S056,art5,unclear,no,False,False,True
gpt56luna,S056,annex_i,no,no,False,True,True
gpt56luna,S056,annex_iii,none,none,False,True,True
gpt56luna,S056,derogation,not_applicable,not_applicable,False,True,True
gpt56luna,S056,profiling,not_applicable,not_applicable,False,True,True
gpt56luna,S056,art50,yes,yes,False,True,True
gpt56luna,S057,art5,no,no,False,True,True
gpt56luna,S057,annex_i,no,no,False,True,True
gpt56luna,S057,annex_iii,none,none,False,True,True
gpt56luna,S057,derogation,not_applicable,not_applicable,False,True,True
gpt56luna,S057,profiling,not_applicable,not_applicable,False,True,True
gpt56luna,S057,art50,yes,yes,False,True,True
gpt56luna,S058,art5,no,no,False,True,True
gpt56luna,S058,annex_i,no,no,False,True,True
gpt56luna,S058,annex_iii,none,none,False,True,True
gpt56luna,S058,derogation,not_applicable,not_applicable,False,True,True
gpt56luna,S058,profiling,not_applicable,not_applicable,False,True,True
gpt56luna,S058,art50,no,no,False,True,True
gpt56luna,S060,art5,no,no,False,True,True
gpt56luna,S060,annex_i,no,no,False,True,True
gpt56luna,S060,annex_iii,biometrics,biometrics,False,True,True
gpt56luna,S060,derogation,does_not_apply,does_not_apply,False,True,True
gpt56luna,S060,profiling,yes,yes,False,True,True
gpt56luna,S060,art50,no,no,False,True,True
gpt56luna,S061,art5,no,no,False,True,True
gpt56luna,S061,annex_i,no,no,False,True,True
gpt56luna,S061,annex_iii,biometrics,biometrics,False,True,True
gpt56luna,S061,derogation,does_not_apply,does_not_apply,False,True,True
gpt56luna,S061,profiling,yes,no,False,False,True
gpt56luna,S061,art50,no,no,False,True,True
gpt56luna,S062,art5,no,no,False,True,True
gpt56luna,S062,annex_i,yes,yes,False,True,True
gpt56luna,S062,annex_iii,none,critical_infrastructure,False,False,True
gpt56luna,S062,derogation,not_applicable,not_applicable,False,True,True
gpt56luna,S062,profiling,not_applicable,not_applicable,False,True,True
gpt56luna,S062,art50,no,no,False,True,True
gpt56luna,S063,art5,no,no,False,True,True
gpt56luna,S063,annex_i,no,no,False,True,True
gpt56luna,S063,annex_iii,none,none,False,True,True
gpt56luna,S063,derogation,not_applicable,not_applicable,False,True,True
gpt56luna,S063,profiling,not_applicable,not_applicable,False,True,True
gpt56luna,S063,art50,yes,yes,False,True,True
gpt56luna,S064,art5,no,no,False,True,True
gpt56luna,S064,annex_i,no,no,False,True,True
gpt56luna,S064,annex_iii,none,none,False,True,True
gpt56luna,S064,derogation,not_applicable,not_applicable,False,True,True
gpt56luna,S064,profiling,not_applicable,not_applicable,False,True,True
gpt56luna,S064,art50,yes,yes,False,True,True
gpt56luna,S065,art5,no,unclear,False,False,True
gpt56luna,S065,annex_i,no,no,False,True,True
gpt56luna,S065,annex_iii,none,none,False,True,True
gpt56luna,S065,derogation,not_applicable,not_applicable,False,True,True
gpt56luna,S065,profiling,not_applicable,not_applicable,False,True,True
gpt56luna,S065,art50,yes,yes,False,True,True
gpt56luna,S066,art5,no,no,False,True,True
gpt56luna,S066,annex_i,no,no,False,True,True
gpt56luna,S066,annex_iii,justice_democracy,justice_democracy,False,True,True
gpt56luna,S066,derogation,does_not_apply,does_not_apply,False,True,True
gpt56luna,S066,profiling,no,no,False,True,True
gpt56luna,S066,art50,yes,yes,False,True,True
gpt56luna,S068,art5,no,no,False,True,True
gpt56luna,S068,annex_i,no,no,False,True,True
gpt56luna,S068,annex_iii,none,none,False,True,True
gpt56luna,S068,derogation,not_applicable,not_applicable,False,True,True
gpt56luna,S068,profiling,not_applicable,not_applicable,False,True,True
gpt56luna,S068,art50,yes,yes,False,True,True
gpt56luna,S069,art5,yes,no,False,False,False
gpt56luna,S069,annex_i,no,no,False,True,False
gpt56luna,S069,annex_iii,none,none,False,True,False
gpt56luna,S069,derogation,not_applicable,not_applicable,False,True,False
gpt56luna,S069,profiling,not_applicable,not_applicable,False,True,False
gpt56luna,S069,art50,yes,yes,False,True,False
gpt56luna,S070,art5,no,no,False,True,True
gpt56luna,S070,annex_i,yes,yes,False,True,True
gpt56luna,S070,annex_iii,none,critical_infrastructure,False,False,True
gpt56luna,S070,derogation,not_applicable,not_applicable,False,True,True
gpt56luna,S070,profiling,not_applicable,not_applicable,False,True,True
gpt56luna,S070,art50,no,no,False,True,True
gpt56luna,S071,art5,no,no,False,True,True
gpt56luna,S071,annex_i,yes,yes,False,True,True
gpt56luna,S071,annex_iii,none,none,False,True,True
gpt56luna,S071,derogation,not_applicable,not_applicable,False,True,True
gpt56luna,S071,profiling,not_applicable,not_applicable,False,True,True
gpt56luna,S071,art50,no,no,False,True,True
gpt56luna,S072,art5,unclear,yes,False,False,False
gpt56luna,S072,annex_i,unclear,unclear,False,True,False
gpt56luna,S072,annex_iii,unclear,none,False,False,False
gpt56luna,S072,derogation,unclear,not_applicable,False,False,False
gpt56luna,S072,profiling,unclear,not_applicable,False,False,False
gpt56luna,S072,art50,unclear,unclear,False,True,False
gpt56luna,S073,art5,no,no,False,True,True
gpt56luna,S073,annex_i,no,no,False,True,True
gpt56luna,S073,annex_iii,essential_services,essential_services,False,True,True
gpt56luna,S073,derogation,does_not_apply,does_not_apply,False,True,True
gpt56luna,S073,profiling,yes,yes,False,True,True
gpt56luna,S073,art50,no,no,False,True,True
gpt56luna,S074,art5,no,unclear,False,False,True
gpt56luna,S074,annex_i,no,no,False,True,True
gpt56luna,S074,annex_iii,none,none,False,True,True
gpt56luna,S074,derogation,not_applicable,not_applicable,False,True,True
gpt56luna,S074,profiling,not_applicable,not_applicable,False,True,True
gpt56luna,S074,art50,yes,yes,False,True,True
gpt56luna,S075,art5,no,no,False,True,True
gpt56luna,S075,annex_i,no,no,False,True,True
gpt56luna,S075,annex_iii,none,none,False,True,True
gpt56luna,S075,derogation,not_applicable,not_applicable,False,True,True
gpt56luna,S075,profiling,not_applicable,not_applicable,False,True,True
gpt56luna,S075,art50,yes,yes,False,True,True
gpt56luna,S076,art5,no,no,False,True,True
gpt56luna,S076,annex_i,no,no,False,True,True
gpt56luna,S076,annex_iii,none,none,False,True,True
gpt56luna,S076,derogation,not_applicable,not_applicable,False,True,True
gpt56luna,S076,profiling,not_applicable,not_applicable,False,True,True
gpt56luna,S076,art50,yes,yes,False,True,True
gpt56luna,S077,art5,no,no,False,True,True
gpt56luna,S077,annex_i,no,no,False,True,True
gpt56luna,S077,annex_iii,none,none,False,True,True
gpt56luna,S077,derogation,not_applicable,not_applicable,False,True,True
gpt56luna,S077,profiling,not_applicable,not_applicable,False,True,True
gpt56luna,S077,art50,yes,yes,False,True,True
gpt56luna,S078,art5,no,yes,False,False,False
gpt56luna,S078,annex_i,no,no,False,True,False
gpt56luna,S078,annex_iii,none,none,False,True,False
gpt56luna,S078,derogation,not_applicable,not_applicable,False,True,False
gpt56luna,S078,profiling,not_applicable,not_applicable,False,True,False
gpt56luna,S078,art50,yes,yes,False,True,False
gpt56luna,S079,art5,no,unclear,False,False,True
gpt56luna,S079,annex_i,no,no,False,True,True
gpt56luna,S079,annex_iii,none,none,False,True,True
gpt56luna,S079,derogation,not_applicable,not_applicable,False,True,True
gpt56luna,S079,profiling,not_applicable,not_applicable,False,True,True
gpt56luna,S079,art50,yes,yes,False,True,True
gpt56luna,S080,art5,no,no,False,True,True
gpt56luna,S080,annex_i,no,no,False,True,True
gpt56luna,S080,annex_iii,none,none,False,True,True
gpt56luna,S080,derogation,not_applicable,not_applicable,False,True,True
gpt56luna,S080,profiling,not_applicable,not_applicable,False,True,True
gpt56luna,S080,art50,yes,yes,False,True,True
gpt56luna,S081,art5,no,no,False,True,True
gpt56luna,S081,annex_i,no,no,False,True,True
gpt56luna,S081,annex_iii,law_enforcement,law_enforcement,False,True,True
gpt56luna,S081,derogation,does_not_apply,does_not_apply,False,True,True
gpt56luna,S081,profiling,yes,yes,False,True,True
gpt56luna,S081,art50,no,no,False,True,True
gpt56luna,S082,art5,no,no,False,True,True
gpt56luna,S082,annex_i,no,no,False,True,True
gpt56luna,S082,annex_iii,essential_services,essential_services,False,True,True
gpt56luna,S082,derogation,does_not_apply,does_not_apply,False,True,True
gpt56luna,S082,profiling,yes,yes,False,True,True
gpt56luna,S082,art50,no,no,False,True,True
gpt56luna,S083,art5,no,yes,False,False,False
gpt56luna,S083,annex_i,no,no,False,True,False
gpt56luna,S083,annex_iii,none,none,False,True,False
gpt56luna,S083,derogation,not_applicable,not_applicable,False,True,False
gpt56luna,S083,profiling,not_applicable,not_applicable,False,True,False
gpt56luna,S083,art50,yes,yes,False,True,False
gpt56luna,S084,art5,no,yes,False,False,False
gpt56luna,S084,annex_i,no,no,False,True,False
gpt56luna,S084,annex_iii,none,none,False,True,False
gpt56luna,S084,derogation,not_applicable,not_applicable,False,True,False
gpt56luna,S084,profiling,not_applicable,not_applicable,False,True,False
gpt56luna,S084,art50,yes,yes,False,True,False
gpt56luna,S085,art5,no,yes,False,False,False
gpt56luna,S085,annex_i,no,no,False,True,False
gpt56luna,S085,annex_iii,none,none,False,True,False
gpt56luna,S085,derogation,not_applicable,not_applicable,False,True,False
gpt56luna,S085,profiling,not_applicable,not_applicable,False,True,False
gpt56luna,S085,art50,yes,yes,False,True,False
gpt56luna,S086,art5,no,yes,False,False,False
gpt56luna,S086,annex_i,no,no,False,True,False
gpt56luna,S086,annex_iii,none,none,False,True,False
gpt56luna,S086,derogation,not_applicable,not_applicable,False,True,False
gpt56luna,S086,profiling,not_applicable,not_applicable,False,True,False
gpt56luna,S086,art50,yes,yes,False,True,False
gpt56luna,S087,art5,no,yes,False,False,False
gpt56luna,S087,annex_i,no,no,False,True,False
gpt56luna,S087,annex_iii,none,none,False,True,False
gpt56luna,S087,derogation,not_applicable,not_applicable,False,True,False
gpt56luna,S087,profiling,not_applicable,not_applicable,False,True,False
gpt56luna,S087,art50,yes,yes,False,True,False
gpt56luna,S088,art5,no,yes,False,False,False
gpt56luna,S088,annex_i,no,no,False,True,False
gpt56luna,S088,annex_iii,none,none,False,True,False
gpt56luna,S088,derogation,not_applicable,not_applicable,False,True,False
gpt56luna,S088,profiling,not_applicable,not_applicable,False,True,False
gpt56luna,S088,art50,yes,yes,False,True,False
gpt56luna,S089,art5,no,no,False,True,True
gpt56luna,S089,annex_i,no,no,False,True,True
gpt56luna,S089,annex_iii,none,none,False,True,True
gpt56luna,S089,derogation,not_applicable,not_applicable,False,True,True
gpt56luna,S089,profiling,not_applicable,not_applicable,False,True,True
gpt56luna,S089,art50,yes,yes,False,True,True
gpt56luna,S090,art5,no,no,False,True,True
gpt56luna,S090,annex_i,yes,yes,False,True,True
gpt56luna,S090,annex_iii,none,none,False,True,True
gpt56luna,S090,derogation,not_applicable,not_applicable,False,True,True
gpt56luna,S090,profiling,not_applicable,not_applicable,False,True,True
gpt56luna,S090,art50,no,no,False,True,True
gpt56luna,S091,art5,no,yes,False,False,False
gpt56luna,S091,annex_i,no,no,False,True,False
gpt56luna,S091,annex_iii,none,none,False,True,False
gpt56luna,S091,derogation,not_applicable,not_applicable,False,True,False
gpt56luna,S091,profiling,not_applicable,not_applicable,False,True,False
gpt56luna,S091,art50,yes,yes,False,True,False
gpt56luna,S092,art5,unclear,no,False,False,True
gpt56luna,S092,annex_i,no,no,False,True,True
gpt56luna,S092,annex_iii,none,none,False,True,True
gpt56luna,S092,derogation,not_applicable,not_applicable,False,True,True
gpt56luna,S092,profiling,not_applicable,not_applicable,False,True,True
gpt56luna,S092,art50,yes,yes,False,True,True
gpt56luna,S093,art5,yes,unclear,False,False,False
gpt56luna,S093,annex_i,no,no,False,True,False
gpt56luna,S093,annex_iii,none,none,False,True,False
gpt56luna,S093,derogation,not_applicable,not_applicable,False,True,False
gpt56luna,S093,profiling,not_applicable,not_applicable,False,True,False
gpt56luna,S093,art50,yes,yes,False,True,False
gpt56luna,S094,art5,no,no,False,True,True
gpt56luna,S094,annex_i,no,no,False,True,True
gpt56luna,S094,annex_iii,none,none,False,True,True
gpt56luna,S094,derogation,not_applicable,not_applicable,False,True,True
gpt56luna,S094,profiling,not_applicable,not_applicable,False,True,True
gpt56luna,S094,art50,yes,yes,False,True,True
gpt56luna,S095,art5,yes,yes,False,True,True
gpt56luna,S095,annex_i,no,no,False,True,True
gpt56luna,S095,annex_iii,none,none,False,True,True
gpt56luna,S095,derogation,not_applicable,not_applicable,False,True,True
gpt56luna,S095,profiling,not_applicable,not_applicable,False,True,True
gpt56luna,S095,art50,yes,yes,False,True,True
gpt56luna,S096,art5,no,yes,False,False,False
gpt56luna,S096,annex_i,no,no,False,True,False
gpt56luna,S096,annex_iii,none,none,False,True,False
gpt56luna,S096,derogation,not_applicable,not_applicable,False,True,False
gpt56luna,S096,profiling,not_applicable,not_applicable,False,True,False
gpt56luna,S096,art50,yes,yes,False,True,False
gpt56luna,S097,art5,no,no,False,True,True
gpt56luna,S097,annex_i,no,no,False,True,True
gpt56luna,S097,annex_iii,none,none,False,True,True
gpt56luna,S097,derogation,not_applicable,not_applicable,False,True,True
gpt56luna,S097,profiling,not_applicable,not_applicable,False,True,True
gpt56luna,S097,art50,yes,yes,False,True,True
gpt56luna,S098,art5,no,yes,False,False,False
gpt56luna,S098,annex_i,no,no,False,True,False
gpt56luna,S098,annex_iii,none,none,False,True,False
gpt56luna,S098,derogation,not_applicable,not_applicable,False,True,False
gpt56luna,S098,profiling,not_applicable,not_applicable,False,True,False
gpt56luna,S098,art50,yes,yes,False,True,False
gpt56luna,S099,art5,no,no,False,True,True
gpt56luna,S099,annex_i,no,no,False,True,True
gpt56luna,S099,annex_iii,none,none,False,True,True
gpt56luna,S099,derogation,not_applicable,not_applicable,False,True,True
gpt56luna,S099,profiling,not_applicable,not_applicable,False,True,True
gpt56luna,S099,art50,yes,yes,False,True,True
gpt56luna,S100,art5,no,no,False,True,True
gpt56luna,S100,annex_i,no,no,False,True,True
gpt56luna,S100,annex_iii,none,none,False,True,True
gpt56luna,S100,derogation,not_applicable,not_applicable,False,True,True
gpt56luna,S100,profiling,not_applicable,not_applicable,False,True,True
gpt56luna,S100,art50,no,no,False,True,True
gpt56luna,S101,art5,no,unclear,False,False,True
gpt56luna,S101,annex_i,no,no,False,True,True
gpt56luna,S101,annex_iii,none,none,False,True,True
gpt56luna,S101,derogation,not_applicable,not_applicable,False,True,True
gpt56luna,S101,profiling,not_applicable,not_applicable,False,True,True
gpt56luna,S101,art50,yes,yes,False,True,True
gpt56luna,S102,art5,no,yes,False,False,False
gpt56luna,S102,annex_i,no,no,False,True,False
gpt56luna,S102,annex_iii,none,none,False,True,False
gpt56luna,S102,derogation,not_applicable,not_applicable,False,True,False
gpt56luna,S102,profiling,not_applicable,not_applicable,False,True,False
gpt56luna,S102,art50,yes,yes,False,True,False
gpt56luna,S103,art5,no,yes,False,False,False
gpt56luna,S103,annex_i,no,no,False,True,False
gpt56luna,S103,annex_iii,none,none,False,True,False
gpt56luna,S103,derogation,not_applicable,not_applicable,False,True,False
gpt56luna,S103,profiling,not_applicable,not_applicable,False,True,False
gpt56luna,S103,art50,yes,yes,False,True,False
gpt56luna,S104,art5,no,yes,False,False,False
gpt56luna,S104,annex_i,no,no,False,True,False
gpt56luna,S104,annex_iii,none,none,False,True,False
gpt56luna,S104,derogation,not_applicable,not_applicable,False,True,False
gpt56luna,S104,profiling,not_applicable,not_applicable,False,True,False
gpt56luna,S104,art50,yes,yes,False,True,False
gpt56luna,S105,art5,no,no,False,True,True
gpt56luna,S105,annex_i,no,no,False,True,True
gpt56luna,S105,annex_iii,none,none,False,True,True
gpt56luna,S105,derogation,not_applicable,not_applicable,False,True,True
gpt56luna,S105,profiling,not_applicable,not_applicable,False,True,True
gpt56luna,S105,art50,yes,yes,False,True,True
gpt56luna,S106,art5,yes,no,False,False,False
gpt56luna,S106,annex_i,no,no,False,True,False
gpt56luna,S106,annex_iii,none,none,False,True,False
gpt56luna,S106,derogation,not_applicable,not_applicable,False,True,False
gpt56luna,S106,profiling,not_applicable,not_applicable,False,True,False
gpt56luna,S106,art50,yes,yes,False,True,False
gpt56luna,S107,art5,no,no,False,True,True
gpt56luna,S107,annex_i,no,no,False,True,True
gpt56luna,S107,annex_iii,none,none,False,True,True
gpt56luna,S107,derogation,not_applicable,not_applicable,False,True,True
gpt56luna,S107,profiling,not_applicable,not_applicable,False,True,True
gpt56luna,S107,art50,yes,yes,False,True,True
gpt56luna,S108,art5,no,yes,False,False,False
gpt56luna,S108,annex_i,no,no,False,True,False
gpt56luna,S108,annex_iii,none,none,False,True,False
gpt56luna,S108,derogation,not_applicable,not_applicable,False,True,False
gpt56luna,S108,profiling,not_applicable,not_applicable,False,True,False
gpt56luna,S108,art50,yes,yes,False,True,False
gpt56luna,S109,art5,no,no,False,True,True
gpt56luna,S109,annex_i,no,no,False,True,True
gpt56luna,S109,annex_iii,none,none,False,True,True
gpt56luna,S109,derogation,not_applicable,not_applicable,False,True,True
gpt56luna,S109,profiling,not_applicable,not_applicable,False,True,True
gpt56luna,S109,art50,yes,yes,False,True,True
gpt56luna,S110,art5,no,no,False,True,True
gpt56luna,S110,annex_i,unclear,unclear,False,True,True
gpt56luna,S110,annex_iii,none,none,False,True,True
gpt56luna,S110,derogation,not_applicable,not_applicable,False,True,True
gpt56luna,S110,profiling,not_applicable,not_applicable,False,True,True
gpt56luna,S110,art50,yes,yes,False,True,True
gpt56luna,S111,art5,no,no,False,True,True
gpt56luna,S111,annex_i,no,no,False,True,True
gpt56luna,S111,annex_iii,none,none,False,True,True
gpt56luna,S111,derogation,not_applicable,not_applicable,False,True,True
gpt56luna,S111,profiling,not_applicable,not_applicable,False,True,True
gpt56luna,S111,art50,yes,yes,False,True,True
gpt56luna,S112,art5,no,no,False,True,True
gpt56luna,S112,annex_i,no,no,False,True,True
gpt56luna,S112,annex_iii,none,none,False,True,True
gpt56luna,S112,derogation,not_applicable,not_applicable,False,True,True
gpt56luna,S112,profiling,not_applicable,not_applicable,False,True,True
gpt56luna,S112,art50,yes,yes,False,True,True
gpt56luna,S113,art5,no,no,False,True,True
gpt56luna,S113,annex_i,no,no,False,True,True
gpt56luna,S113,annex_iii,none,none,False,True,True
gpt56luna,S113,derogation,not_applicable,not_applicable,False,True,True
gpt56luna,S113,profiling,not_applicable,not_applicable,False,True,True
gpt56luna,S113,art50,yes,yes,False,True,True
gpt56luna,S114,art5,no,yes,False,False,False
gpt56luna,S114,annex_i,no,no,False,True,False
gpt56luna,S114,annex_iii,none,none,False,True,False
gpt56luna,S114,derogation,not_applicable,not_applicable,False,True,False
gpt56luna,S114,profiling,not_applicable,not_applicable,False,True,False
gpt56luna,S114,art50,yes,yes,False,True,False
gpt56luna,S115,art5,no,yes,False,False,False
gpt56luna,S115,annex_i,no,no,False,True,False
gpt56luna,S115,annex_iii,none,none,False,True,False
gpt56luna,S115,derogation,not_applicable,not_applicable,False,True,False
gpt56luna,S115,profiling,not_applicable,not_applicable,False,True,False
gpt56luna,S115,art50,yes,yes,False,True,False
gpt56luna,S116,art5,no,yes,False,False,False
gpt56luna,S116,annex_i,no,no,False,True,False
gpt56luna,S116,annex_iii,none,none,False,True,False
gpt56luna,S116,derogation,not_applicable,not_applicable,False,True,False
gpt56luna,S116,profiling,not_applicable,not_applicable,False,True,False
gpt56luna,S116,art50,yes,yes,False,True,False
gpt56luna,S117,art5,no,no,False,True,True
gpt56luna,S117,annex_i,no,no,False,True,True
gpt56luna,S117,annex_iii,none,none,False,True,True
gpt56luna,S117,derogation,not_applicable,not_applicable,False,True,True
gpt56luna,S117,profiling,not_applicable,not_applicable,False,True,True
gpt56luna,S117,art50,yes,yes,False,True,True
gpt56luna,S118,art5,no,yes,False,False,False
gpt56luna,S118,annex_i,no,no,False,True,False
gpt56luna,S118,annex_iii,none,none,False,True,False
gpt56luna,S118,derogation,not_applicable,not_applicable,False,True,False
gpt56luna,S118,profiling,not_applicable,not_applicable,False,True,False
gpt56luna,S118,art50,yes,yes,False,True,False
gpt56luna,S119,art5,no,no,False,True,True
gpt56luna,S119,annex_i,no,no,False,True,True
gpt56luna,S119,annex_iii,none,none,False,True,True
gpt56luna,S119,derogation,not_applicable,not_applicable,False,True,True
gpt56luna,S119,profiling,not_applicable,not_applicable,False,True,True
gpt56luna,S119,art50,yes,yes,False,True,True
gpt56luna,S120,art5,no,no,False,True,False
gpt56luna,S120,annex_i,no,no,False,True,False
gpt56luna,S120,annex_iii,law_enforcement,law_enforcement,False,True,False
gpt56luna,S120,derogation,applies,applies,False,True,False
gpt56luna,S120,profiling,no,no,False,True,False
gpt56luna,S120,art50,yes,yes,False,True,False
gpt56luna,S121,art5,no,yes,False,False,False
gpt56luna,S121,annex_i,no,no,False,True,False
gpt56luna,S121,annex_iii,none,none,False,True,False
gpt56luna,S121,derogation,not_applicable,not_applicable,False,True,False
gpt56luna,S121,profiling,not_applicable,not_applicable,False,True,False
gpt56luna,S121,art50,yes,yes,False,True,False
gpt56luna,S122,art5,no,unclear,False,False,True
gpt56luna,S122,annex_i,no,no,False,True,True
gpt56luna,S122,annex_iii,none,none,False,True,True
gpt56luna,S122,derogation,not_applicable,not_applicable,False,True,True
gpt56luna,S122,profiling,not_applicable,not_applicable,False,True,True
gpt56luna,S122,art50,yes,yes,False,True,True
gpt56luna,S123,art5,yes,yes,False,True,True
gpt56luna,S123,annex_i,no,no,False,True,True
gpt56luna,S123,annex_iii,biometrics,law_enforcement,False,False,True
gpt56luna,S123,derogation,not_applicable,does_not_apply,False,False,True
gpt56luna,S123,profiling,not_applicable,no,False,False,True
gpt56luna,S123,art50,no,no,False,True,True
gpt56luna,S124,art5,no,yes,False,False,False
gpt56luna,S124,annex_i,no,no,False,True,False
gpt56luna,S124,annex_iii,none,none,False,True,False
gpt56luna,S124,derogation,not_applicable,not_applicable,False,True,False
gpt56luna,S124,profiling,not_applicable,not_applicable,False,True,False
gpt56luna,S124,art50,yes,yes,False,True,False
gpt56luna,S125,art5,no,yes,False,False,False
gpt56luna,S125,annex_i,no,no,False,True,False
gpt56luna,S125,annex_iii,none,none,False,True,False
gpt56luna,S125,derogation,not_applicable,not_applicable,False,True,False
gpt56luna,S125,profiling,not_applicable,not_applicable,False,True,False
gpt56luna,S125,art50,yes,yes,False,True,False
gpt56luna,S126,art5,no,no,False,True,True
gpt56luna,S126,annex_i,no,no,False,True,True
gpt56luna,S126,annex_iii,none,none,False,True,True
gpt56luna,S126,derogation,not_applicable,not_applicable,False,True,True
gpt56luna,S126,profiling,not_applicable,not_applicable,False,True,True
gpt56luna,S126,art50,yes,yes,False,True,True
gpt56luna,S127,art5,yes,yes,False,True,True
gpt56luna,S127,annex_i,no,no,False,True,True
gpt56luna,S127,annex_iii,none,none,False,True,True
gpt56luna,S127,derogation,not_applicable,not_applicable,False,True,True
gpt56luna,S127,profiling,not_applicable,not_applicable,False,True,True
gpt56luna,S127,art50,no,yes,False,False,True
gpt56luna,S128,art5,no,yes,False,False,False
gpt56luna,S128,annex_i,no,no,False,True,False
gpt56luna,S128,annex_iii,none,none,False,True,False
gpt56luna,S128,derogation,not_applicable,not_applicable,False,True,False
gpt56luna,S128,profiling,not_applicable,not_applicable,False,True,False
gpt56luna,S128,art50,yes,yes,False,True,False
gpt56luna,S129,art5,no,yes,False,False,False
gpt56luna,S129,annex_i,no,no,False,True,False
gpt56luna,S129,annex_iii,none,none,False,True,False
gpt56luna,S129,derogation,not_applicable,not_applicable,False,True,False
gpt56luna,S129,profiling,not_applicable,not_applicable,False,True,False
gpt56luna,S129,art50,yes,yes,False,True,False
gpt56luna,S130,art5,no,no,False,True,True
gpt56luna,S130,annex_i,no,no,False,True,True
gpt56luna,S130,annex_iii,none,none,False,True,True
gpt56luna,S130,derogation,not_applicable,not_applicable,False,True,True
gpt56luna,S130,profiling,not_applicable,not_applicable,False,True,True
gpt56luna,S130,art50,yes,yes,False,True,True
gpt56luna,S131,art5,yes,yes,False,True,True
gpt56luna,S131,annex_i,no,no,False,True,True
gpt56luna,S131,annex_iii,none,none,False,True,True
gpt56luna,S131,derogation,not_applicable,not_applicable,False,True,True
gpt56luna,S131,profiling,not_applicable,not_applicable,False,True,True
gpt56luna,S131,art50,yes,yes,False,True,True
gpt56luna,S132,art5,no,no,False,True,True
gpt56luna,S132,annex_i,no,no,False,True,True
gpt56luna,S132,annex_iii,none,none,False,True,True
gpt56luna,S132,derogation,not_applicable,not_applicable,False,True,True
gpt56luna,S132,profiling,not_applicable,not_applicable,False,True,True
gpt56luna,S132,art50,yes,yes,False,True,True
gpt56luna,S133,art5,no,no,False,True,True
gpt56luna,S133,annex_i,no,no,False,True,True
gpt56luna,S133,annex_iii,none,none,False,True,True
gpt56luna,S133,derogation,not_applicable,not_applicable,False,True,True
gpt56luna,S133,profiling,not_applicable,not_applicable,False,True,True
gpt56luna,S133,art50,yes,yes,False,True,True
gpt56luna,S134,art5,no,yes,False,False,False
gpt56luna,S134,annex_i,no,no,False,True,False
gpt56luna,S134,annex_iii,none,justice_democracy,False,False,False
gpt56luna,S134,derogation,not_applicable,does_not_apply,False,False,False
gpt56luna,S134,profiling,not_applicable,no,False,False,False
gpt56luna,S134,art50,yes,yes,False,True,False
gpt56luna,S135,art5,no,yes,False,False,False
gpt56luna,S135,annex_i,no,no,False,True,False
gpt56luna,S135,annex_iii,none,none,False,True,False
gpt56luna,S135,derogation,not_applicable,not_applicable,False,True,False
gpt56luna,S135,profiling,not_applicable,not_applicable,False,True,False
gpt56luna,S135,art50,yes,yes,False,True,False
gpt56luna,S136,art5,no,no,False,True,True
gpt56luna,S136,annex_i,no,no,False,True,True
gpt56luna,S136,annex_iii,none,none,False,True,True
gpt56luna,S136,derogation,not_applicable,not_applicable,False,True,True
gpt56luna,S136,profiling,not_applicable,not_applicable,False,True,True
gpt56luna,S136,art50,yes,yes,False,True,True
gpt56luna,S137,art5,no,yes,False,False,False
gpt56luna,S137,annex_i,no,no,False,True,False
gpt56luna,S137,annex_iii,none,none,False,True,False
gpt56luna,S137,derogation,not_applicable,not_applicable,False,True,False
gpt56luna,S137,profiling,not_applicable,not_applicable,False,True,False
gpt56luna,S137,art50,yes,yes,False,True,False
gpt56luna,S138,art5,no,no,False,True,True
gpt56luna,S138,annex_i,yes,yes,False,True,True
gpt56luna,S138,annex_iii,none,critical_infrastructure,False,False,True
gpt56luna,S138,derogation,not_applicable,not_applicable,False,True,True
gpt56luna,S138,profiling,not_applicable,not_applicable,False,True,True
gpt56luna,S138,art50,no,no,False,True,True
gpt56luna,S139,art5,no,no,False,True,True
gpt56luna,S139,annex_i,no,no,False,True,True
gpt56luna,S139,annex_iii,none,none,False,True,True
gpt56luna,S139,derogation,not_applicable,not_applicable,False,True,True
gpt56luna,S139,profiling,not_applicable,not_applicable,False,True,True
gpt56luna,S139,art50,yes,yes,False,True,True
gpt56luna,S140,art5,no,no,False,True,False
gpt56luna,S140,annex_i,unclear,no,False,False,False
gpt56luna,S140,annex_iii,unclear,none,False,False,False
gpt56luna,S140,derogation,unclear,not_applicable,False,False,False
gpt56luna,S140,profiling,unclear,not_applicable,False,False,False
gpt56luna,S140,art50,unclear,yes,False,False,False
gpt56luna,S141,art5,no,no,False,True,True
gpt56luna,S141,annex_i,no,no,False,True,True
gpt56luna,S141,annex_iii,none,none,False,True,True
gpt56luna,S141,derogation,not_applicable,not_applicable,False,True,True
gpt56luna,S141,profiling,not_applicable,not_applicable,False,True,True
gpt56luna,S141,art50,yes,yes,False,True,True
gpt56luna,S142,art5,no,no,False,True,True
gpt56luna,S142,annex_i,yes,yes,False,True,True
gpt56luna,S142,annex_iii,none,critical_infrastructure,False,False,True
gpt56luna,S142,derogation,not_applicable,not_applicable,False,True,True
gpt56luna,S142,profiling,not_applicable,not_applicable,False,True,True
gpt56luna,S142,art50,no,no,False,True,True
gpt56luna,S143,art5,yes,unclear,False,False,False
gpt56luna,S143,annex_i,no,no,False,True,False
gpt56luna,S143,annex_iii,none,none,False,True,False
gpt56luna,S143,derogation,not_applicable,not_applicable,False,True,False
gpt56luna,S143,profiling,not_applicable,not_applicable,False,True,False
gpt56luna,S143,art50,yes,yes,False,True,False
gpt56luna,S144,art5,no,no,False,True,False
gpt56luna,S144,annex_i,no,no,False,True,False
gpt56luna,S144,annex_iii,none,employment,False,False,False
gpt56luna,S144,derogation,not_applicable,does_not_apply,False,False,False
gpt56luna,S144,profiling,not_applicable,no,False,False,False
gpt56luna,S144,art50,no,no,False,True,False
gpt56luna,S145,art5,no,no,False,True,True
gpt56luna,S145,annex_i,no,no,False,True,True
gpt56luna,S145,annex_iii,none,none,False,True,True
gpt56luna,S145,derogation,not_applicable,not_applicable,False,True,True
gpt56luna,S145,profiling,not_applicable,not_applicable,False,True,True
gpt56luna,S145,art50,yes,yes,False,True,True
gpt56luna,S146,art5,no,no,False,True,True
gpt56luna,S146,annex_i,yes,yes,False,True,True
gpt56luna,S146,annex_iii,none,critical_infrastructure,False,False,True
gpt56luna,S146,derogation,not_applicable,not_applicable,False,True,True
gpt56luna,S146,profiling,not_applicable,not_applicable,False,True,True
gpt56luna,S146,art50,no,no,False,True,True
gpt56luna,S147,art5,no,no,False,True,True
gpt56luna,S147,annex_i,no,no,False,True,True
gpt56luna,S147,annex_iii,none,none,False,True,True
gpt56luna,S147,derogation,not_applicable,not_applicable,False,True,True
gpt56luna,S147,profiling,not_applicable,not_applicable,False,True,True
gpt56luna,S147,art50,yes,yes,False,True,True
gpt56luna,S148,art5,no,no,False,True,True
gpt56luna,S148,annex_i,no,no,False,True,True
gpt56luna,S148,annex_iii,none,none,False,True,True
gpt56luna,S148,derogation,not_applicable,not_applicable,False,True,True
gpt56luna,S148,profiling,not_applicable,not_applicable,False,True,True
gpt56luna,S148,art50,yes,yes,False,True,True
gpt56luna,S149,art5,no,no,False,True,True
gpt56luna,S149,annex_i,no,no,False,True,True
gpt56luna,S149,annex_iii,none,none,False,True,True
gpt56luna,S149,derogation,not_applicable,not_applicable,False,True,True
gpt56luna,S149,profiling,not_applicable,not_applicable,False,True,True
gpt56luna,S149,art50,yes,yes,False,True,True
gpt56luna,S150,art5,no,no,False,True,True
gpt56luna,S150,annex_i,no,no,False,True,True
gpt56luna,S150,annex_iii,none,none,False,True,True
gpt56luna,S150,derogation,not_applicable,not_applicable,False,True,True
gpt56luna,S150,profiling,not_applicable,not_applicable,False,True,True
gpt56luna,S150,art50,yes,yes,False,True,True
gpt56sol,S001,art5,no,no,False,True,True
gpt56sol,S001,annex_i,no,no,False,True,True
gpt56sol,S001,annex_iii,none,none,False,True,True
gpt56sol,S001,derogation,not_applicable,not_applicable,False,True,True
gpt56sol,S001,profiling,not_applicable,not_applicable,False,True,True
gpt56sol,S001,art50,no,no,False,True,True
gpt56sol,S002,art5,no,no,False,True,True
gpt56sol,S002,annex_i,no,no,False,True,True
gpt56sol,S002,annex_iii,none,none,False,True,True
gpt56sol,S002,derogation,not_applicable,not_applicable,False,True,True
gpt56sol,S002,profiling,not_applicable,not_applicable,False,True,True
gpt56sol,S002,art50,yes,yes,False,True,True
gpt56sol,S003,art5,no,no,False,True,True
gpt56sol,S003,annex_i,no,no,False,True,True
gpt56sol,S003,annex_iii,none,none,False,True,True
gpt56sol,S003,derogation,not_applicable,not_applicable,False,True,True
gpt56sol,S003,profiling,not_applicable,not_applicable,False,True,True
gpt56sol,S003,art50,yes,yes,False,True,True
gpt56sol,S004,art5,no,no,False,True,True
gpt56sol,S004,annex_i,no,no,False,True,True
gpt56sol,S004,annex_iii,none,none,False,True,True
gpt56sol,S004,derogation,not_applicable,not_applicable,False,True,True
gpt56sol,S004,profiling,not_applicable,not_applicable,False,True,True
gpt56sol,S004,art50,yes,yes,False,True,True
gpt56sol,S005,art5,no,no,False,True,False
gpt56sol,S005,annex_i,no,no,False,True,False
gpt56sol,S005,annex_iii,migration,none,False,False,False
gpt56sol,S005,derogation,does_not_apply,not_applicable,False,False,False
gpt56sol,S005,profiling,no,not_applicable,False,False,False
gpt56sol,S005,art50,no,yes,False,False,False
gpt56sol,S006,art5,no,no,False,True,True
gpt56sol,S006,annex_i,no,no,False,True,True
gpt56sol,S006,annex_iii,essential_services,essential_services,False,True,True
gpt56sol,S006,derogation,does_not_apply,does_not_apply,False,True,True
gpt56sol,S006,profiling,yes,yes,False,True,True
gpt56sol,S006,art50,no,no,False,True,True
gpt56sol,S007,art5,no,no,False,True,False
gpt56sol,S007,annex_i,no,no,False,True,False
gpt56sol,S007,annex_iii,migration,none,False,False,False
gpt56sol,S007,derogation,does_not_apply,not_applicable,False,False,False
gpt56sol,S007,profiling,no,not_applicable,False,False,False
gpt56sol,S007,art50,no,no,False,True,False
gpt56sol,S008,art5,no,no,False,True,True
gpt56sol,S008,annex_i,yes,yes,False,True,True
gpt56sol,S008,annex_iii,none,none,False,True,True
gpt56sol,S008,derogation,not_applicable,not_applicable,False,True,True
gpt56sol,S008,profiling,not_applicable,not_applicable,False,True,True
gpt56sol,S008,art50,no,no,False,True,True
gpt56sol,S009,art5,no,no,False,True,True
gpt56sol,S009,annex_i,yes,yes,False,True,True
gpt56sol,S009,annex_iii,none,none,False,True,True
gpt56sol,S009,derogation,not_applicable,not_applicable,False,True,True
gpt56sol,S009,profiling,not_applicable,not_applicable,False,True,True
gpt56sol,S009,art50,no,no,False,True,True
gpt56sol,S010,art5,yes,yes,False,True,True
gpt56sol,S010,annex_i,no,no,False,True,True
gpt56sol,S010,annex_iii,biometrics,biometrics,False,True,True
gpt56sol,S010,derogation,not_applicable,does_not_apply,False,False,True
gpt56sol,S010,profiling,not_applicable,yes,False,False,True
gpt56sol,S010,art50,yes,yes,False,True,True
gpt56sol,S011,art5,no,yes,False,False,False
gpt56sol,S011,annex_i,no,no,False,True,False
gpt56sol,S011,annex_iii,biometrics,biometrics,False,True,False
gpt56sol,S011,derogation,does_not_apply,does_not_apply,False,True,False
gpt56sol,S011,profiling,no,no,False,True,False
gpt56sol,S011,art50,no,no,False,True,False
gpt56sol,S012,art5,no,no,False,True,True
gpt56sol,S012,annex_i,no,no,False,True,True
gpt56sol,S012,annex_iii,essential_services,essential_services,False,True,True
gpt56sol,S012,derogation,does_not_apply,does_not_apply,False,True,True
gpt56sol,S012,profiling,yes,yes,False,True,True
gpt56sol,S012,art50,no,no,False,True,True
gpt56sol,S013,art5,no,no,False,True,True
gpt56sol,S013,annex_i,no,no,False,True,True
gpt56sol,S013,annex_iii,law_enforcement,law_enforcement,False,True,True
gpt56sol,S013,derogation,does_not_apply,does_not_apply,False,True,True
gpt56sol,S013,profiling,no,no,False,True,True
gpt56sol,S013,art50,no,no,False,True,True
gpt56sol,S014,art5,no,no,False,True,True
gpt56sol,S014,annex_i,no,no,False,True,True
gpt56sol,S014,annex_iii,none,none,False,True,True
gpt56sol,S014,derogation,not_applicable,not_applicable,False,True,True
gpt56sol,S014,profiling,not_applicable,not_applicable,False,True,True
gpt56sol,S014,art50,no,no,False,True,True
gpt56sol,S015,art5,no,no,False,True,True
gpt56sol,S015,annex_i,no,no,False,True,True
gpt56sol,S015,annex_iii,none,none,False,True,True
gpt56sol,S015,derogation,not_applicable,not_applicable,False,True,True
gpt56sol,S015,profiling,not_applicable,not_applicable,False,True,True
gpt56sol,S015,art50,no,no,False,True,True
gpt56sol,S016,art5,no,no,False,True,True
gpt56sol,S016,annex_i,yes,yes,False,True,True
gpt56sol,S016,annex_iii,none,none,False,True,True
gpt56sol,S016,derogation,not_applicable,not_applicable,False,True,True
gpt56sol,S016,profiling,not_applicable,not_applicable,False,True,True
gpt56sol,S016,art50,no,no,False,True,True
gpt56sol,S017,art5,no,no,False,True,True
gpt56sol,S017,annex_i,no,no,False,True,True
gpt56sol,S017,annex_iii,biometrics,biometrics,False,True,True
gpt56sol,S017,derogation,does_not_apply,does_not_apply,False,True,True
gpt56sol,S017,profiling,no,no,False,True,True
gpt56sol,S017,art50,no,no,False,True,True
gpt56sol,S018,art5,no,no,False,True,True
gpt56sol,S018,annex_i,no,no,False,True,True
gpt56sol,S018,annex_iii,none,none,False,True,True
gpt56sol,S018,derogation,not_applicable,not_applicable,False,True,True
gpt56sol,S018,profiling,not_applicable,not_applicable,False,True,True
gpt56sol,S018,art50,yes,yes,False,True,True
gpt56sol,S020,art5,no,no,False,True,True
gpt56sol,S020,annex_i,no,no,False,True,True
gpt56sol,S020,annex_iii,none,none,False,True,True
gpt56sol,S020,derogation,not_applicable,not_applicable,False,True,True
gpt56sol,S020,profiling,not_applicable,not_applicable,False,True,True
gpt56sol,S020,art50,no,no,False,True,True
gpt56sol,S021,art5,no,no,False,True,True
gpt56sol,S021,annex_i,no,no,False,True,True
gpt56sol,S021,annex_iii,migration,migration,False,True,True
gpt56sol,S021,derogation,does_not_apply,does_not_apply,False,True,True
gpt56sol,S021,profiling,yes,yes,False,True,True
gpt56sol,S021,art50,no,no,False,True,True
gpt56sol,S022,art5,no,no,False,True,True
gpt56sol,S022,annex_i,no,no,False,True,True
gpt56sol,S022,annex_iii,biometrics,biometrics,False,True,True
gpt56sol,S022,derogation,does_not_apply,does_not_apply,False,True,True
gpt56sol,S022,profiling,no,no,False,True,True
gpt56sol,S022,art50,no,no,False,True,True
gpt56sol,S023,art5,no,no,False,True,True
gpt56sol,S023,annex_i,no,no,False,True,True
gpt56sol,S023,annex_iii,biometrics,biometrics,False,True,True
gpt56sol,S023,derogation,does_not_apply,does_not_apply,False,True,True
gpt56sol,S023,profiling,no,no,False,True,True
gpt56sol,S023,art50,no,no,False,True,True
gpt56sol,S024,art5,no,no,False,True,True
gpt56sol,S024,annex_i,no,no,False,True,True
gpt56sol,S024,annex_iii,none,none,False,True,True
gpt56sol,S024,derogation,not_applicable,not_applicable,False,True,True
gpt56sol,S024,profiling,not_applicable,not_applicable,False,True,True
gpt56sol,S024,art50,no,no,False,True,True
gpt56sol,S025,art5,yes,yes,False,True,True
gpt56sol,S025,annex_i,no,no,False,True,True
gpt56sol,S025,annex_iii,biometrics,biometrics,False,True,True
gpt56sol,S025,derogation,not_applicable,does_not_apply,False,False,True
gpt56sol,S025,profiling,not_applicable,no,False,False,True
gpt56sol,S025,art50,no,no,False,True,True
gpt56sol,S027,art5,no,no,False,True,True
gpt56sol,S027,annex_i,no,no,False,True,True
gpt56sol,S027,annex_iii,migration,migration,False,True,True
gpt56sol,S027,derogation,does_not_apply,does_not_apply,False,True,True
gpt56sol,S027,profiling,yes,yes,False,True,True
gpt56sol,S027,art50,no,no,False,True,True
gpt56sol,S029,art5,no,no,False,True,True
gpt56sol,S029,annex_i,no,no,False,True,True
gpt56sol,S029,annex_iii,none,none,False,True,True
gpt56sol,S029,derogation,not_applicable,not_applicable,False,True,True
gpt56sol,S029,profiling,not_applicable,not_applicable,False,True,True
gpt56sol,S029,art50,yes,yes,False,True,True
gpt56sol,S030,art5,no,no,False,True,True
gpt56sol,S030,annex_i,yes,yes,False,True,True
gpt56sol,S030,annex_iii,none,none,False,True,True
gpt56sol,S030,derogation,not_applicable,not_applicable,False,True,True
gpt56sol,S030,profiling,not_applicable,not_applicable,False,True,True
gpt56sol,S030,art50,no,no,False,True,True
gpt56sol,S031,art5,no,no,False,True,True
gpt56sol,S031,annex_i,no,no,False,True,True
gpt56sol,S031,annex_iii,biometrics,biometrics,False,True,True
gpt56sol,S031,derogation,does_not_apply,does_not_apply,False,True,True
gpt56sol,S031,profiling,yes,yes,False,True,True
gpt56sol,S031,art50,yes,yes,False,True,True
gpt56sol,S032,art5,unclear,no,False,False,True
gpt56sol,S032,annex_i,no,no,False,True,True
gpt56sol,S032,annex_iii,biometrics,biometrics,False,True,True
gpt56sol,S032,derogation,does_not_apply,does_not_apply,False,True,True
gpt56sol,S032,profiling,no,no,False,True,True
gpt56sol,S032,art50,no,no,False,True,True
gpt56sol,S033,art5,no,yes,False,False,False
gpt56sol,S033,annex_i,no,no,False,True,False
gpt56sol,S033,annex_iii,biometrics,biometrics,False,True,False
gpt56sol,S033,derogation,does_not_apply,does_not_apply,False,True,False
gpt56sol,S033,profiling,no,no,False,True,False
gpt56sol,S033,art50,no,no,False,True,False
gpt56sol,S034,art5,no,no,False,True,True
gpt56sol,S034,annex_i,no,no,False,True,True
gpt56sol,S034,annex_iii,employment,employment,False,True,True
gpt56sol,S034,derogation,does_not_apply,does_not_apply,False,True,True
gpt56sol,S034,profiling,yes,yes,False,True,True
gpt56sol,S034,art50,no,no,False,True,True
gpt56sol,S035,art5,no,no,False,True,True
gpt56sol,S035,annex_i,no,no,False,True,True
gpt56sol,S035,annex_iii,none,none,False,True,True
gpt56sol,S035,derogation,not_applicable,not_applicable,False,True,True
gpt56sol,S035,profiling,not_applicable,not_applicable,False,True,True
gpt56sol,S035,art50,yes,yes,False,True,True
gpt56sol,S036,art5,no,no,False,True,True
gpt56sol,S036,annex_i,no,no,False,True,True
gpt56sol,S036,annex_iii,education,education,False,True,True
gpt56sol,S036,derogation,does_not_apply,does_not_apply,False,True,True
gpt56sol,S036,profiling,yes,yes,False,True,True
gpt56sol,S036,art50,no,yes,False,False,True
gpt56sol,S037,art5,no,no,False,True,True
gpt56sol,S037,annex_i,yes,yes,False,True,True
gpt56sol,S037,annex_iii,none,none,False,True,True
gpt56sol,S037,derogation,not_applicable,not_applicable,False,True,True
gpt56sol,S037,profiling,not_applicable,not_applicable,False,True,True
gpt56sol,S037,art50,no,no,False,True,True
gpt56sol,S038,art5,no,no,False,True,True
gpt56sol,S038,annex_i,no,no,False,True,True
gpt56sol,S038,annex_iii,none,none,False,True,True
gpt56sol,S038,derogation,not_applicable,not_applicable,False,True,True
gpt56sol,S038,profiling,not_applicable,not_applicable,False,True,True
gpt56sol,S038,art50,no,no,False,True,True
gpt56sol,S039,art5,no,no,False,True,True
gpt56sol,S039,annex_i,no,no,False,True,True
gpt56sol,S039,annex_iii,migration,migration,False,True,True
gpt56sol,S039,derogation,does_not_apply,does_not_apply,False,True,True
gpt56sol,S039,profiling,yes,no,False,False,True
gpt56sol,S039,art50,no,no,False,True,True
gpt56sol,S040,art5,no,no,False,True,True
gpt56sol,S040,annex_i,no,no,False,True,True
gpt56sol,S040,annex_iii,none,none,False,True,True
gpt56sol,S040,derogation,not_applicable,not_applicable,False,True,True
gpt56sol,S040,profiling,not_applicable,not_applicable,False,True,True
gpt56sol,S040,art50,no,no,False,True,True
gpt56sol,S042,art5,no,no,False,True,True
gpt56sol,S042,annex_i,yes,yes,False,True,True
gpt56sol,S042,annex_iii,none,none,False,True,True
gpt56sol,S042,derogation,not_applicable,not_applicable,False,True,True
gpt56sol,S042,profiling,not_applicable,not_applicable,False,True,True
gpt56sol,S042,art50,no,no,False,True,True
gpt56sol,S043,art5,no,no,False,True,True
gpt56sol,S043,annex_i,no,no,False,True,True
gpt56sol,S043,annex_iii,migration,migration,False,True,True
gpt56sol,S043,derogation,does_not_apply,does_not_apply,False,True,True
gpt56sol,S043,profiling,no,no,False,True,True
gpt56sol,S043,art50,no,no,False,True,True
gpt56sol,S044,art5,no,no,False,True,True
gpt56sol,S044,annex_i,no,no,False,True,True
gpt56sol,S044,annex_iii,none,none,False,True,True
gpt56sol,S044,derogation,not_applicable,not_applicable,False,True,True
gpt56sol,S044,profiling,not_applicable,not_applicable,False,True,True
gpt56sol,S044,art50,yes,yes,False,True,True
gpt56sol,S045,art5,no,yes,False,False,False
gpt56sol,S045,annex_i,no,no,False,True,False
gpt56sol,S045,annex_iii,none,none,False,True,False
gpt56sol,S045,derogation,not_applicable,not_applicable,False,True,False
gpt56sol,S045,profiling,not_applicable,not_applicable,False,True,False
gpt56sol,S045,art50,yes,yes,False,True,False
gpt56sol,S046,art5,no,no,False,True,False
gpt56sol,S046,annex_i,no,no,False,True,False
gpt56sol,S046,annex_iii,essential_services,none,False,False,False
gpt56sol,S046,derogation,does_not_apply,not_applicable,False,False,False
gpt56sol,S046,profiling,not_applicable,not_applicable,False,True,False
gpt56sol,S046,art50,no,no,False,True,False
gpt56sol,S047,art5,no,no,False,True,True
gpt56sol,S047,annex_i,no,no,False,True,True
gpt56sol,S047,annex_iii,biometrics,biometrics,False,True,True
gpt56sol,S047,derogation,does_not_apply,does_not_apply,False,True,True
gpt56sol,S047,profiling,no,no,False,True,True
gpt56sol,S047,art50,no,no,False,True,True
gpt56sol,S048,art5,no,no,False,True,True
gpt56sol,S048,annex_i,no,no,False,True,True
gpt56sol,S048,annex_iii,none,none,False,True,True
gpt56sol,S048,derogation,not_applicable,not_applicable,False,True,True
gpt56sol,S048,profiling,not_applicable,not_applicable,False,True,True
gpt56sol,S048,art50,yes,yes,False,True,True
gpt56sol,S049,art5,no,no,False,True,False
gpt56sol,S049,annex_i,no,no,False,True,False
gpt56sol,S049,annex_iii,migration,migration,False,True,False
gpt56sol,S049,derogation,does_not_apply,applies,False,False,False
gpt56sol,S049,profiling,no,no,False,True,False
gpt56sol,S049,art50,yes,yes,False,True,False
gpt56sol,S050,art5,no,no,False,True,True
gpt56sol,S050,annex_i,yes,yes,False,True,True
gpt56sol,S050,annex_iii,none,none,False,True,True
gpt56sol,S050,derogation,not_applicable,not_applicable,False,True,True
gpt56sol,S050,profiling,not_applicable,not_applicable,False,True,True
gpt56sol,S050,art50,no,no,False,True,True
gpt56sol,S051,art5,no,no,False,True,True
gpt56sol,S051,annex_i,no,no,False,True,True
gpt56sol,S051,annex_iii,essential_services,essential_services,False,True,True
gpt56sol,S051,derogation,does_not_apply,does_not_apply,False,True,True
gpt56sol,S051,profiling,yes,yes,False,True,True
gpt56sol,S051,art50,no,no,False,True,True
gpt56sol,S052,art5,no,no,False,True,True
gpt56sol,S052,annex_i,yes,yes,False,True,True
gpt56sol,S052,annex_iii,none,none,False,True,True
gpt56sol,S052,derogation,not_applicable,not_applicable,False,True,True
gpt56sol,S052,profiling,not_applicable,not_applicable,False,True,True
gpt56sol,S052,art50,no,no,False,True,True
gpt56sol,S053,art5,unclear,no,False,False,True
gpt56sol,S053,annex_i,no,no,False,True,True
gpt56sol,S053,annex_iii,none,none,False,True,True
gpt56sol,S053,derogation,not_applicable,not_applicable,False,True,True
gpt56sol,S053,profiling,not_applicable,not_applicable,False,True,True
gpt56sol,S053,art50,yes,yes,False,True,True
gpt56sol,S054,art5,no,no,False,True,True
gpt56sol,S054,annex_i,no,no,False,True,True
gpt56sol,S054,annex_iii,employment,employment,False,True,True
gpt56sol,S054,derogation,does_not_apply,does_not_apply,False,True,True
gpt56sol,S054,profiling,yes,yes,False,True,True
gpt56sol,S054,art50,no,no,False,True,True
gpt56sol,S055,art5,no,no,False,True,True
gpt56sol,S055,annex_i,no,no,False,True,True
gpt56sol,S055,annex_iii,none,none,False,True,True
gpt56sol,S055,derogation,not_applicable,not_applicable,False,True,True
gpt56sol,S055,profiling,not_applicable,not_applicable,False,True,True
gpt56sol,S055,art50,no,no,False,True,True
gpt56sol,S056,art5,unclear,no,False,False,True
gpt56sol,S056,annex_i,no,no,False,True,True
gpt56sol,S056,annex_iii,none,none,False,True,True
gpt56sol,S056,derogation,not_applicable,not_applicable,False,True,True
gpt56sol,S056,profiling,not_applicable,not_applicable,False,True,True
gpt56sol,S056,art50,yes,yes,False,True,True
gpt56sol,S057,art5,no,no,False,True,True
gpt56sol,S057,annex_i,no,no,False,True,True
gpt56sol,S057,annex_iii,none,none,False,True,True
gpt56sol,S057,derogation,not_applicable,not_applicable,False,True,True
gpt56sol,S057,profiling,not_applicable,not_applicable,False,True,True
gpt56sol,S057,art50,yes,yes,False,True,True
gpt56sol,S058,art5,no,no,False,True,True
gpt56sol,S058,annex_i,no,no,False,True,True
gpt56sol,S058,annex_iii,none,none,False,True,True
gpt56sol,S058,derogation,not_applicable,not_applicable,False,True,True
gpt56sol,S058,profiling,not_applicable,not_applicable,False,True,True
gpt56sol,S058,art50,no,no,False,True,True
gpt56sol,S060,art5,no,no,False,True,True
gpt56sol,S060,annex_i,no,no,False,True,True
gpt56sol,S060,annex_iii,biometrics,biometrics,False,True,True
gpt56sol,S060,derogation,does_not_apply,does_not_apply,False,True,True
gpt56sol,S060,profiling,yes,yes,False,True,True
gpt56sol,S060,art50,no,no,False,True,True
gpt56sol,S061,art5,no,no,False,True,True
gpt56sol,S061,annex_i,no,no,False,True,True
gpt56sol,S061,annex_iii,biometrics,biometrics,False,True,True
gpt56sol,S061,derogation,does_not_apply,does_not_apply,False,True,True
gpt56sol,S061,profiling,yes,no,False,False,True
gpt56sol,S061,art50,no,no,False,True,True
gpt56sol,S062,art5,no,no,False,True,True
gpt56sol,S062,annex_i,yes,yes,False,True,True
gpt56sol,S062,annex_iii,none,none,False,True,True
gpt56sol,S062,derogation,not_applicable,not_applicable,False,True,True
gpt56sol,S062,profiling,not_applicable,not_applicable,False,True,True
gpt56sol,S062,art50,no,no,False,True,True
gpt56sol,S063,art5,no,no,False,True,True
gpt56sol,S063,annex_i,no,no,False,True,True
gpt56sol,S063,annex_iii,none,none,False,True,True
gpt56sol,S063,derogation,not_applicable,not_applicable,False,True,True
gpt56sol,S063,profiling,not_applicable,not_applicable,False,True,True
gpt56sol,S063,art50,yes,yes,False,True,True
gpt56sol,S064,art5,no,no,False,True,True
gpt56sol,S064,annex_i,no,no,False,True,True
gpt56sol,S064,annex_iii,none,none,False,True,True
gpt56sol,S064,derogation,not_applicable,not_applicable,False,True,True
gpt56sol,S064,profiling,not_applicable,not_applicable,False,True,True
gpt56sol,S064,art50,yes,yes,False,True,True
gpt56sol,S065,art5,no,no,False,True,True
gpt56sol,S065,annex_i,no,no,False,True,True
gpt56sol,S065,annex_iii,none,none,False,True,True
gpt56sol,S065,derogation,not_applicable,not_applicable,False,True,True
gpt56sol,S065,profiling,not_applicable,not_applicable,False,True,True
gpt56sol,S065,art50,yes,yes,False,True,True
gpt56sol,S066,art5,no,no,False,True,True
gpt56sol,S066,annex_i,no,no,False,True,True
gpt56sol,S066,annex_iii,justice_democracy,justice_democracy,False,True,True
gpt56sol,S066,derogation,does_not_apply,does_not_apply,False,True,True
gpt56sol,S066,profiling,no,no,False,True,True
gpt56sol,S066,art50,yes,yes,False,True,True
gpt56sol,S068,art5,no,no,False,True,False
gpt56sol,S068,annex_i,no,no,False,True,False
gpt56sol,S068,annex_iii,none,justice_democracy,False,False,False
gpt56sol,S068,derogation,not_applicable,does_not_apply,False,False,False
gpt56sol,S068,profiling,not_applicable,no,False,False,False
gpt56sol,S068,art50,yes,yes,False,True,False
gpt56sol,S069,art5,yes,yes,False,True,True
gpt56sol,S069,annex_i,no,no,False,True,True
gpt56sol,S069,annex_iii,none,none,False,True,True
gpt56sol,S069,derogation,not_applicable,not_applicable,False,True,True
gpt56sol,S069,profiling,not_applicable,not_applicable,False,True,True
gpt56sol,S069,art50,yes,yes,False,True,True
gpt56sol,S070,art5,no,no,False,True,True
gpt56sol,S070,annex_i,yes,yes,False,True,True
gpt56sol,S070,annex_iii,none,none,False,True,True
gpt56sol,S070,derogation,not_applicable,not_applicable,False,True,True
gpt56sol,S070,profiling,not_applicable,not_applicable,False,True,True
gpt56sol,S070,art50,no,no,False,True,True
gpt56sol,S071,art5,no,no,False,True,True
gpt56sol,S071,annex_i,yes,yes,False,True,True
gpt56sol,S071,annex_iii,none,none,False,True,True
gpt56sol,S071,derogation,not_applicable,not_applicable,False,True,True
gpt56sol,S071,profiling,not_applicable,not_applicable,False,True,True
gpt56sol,S071,art50,no,no,False,True,True
gpt56sol,S072,art5,unclear,unclear,False,True,True
gpt56sol,S072,annex_i,unclear,unclear,False,True,True
gpt56sol,S072,annex_iii,unclear,none,False,False,True
gpt56sol,S072,derogation,unclear,not_applicable,False,False,True
gpt56sol,S072,profiling,unclear,not_applicable,False,False,True
gpt56sol,S072,art50,unclear,unclear,False,True,True
gpt56sol,S073,art5,no,no,False,True,True
gpt56sol,S073,annex_i,no,no,False,True,True
gpt56sol,S073,annex_iii,essential_services,essential_services,False,True,True
gpt56sol,S073,derogation,does_not_apply,does_not_apply,False,True,True
gpt56sol,S073,profiling,yes,yes,False,True,True
gpt56sol,S073,art50,no,no,False,True,True
gpt56sol,S074,art5,no,no,False,True,True
gpt56sol,S074,annex_i,no,no,False,True,True
gpt56sol,S074,annex_iii,none,none,False,True,True
gpt56sol,S074,derogation,not_applicable,not_applicable,False,True,True
gpt56sol,S074,profiling,not_applicable,not_applicable,False,True,True
gpt56sol,S074,art50,yes,yes,False,True,True
gpt56sol,S075,art5,no,no,False,True,True
gpt56sol,S075,annex_i,no,no,False,True,True
gpt56sol,S075,annex_iii,none,none,False,True,True
gpt56sol,S075,derogation,not_applicable,not_applicable,False,True,True
gpt56sol,S075,profiling,not_applicable,not_applicable,False,True,True
gpt56sol,S075,art50,yes,yes,False,True,True
gpt56sol,S076,art5,no,no,False,True,True
gpt56sol,S076,annex_i,no,no,False,True,True
gpt56sol,S076,annex_iii,none,none,False,True,True
gpt56sol,S076,derogation,not_applicable,not_applicable,False,True,True
gpt56sol,S076,profiling,not_applicable,not_applicable,False,True,True
gpt56sol,S076,art50,yes,yes,False,True,True
gpt56sol,S077,art5,no,no,False,True,True
gpt56sol,S077,annex_i,no,no,False,True,True
gpt56sol,S077,annex_iii,none,none,False,True,True
gpt56sol,S077,derogation,not_applicable,not_applicable,False,True,True
gpt56sol,S077,profiling,not_applicable,not_applicable,False,True,True
gpt56sol,S077,art50,yes,yes,False,True,True
gpt56sol,S078,art5,no,yes,False,False,False
gpt56sol,S078,annex_i,no,no,False,True,False
gpt56sol,S078,annex_iii,none,none,False,True,False
gpt56sol,S078,derogation,not_applicable,not_applicable,False,True,False
gpt56sol,S078,profiling,not_applicable,not_applicable,False,True,False
gpt56sol,S078,art50,yes,yes,False,True,False
gpt56sol,S079,art5,no,unclear,False,False,True
gpt56sol,S079,annex_i,no,no,False,True,True
gpt56sol,S079,annex_iii,none,none,False,True,True
gpt56sol,S079,derogation,not_applicable,not_applicable,False,True,True
gpt56sol,S079,profiling,not_applicable,not_applicable,False,True,True
gpt56sol,S079,art50,yes,yes,False,True,True
gpt56sol,S080,art5,no,no,False,True,True
gpt56sol,S080,annex_i,no,no,False,True,True
gpt56sol,S080,annex_iii,none,none,False,True,True
gpt56sol,S080,derogation,not_applicable,not_applicable,False,True,True
gpt56sol,S080,profiling,not_applicable,not_applicable,False,True,True
gpt56sol,S080,art50,yes,yes,False,True,True
gpt56sol,S081,art5,no,no,False,True,False
gpt56sol,S081,annex_i,no,no,False,True,False
gpt56sol,S081,annex_iii,law_enforcement,none,False,False,False
gpt56sol,S081,derogation,does_not_apply,not_applicable,False,False,False
gpt56sol,S081,profiling,yes,not_applicable,False,False,False
gpt56sol,S081,art50,no,no,False,True,False
gpt56sol,S082,art5,no,no,False,True,True
gpt56sol,S082,annex_i,no,no,False,True,True
gpt56sol,S082,annex_iii,essential_services,essential_services,False,True,True
gpt56sol,S082,derogation,does_not_apply,does_not_apply,False,True,True
gpt56sol,S082,profiling,yes,yes,False,True,True
gpt56sol,S082,art50,no,no,False,True,True
gpt56sol,S083,art5,no,yes,False,False,False
gpt56sol,S083,annex_i,no,no,False,True,False
gpt56sol,S083,annex_iii,none,none,False,True,False
gpt56sol,S083,derogation,not_applicable,not_applicable,False,True,False
gpt56sol,S083,profiling,not_applicable,not_applicable,False,True,False
gpt56sol,S083,art50,yes,yes,False,True,False
gpt56sol,S084,art5,no,yes,False,False,False
gpt56sol,S084,annex_i,no,no,False,True,False
gpt56sol,S084,annex_iii,none,none,False,True,False
gpt56sol,S084,derogation,not_applicable,not_applicable,False,True,False
gpt56sol,S084,profiling,not_applicable,not_applicable,False,True,False
gpt56sol,S084,art50,yes,yes,False,True,False
gpt56sol,S085,art5,no,yes,False,False,False
gpt56sol,S085,annex_i,no,no,False,True,False
gpt56sol,S085,annex_iii,none,none,False,True,False
gpt56sol,S085,derogation,not_applicable,not_applicable,False,True,False
gpt56sol,S085,profiling,not_applicable,not_applicable,False,True,False
gpt56sol,S085,art50,yes,yes,False,True,False
gpt56sol,S086,art5,no,yes,False,False,False
gpt56sol,S086,annex_i,no,no,False,True,False
gpt56sol,S086,annex_iii,none,none,False,True,False
gpt56sol,S086,derogation,not_applicable,not_applicable,False,True,False
gpt56sol,S086,profiling,not_applicable,not_applicable,False,True,False
gpt56sol,S086,art50,yes,yes,False,True,False
gpt56sol,S087,art5,no,yes,False,False,False
gpt56sol,S087,annex_i,no,no,False,True,False
gpt56sol,S087,annex_iii,none,none,False,True,False
gpt56sol,S087,derogation,not_applicable,not_applicable,False,True,False
gpt56sol,S087,profiling,not_applicable,not_applicable,False,True,False
gpt56sol,S087,art50,yes,yes,False,True,False
gpt56sol,S088,art5,no,yes,False,False,False
gpt56sol,S088,annex_i,no,no,False,True,False
gpt56sol,S088,annex_iii,none,none,False,True,False
gpt56sol,S088,derogation,not_applicable,not_applicable,False,True,False
gpt56sol,S088,profiling,not_applicable,not_applicable,False,True,False
gpt56sol,S088,art50,yes,yes,False,True,False
gpt56sol,S089,art5,no,no,False,True,True
gpt56sol,S089,annex_i,no,no,False,True,True
gpt56sol,S089,annex_iii,none,none,False,True,True
gpt56sol,S089,derogation,not_applicable,not_applicable,False,True,True
gpt56sol,S089,profiling,not_applicable,not_applicable,False,True,True
gpt56sol,S089,art50,yes,yes,False,True,True
gpt56sol,S090,art5,no,no,False,True,True
gpt56sol,S090,annex_i,yes,yes,False,True,True
gpt56sol,S090,annex_iii,none,none,False,True,True
gpt56sol,S090,derogation,not_applicable,not_applicable,False,True,True
gpt56sol,S090,profiling,not_applicable,not_applicable,False,True,True
gpt56sol,S090,art50,no,no,False,True,True
gpt56sol,S091,art5,no,yes,False,False,False
gpt56sol,S091,annex_i,no,no,False,True,False
gpt56sol,S091,annex_iii,none,none,False,True,False
gpt56sol,S091,derogation,not_applicable,not_applicable,False,True,False
gpt56sol,S091,profiling,not_applicable,not_applicable,False,True,False
gpt56sol,S091,art50,yes,yes,False,True,False
gpt56sol,S092,art5,unclear,no,False,False,True
gpt56sol,S092,annex_i,no,no,False,True,True
gpt56sol,S092,annex_iii,none,none,False,True,True
gpt56sol,S092,derogation,not_applicable,not_applicable,False,True,True
gpt56sol,S092,profiling,not_applicable,not_applicable,False,True,True
gpt56sol,S092,art50,yes,yes,False,True,True
gpt56sol,S093,art5,yes,yes,False,True,True
gpt56sol,S093,annex_i,no,no,False,True,True
gpt56sol,S093,annex_iii,none,none,False,True,True
gpt56sol,S093,derogation,not_applicable,not_applicable,False,True,True
gpt56sol,S093,profiling,not_applicable,not_applicable,False,True,True
gpt56sol,S093,art50,yes,yes,False,True,True
gpt56sol,S094,art5,no,no,False,True,True
gpt56sol,S094,annex_i,no,no,False,True,True
gpt56sol,S094,annex_iii,none,none,False,True,True
gpt56sol,S094,derogation,not_applicable,not_applicable,False,True,True
gpt56sol,S094,profiling,not_applicable,not_applicable,False,True,True
gpt56sol,S094,art50,yes,yes,False,True,True
gpt56sol,S095,art5,yes,yes,False,True,True
gpt56sol,S095,annex_i,no,no,False,True,True
gpt56sol,S095,annex_iii,none,none,False,True,True
gpt56sol,S095,derogation,not_applicable,not_applicable,False,True,True
gpt56sol,S095,profiling,not_applicable,not_applicable,False,True,True
gpt56sol,S095,art50,yes,yes,False,True,True
gpt56sol,S096,art5,no,yes,False,False,False
gpt56sol,S096,annex_i,no,no,False,True,False
gpt56sol,S096,annex_iii,none,none,False,True,False
gpt56sol,S096,derogation,not_applicable,not_applicable,False,True,False
gpt56sol,S096,profiling,not_applicable,not_applicable,False,True,False
gpt56sol,S096,art50,yes,yes,False,True,False
gpt56sol,S097,art5,no,no,False,True,True
gpt56sol,S097,annex_i,no,no,False,True,True
gpt56sol,S097,annex_iii,none,none,False,True,True
gpt56sol,S097,derogation,not_applicable,not_applicable,False,True,True
gpt56sol,S097,profiling,not_applicable,not_applicable,False,True,True
gpt56sol,S097,art50,yes,yes,False,True,True
gpt56sol,S098,art5,no,yes,False,False,False
gpt56sol,S098,annex_i,no,no,False,True,False
gpt56sol,S098,annex_iii,none,none,False,True,False
gpt56sol,S098,derogation,not_applicable,not_applicable,False,True,False
gpt56sol,S098,profiling,not_applicable,not_applicable,False,True,False
gpt56sol,S098,art50,yes,yes,False,True,False
gpt56sol,S099,art5,no,no,False,True,True
gpt56sol,S099,annex_i,no,no,False,True,True
gpt56sol,S099,annex_iii,none,none,False,True,True
gpt56sol,S099,derogation,not_applicable,not_applicable,False,True,True
gpt56sol,S099,profiling,not_applicable,not_applicable,False,True,True
gpt56sol,S099,art50,yes,yes,False,True,True
gpt56sol,S100,art5,no,no,False,True,True
gpt56sol,S100,annex_i,no,no,False,True,True
gpt56sol,S100,annex_iii,none,none,False,True,True
gpt56sol,S100,derogation,not_applicable,not_applicable,False,True,True
gpt56sol,S100,profiling,not_applicable,not_applicable,False,True,True
gpt56sol,S100,art50,no,no,False,True,True
gpt56sol,S101,art5,no,no,False,True,True
gpt56sol,S101,annex_i,no,no,False,True,True
gpt56sol,S101,annex_iii,none,none,False,True,True
gpt56sol,S101,derogation,not_applicable,not_applicable,False,True,True
gpt56sol,S101,profiling,not_applicable,not_applicable,False,True,True
gpt56sol,S101,art50,yes,yes,False,True,True
gpt56sol,S102,art5,no,yes,False,False,False
gpt56sol,S102,annex_i,no,no,False,True,False
gpt56sol,S102,annex_iii,none,none,False,True,False
gpt56sol,S102,derogation,not_applicable,not_applicable,False,True,False
gpt56sol,S102,profiling,not_applicable,not_applicable,False,True,False
gpt56sol,S102,art50,yes,yes,False,True,False
gpt56sol,S103,art5,no,yes,False,False,False
gpt56sol,S103,annex_i,no,no,False,True,False
gpt56sol,S103,annex_iii,none,none,False,True,False
gpt56sol,S103,derogation,not_applicable,not_applicable,False,True,False
gpt56sol,S103,profiling,not_applicable,not_applicable,False,True,False
gpt56sol,S103,art50,yes,yes,False,True,False
gpt56sol,S104,art5,no,yes,False,False,False
gpt56sol,S104,annex_i,no,no,False,True,False
gpt56sol,S104,annex_iii,none,none,False,True,False
gpt56sol,S104,derogation,not_applicable,not_applicable,False,True,False
gpt56sol,S104,profiling,not_applicable,not_applicable,False,True,False
gpt56sol,S104,art50,yes,yes,False,True,False
gpt56sol,S105,art5,no,no,False,True,True
gpt56sol,S105,annex_i,no,no,False,True,True
gpt56sol,S105,annex_iii,none,none,False,True,True
gpt56sol,S105,derogation,not_applicable,not_applicable,False,True,True
gpt56sol,S105,profiling,not_applicable,not_applicable,False,True,True
gpt56sol,S105,art50,yes,yes,False,True,True
gpt56sol,S106,art5,yes,no,False,False,False
gpt56sol,S106,annex_i,no,no,False,True,False
gpt56sol,S106,annex_iii,none,none,False,True,False
gpt56sol,S106,derogation,not_applicable,not_applicable,False,True,False
gpt56sol,S106,profiling,not_applicable,not_applicable,False,True,False
gpt56sol,S106,art50,yes,yes,False,True,False
gpt56sol,S107,art5,no,no,False,True,True
gpt56sol,S107,annex_i,no,no,False,True,True
gpt56sol,S107,annex_iii,none,none,False,True,True
gpt56sol,S107,derogation,not_applicable,not_applicable,False,True,True
gpt56sol,S107,profiling,not_applicable,not_applicable,False,True,True
gpt56sol,S107,art50,yes,yes,False,True,True
gpt56sol,S108,art5,no,yes,False,False,False
gpt56sol,S108,annex_i,no,no,False,True,False
gpt56sol,S108,annex_iii,none,none,False,True,False
gpt56sol,S108,derogation,not_applicable,not_applicable,False,True,False
gpt56sol,S108,profiling,not_applicable,not_applicable,False,True,False
gpt56sol,S108,art50,yes,yes,False,True,False
gpt56sol,S109,art5,no,no,False,True,True
gpt56sol,S109,annex_i,no,no,False,True,True
gpt56sol,S109,annex_iii,none,none,False,True,True
gpt56sol,S109,derogation,not_applicable,not_applicable,False,True,True
gpt56sol,S109,profiling,not_applicable,not_applicable,False,True,True
gpt56sol,S109,art50,yes,yes,False,True,True
gpt56sol,S110,art5,no,no,False,True,False
gpt56sol,S110,annex_i,unclear,yes,False,False,False
gpt56sol,S110,annex_iii,none,none,False,True,False
gpt56sol,S110,derogation,not_applicable,not_applicable,False,True,False
gpt56sol,S110,profiling,not_applicable,not_applicable,False,True,False
gpt56sol,S110,art50,yes,yes,False,True,False
gpt56sol,S111,art5,no,no,False,True,True
gpt56sol,S111,annex_i,no,no,False,True,True
gpt56sol,S111,annex_iii,none,none,False,True,True
gpt56sol,S111,derogation,not_applicable,not_applicable,False,True,True
gpt56sol,S111,profiling,not_applicable,not_applicable,False,True,True
gpt56sol,S111,art50,yes,yes,False,True,True
gpt56sol,S112,art5,no,no,False,True,True
gpt56sol,S112,annex_i,no,no,False,True,True
gpt56sol,S112,annex_iii,none,none,False,True,True
gpt56sol,S112,derogation,not_applicable,not_applicable,False,True,True
gpt56sol,S112,profiling,not_applicable,not_applicable,False,True,True
gpt56sol,S112,art50,yes,yes,False,True,True
gpt56sol,S113,art5,no,no,False,True,True
gpt56sol,S113,annex_i,no,no,False,True,True
gpt56sol,S113,annex_iii,none,none,False,True,True
gpt56sol,S113,derogation,not_applicable,not_applicable,False,True,True
gpt56sol,S113,profiling,not_applicable,not_applicable,False,True,True
gpt56sol,S113,art50,yes,yes,False,True,True
gpt56sol,S114,art5,no,yes,False,False,False
gpt56sol,S114,annex_i,no,no,False,True,False
gpt56sol,S114,annex_iii,none,none,False,True,False
gpt56sol,S114,derogation,not_applicable,not_applicable,False,True,False
gpt56sol,S114,profiling,not_applicable,not_applicable,False,True,False
gpt56sol,S114,art50,yes,yes,False,True,False
gpt56sol,S115,art5,no,yes,False,False,False
gpt56sol,S115,annex_i,no,no,False,True,False
gpt56sol,S115,annex_iii,none,none,False,True,False
gpt56sol,S115,derogation,not_applicable,not_applicable,False,True,False
gpt56sol,S115,profiling,not_applicable,not_applicable,False,True,False
gpt56sol,S115,art50,yes,yes,False,True,False
gpt56sol,S116,art5,no,yes,False,False,False
gpt56sol,S116,annex_i,no,no,False,True,False
gpt56sol,S116,annex_iii,none,none,False,True,False
gpt56sol,S116,derogation,not_applicable,not_applicable,False,True,False
gpt56sol,S116,profiling,not_applicable,not_applicable,False,True,False
gpt56sol,S116,art50,yes,yes,False,True,False
gpt56sol,S117,art5,no,no,False,True,True
gpt56sol,S117,annex_i,no,no,False,True,True
gpt56sol,S117,annex_iii,none,none,False,True,True
gpt56sol,S117,derogation,not_applicable,not_applicable,False,True,True
gpt56sol,S117,profiling,not_applicable,not_applicable,False,True,True
gpt56sol,S117,art50,yes,yes,False,True,True
gpt56sol,S118,art5,no,yes,False,False,False
gpt56sol,S118,annex_i,no,no,False,True,False
gpt56sol,S118,annex_iii,none,none,False,True,False
gpt56sol,S118,derogation,not_applicable,not_applicable,False,True,False
gpt56sol,S118,profiling,not_applicable,not_applicable,False,True,False
gpt56sol,S118,art50,yes,yes,False,True,False
gpt56sol,S119,art5,no,no,False,True,True
gpt56sol,S119,annex_i,no,no,False,True,True
gpt56sol,S119,annex_iii,none,none,False,True,True
gpt56sol,S119,derogation,not_applicable,not_applicable,False,True,True
gpt56sol,S119,profiling,not_applicable,not_applicable,False,True,True
gpt56sol,S119,art50,yes,yes,False,True,True
gpt56sol,S120,art5,no,no,False,True,True
gpt56sol,S120,annex_i,no,no,False,True,True
gpt56sol,S120,annex_iii,law_enforcement,none,False,False,True
gpt56sol,S120,derogation,applies,not_applicable,False,False,True
gpt56sol,S120,profiling,no,not_applicable,False,False,True
gpt56sol,S120,art50,yes,yes,False,True,True
gpt56sol,S121,art5,no,yes,False,False,False
gpt56sol,S121,annex_i,no,no,False,True,False
gpt56sol,S121,annex_iii,none,none,False,True,False
gpt56sol,S121,derogation,not_applicable,not_applicable,False,True,False
gpt56sol,S121,profiling,not_applicable,not_applicable,False,True,False
gpt56sol,S121,art50,yes,yes,False,True,False
gpt56sol,S122,art5,no,yes,False,False,False
gpt56sol,S122,annex_i,no,no,False,True,False
gpt56sol,S122,annex_iii,none,none,False,True,False
gpt56sol,S122,derogation,not_applicable,not_applicable,False,True,False
gpt56sol,S122,profiling,not_applicable,not_applicable,False,True,False
gpt56sol,S122,art50,yes,yes,False,True,False
gpt56sol,S123,art5,yes,yes,False,True,True
gpt56sol,S123,annex_i,no,no,False,True,True
gpt56sol,S123,annex_iii,biometrics,biometrics,False,True,True
gpt56sol,S123,derogation,not_applicable,does_not_apply,False,False,True
gpt56sol,S123,profiling,not_applicable,no,False,False,True
gpt56sol,S123,art50,no,no,False,True,True
gpt56sol,S124,art5,no,unclear,False,False,True
gpt56sol,S124,annex_i,no,no,False,True,True
gpt56sol,S124,annex_iii,none,none,False,True,True
gpt56sol,S124,derogation,not_applicable,not_applicable,False,True,True
gpt56sol,S124,profiling,not_applicable,not_applicable,False,True,True
gpt56sol,S124,art50,yes,yes,False,True,True
gpt56sol,S125,art5,no,yes,False,False,False
gpt56sol,S125,annex_i,no,no,False,True,False
gpt56sol,S125,annex_iii,none,none,False,True,False
gpt56sol,S125,derogation,not_applicable,not_applicable,False,True,False
gpt56sol,S125,profiling,not_applicable,not_applicable,False,True,False
gpt56sol,S125,art50,yes,yes,False,True,False
gpt56sol,S126,art5,no,no,False,True,True
gpt56sol,S126,annex_i,no,no,False,True,True
gpt56sol,S126,annex_iii,none,none,False,True,True
gpt56sol,S126,derogation,not_applicable,not_applicable,False,True,True
gpt56sol,S126,profiling,not_applicable,not_applicable,False,True,True
gpt56sol,S126,art50,yes,yes,False,True,True
gpt56sol,S127,art5,yes,yes,False,True,True
gpt56sol,S127,annex_i,no,no,False,True,True
gpt56sol,S127,annex_iii,none,none,False,True,True
gpt56sol,S127,derogation,not_applicable,not_applicable,False,True,True
gpt56sol,S127,profiling,not_applicable,not_applicable,False,True,True
gpt56sol,S127,art50,no,no,False,True,True
gpt56sol,S128,art5,no,yes,False,False,False
gpt56sol,S128,annex_i,no,no,False,True,False
gpt56sol,S128,annex_iii,none,none,False,True,False
gpt56sol,S128,derogation,not_applicable,not_applicable,False,True,False
gpt56sol,S128,profiling,not_applicable,not_applicable,False,True,False
gpt56sol,S128,art50,yes,yes,False,True,False
gpt56sol,S129,art5,no,yes,False,False,False
gpt56sol,S129,annex_i,no,no,False,True,False
gpt56sol,S129,annex_iii,none,none,False,True,False
gpt56sol,S129,derogation,not_applicable,not_applicable,False,True,False
gpt56sol,S129,profiling,not_applicable,not_applicable,False,True,False
gpt56sol,S129,art50,yes,yes,False,True,False
gpt56sol,S130,art5,no,no,False,True,True
gpt56sol,S130,annex_i,no,no,False,True,True
gpt56sol,S130,annex_iii,none,none,False,True,True
gpt56sol,S130,derogation,not_applicable,not_applicable,False,True,True
gpt56sol,S130,profiling,not_applicable,not_applicable,False,True,True
gpt56sol,S130,art50,yes,yes,False,True,True
gpt56sol,S131,art5,yes,yes,False,True,True
gpt56sol,S131,annex_i,no,no,False,True,True
gpt56sol,S131,annex_iii,none,none,False,True,True
gpt56sol,S131,derogation,not_applicable,not_applicable,False,True,True
gpt56sol,S131,profiling,not_applicable,not_applicable,False,True,True
gpt56sol,S131,art50,yes,yes,False,True,True
gpt56sol,S132,art5,no,no,False,True,True
gpt56sol,S132,annex_i,no,no,False,True,True
gpt56sol,S132,annex_iii,none,none,False,True,True
gpt56sol,S132,derogation,not_applicable,not_applicable,False,True,True
gpt56sol,S132,profiling,not_applicable,not_applicable,False,True,True
gpt56sol,S132,art50,yes,yes,False,True,True
gpt56sol,S133,art5,no,no,False,True,True
gpt56sol,S133,annex_i,no,no,False,True,True
gpt56sol,S133,annex_iii,none,none,False,True,True
gpt56sol,S133,derogation,not_applicable,not_applicable,False,True,True
gpt56sol,S133,profiling,not_applicable,not_applicable,False,True,True
gpt56sol,S133,art50,yes,yes,False,True,True
gpt56sol,S134,art5,no,yes,False,False,False
gpt56sol,S134,annex_i,no,no,False,True,False
gpt56sol,S134,annex_iii,none,justice_democracy,False,False,False
gpt56sol,S134,derogation,not_applicable,does_not_apply,False,False,False
gpt56sol,S134,profiling,not_applicable,no,False,False,False
gpt56sol,S134,art50,yes,yes,False,True,False
gpt56sol,S135,art5,no,yes,False,False,False
gpt56sol,S135,annex_i,no,no,False,True,False
gpt56sol,S135,annex_iii,none,none,False,True,False
gpt56sol,S135,derogation,not_applicable,not_applicable,False,True,False
gpt56sol,S135,profiling,not_applicable,not_applicable,False,True,False
gpt56sol,S135,art50,yes,yes,False,True,False
gpt56sol,S136,art5,no,unclear,False,False,True
gpt56sol,S136,annex_i,no,no,False,True,True
gpt56sol,S136,annex_iii,none,none,False,True,True
gpt56sol,S136,derogation,not_applicable,not_applicable,False,True,True
gpt56sol,S136,profiling,not_applicable,not_applicable,False,True,True
gpt56sol,S136,art50,yes,yes,False,True,True
gpt56sol,S137,art5,no,yes,False,False,False
gpt56sol,S137,annex_i,no,no,False,True,False
gpt56sol,S137,annex_iii,none,none,False,True,False
gpt56sol,S137,derogation,not_applicable,not_applicable,False,True,False
gpt56sol,S137,profiling,not_applicable,not_applicable,False,True,False
gpt56sol,S137,art50,yes,yes,False,True,False
gpt56sol,S138,art5,no,no,False,True,True
gpt56sol,S138,annex_i,yes,yes,False,True,True
gpt56sol,S138,annex_iii,none,none,False,True,True
gpt56sol,S138,derogation,not_applicable,not_applicable,False,True,True
gpt56sol,S138,profiling,not_applicable,not_applicable,False,True,True
gpt56sol,S138,art50,no,no,False,True,True
gpt56sol,S139,art5,no,no,False,True,True
gpt56sol,S139,annex_i,no,no,False,True,True
gpt56sol,S139,annex_iii,none,none,False,True,True
gpt56sol,S139,derogation,not_applicable,not_applicable,False,True,True
gpt56sol,S139,profiling,not_applicable,not_applicable,False,True,True
gpt56sol,S139,art50,yes,yes,False,True,True
gpt56sol,S140,art5,no,no,False,True,False
gpt56sol,S140,annex_i,unclear,no,False,False,False
gpt56sol,S140,annex_iii,unclear,none,False,False,False
gpt56sol,S140,derogation,unclear,not_applicable,False,False,False
gpt56sol,S140,profiling,unclear,not_applicable,False,False,False
gpt56sol,S140,art50,unclear,yes,False,False,False
gpt56sol,S141,art5,no,no,False,True,True
gpt56sol,S141,annex_i,no,no,False,True,True
gpt56sol,S141,annex_iii,none,none,False,True,True
gpt56sol,S141,derogation,not_applicable,not_applicable,False,True,True
gpt56sol,S141,profiling,not_applicable,not_applicable,False,True,True
gpt56sol,S141,art50,yes,yes,False,True,True
gpt56sol,S142,art5,no,no,False,True,True
gpt56sol,S142,annex_i,yes,yes,False,True,True
gpt56sol,S142,annex_iii,none,none,False,True,True
gpt56sol,S142,derogation,not_applicable,not_applicable,False,True,True
gpt56sol,S142,profiling,not_applicable,not_applicable,False,True,True
gpt56sol,S142,art50,no,no,False,True,True
gpt56sol,S143,art5,yes,unclear,False,False,False
gpt56sol,S143,annex_i,no,no,False,True,False
gpt56sol,S143,annex_iii,none,none,False,True,False
gpt56sol,S143,derogation,not_applicable,not_applicable,False,True,False
gpt56sol,S143,profiling,not_applicable,not_applicable,False,True,False
gpt56sol,S143,art50,yes,yes,False,True,False
gpt56sol,S144,art5,no,no,False,True,True
gpt56sol,S144,annex_i,no,no,False,True,True
gpt56sol,S144,annex_iii,none,none,False,True,True
gpt56sol,S144,derogation,not_applicable,not_applicable,False,True,True
gpt56sol,S144,profiling,not_applicable,not_applicable,False,True,True
gpt56sol,S144,art50,no,no,False,True,True
gpt56sol,S145,art5,no,no,False,True,True
gpt56sol,S145,annex_i,no,no,False,True,True
gpt56sol,S145,annex_iii,none,none,False,True,True
gpt56sol,S145,derogation,not_applicable,not_applicable,False,True,True
gpt56sol,S145,profiling,not_applicable,not_applicable,False,True,True
gpt56sol,S145,art50,yes,yes,False,True,True
gpt56sol,S146,art5,no,no,False,True,True
gpt56sol,S146,annex_i,yes,yes,False,True,True
gpt56sol,S146,annex_iii,none,none,False,True,True
gpt56sol,S146,derogation,not_applicable,not_applicable,False,True,True
gpt56sol,S146,profiling,not_applicable,not_applicable,False,True,True
gpt56sol,S146,art50,no,no,False,True,True
gpt56sol,S147,art5,no,no,False,True,True
gpt56sol,S147,annex_i,no,no,False,True,True
gpt56sol,S147,annex_iii,none,none,False,True,True
gpt56sol,S147,derogation,not_applicable,not_applicable,False,True,True
gpt56sol,S147,profiling,not_applicable,not_applicable,False,True,True
gpt56sol,S147,art50,yes,yes,False,True,True
gpt56sol,S148,art5,no,no,False,True,True
gpt56sol,S148,annex_i,no,no,False,True,True
gpt56sol,S148,annex_iii,none,none,False,True,True
gpt56sol,S148,derogation,not_applicable,not_applicable,False,True,True
gpt56sol,S148,profiling,not_applicable,not_applicable,False,True,True
gpt56sol,S148,art50,yes,yes,False,True,True
gpt56sol,S149,art5,no,no,False,True,True
gpt56sol,S149,annex_i,no,no,False,True,True
gpt56sol,S149,annex_iii,none,none,False,True,True
gpt56sol,S149,derogation,not_applicable,not_applicable,False,True,True
gpt56sol,S149,profiling,not_applicable,not_applicable,False,True,True
gpt56sol,S149,art50,yes,yes,False,True,True
gpt56sol,S150,art5,no,no,False,True,True
gpt56sol,S150,annex_i,no,no,False,True,True
gpt56sol,S150,annex_iii,none,none,False,True,True
gpt56sol,S150,derogation,not_applicable,not_applicable,False,True,True
gpt56sol,S150,profiling,not_applicable,not_applicable,False,True,True
gpt56sol,S150,art50,yes,yes,False,True,True
grok46,S001,art5,no,no,False,True,True
grok46,S001,annex_i,no,no,False,True,True
grok46,S001,annex_iii,none,none,False,True,True
grok46,S001,derogation,not_applicable,not_applicable,False,True,True
grok46,S001,profiling,not_applicable,not_applicable,False,True,True
grok46,S001,art50,no,no,False,True,True
grok46,S002,art5,no,no,False,True,True
grok46,S002,annex_i,no,no,False,True,True
grok46,S002,annex_iii,none,none,False,True,True
grok46,S002,derogation,not_applicable,not_applicable,False,True,True
grok46,S002,profiling,not_applicable,not_applicable,False,True,True
grok46,S002,art50,yes,yes,False,True,True
grok46,S003,art5,no,no,False,True,True
grok46,S003,annex_i,no,no,False,True,True
grok46,S003,annex_iii,none,none,False,True,True
grok46,S003,derogation,not_applicable,not_applicable,False,True,True
grok46,S003,profiling,not_applicable,not_applicable,False,True,True
grok46,S003,art50,yes,yes,False,True,True
grok46,S004,art5,no,no,False,True,True
grok46,S004,annex_i,no,no,False,True,True
grok46,S004,annex_iii,none,none,False,True,True
grok46,S004,derogation,not_applicable,not_applicable,False,True,True
grok46,S004,profiling,not_applicable,not_applicable,False,True,True
grok46,S004,art50,yes,yes,False,True,True
grok46,S005,art5,no,no,False,True,False
grok46,S005,annex_i,no,no,False,True,False
grok46,S005,annex_iii,migration,none,False,False,False
grok46,S005,derogation,does_not_apply,not_applicable,False,False,False
grok46,S005,profiling,no,not_applicable,False,False,False
grok46,S005,art50,no,no,False,True,False
grok46,S006,art5,no,no,False,True,True
grok46,S006,annex_i,no,no,False,True,True
grok46,S006,annex_iii,essential_services,essential_services,False,True,True
grok46,S006,derogation,does_not_apply,does_not_apply,False,True,True
grok46,S006,profiling,yes,yes,False,True,True
grok46,S006,art50,no,no,False,True,True
grok46,S007,art5,no,no,False,True,False
grok46,S007,annex_i,no,no,False,True,False
grok46,S007,annex_iii,migration,none,False,False,False
grok46,S007,derogation,does_not_apply,not_applicable,False,False,False
grok46,S007,profiling,no,not_applicable,False,False,False
grok46,S007,art50,no,yes,False,False,False
grok46,S008,art5,no,no,False,True,True
grok46,S008,annex_i,yes,yes,False,True,True
grok46,S008,annex_iii,none,none,False,True,True
grok46,S008,derogation,not_applicable,not_applicable,False,True,True
grok46,S008,profiling,not_applicable,not_applicable,False,True,True
grok46,S008,art50,no,no,False,True,True
grok46,S009,art5,no,no,False,True,True
grok46,S009,annex_i,yes,yes,False,True,True
grok46,S009,annex_iii,none,none,False,True,True
grok46,S009,derogation,not_applicable,not_applicable,False,True,True
grok46,S009,profiling,not_applicable,not_applicable,False,True,True
grok46,S009,art50,no,no,False,True,True
grok46,S010,art5,yes,yes,False,True,True
grok46,S010,annex_i,no,no,False,True,True
grok46,S010,annex_iii,biometrics,biometrics,False,True,True
grok46,S010,derogation,not_applicable,does_not_apply,False,False,True
grok46,S010,profiling,not_applicable,yes,False,False,True
grok46,S010,art50,yes,yes,False,True,True
grok46,S011,art5,no,yes,False,False,False
grok46,S011,annex_i,no,no,False,True,False
grok46,S011,annex_iii,biometrics,biometrics,False,True,False
grok46,S011,derogation,does_not_apply,does_not_apply,False,True,False
grok46,S011,profiling,no,no,False,True,False
grok46,S011,art50,no,yes,False,False,False
grok46,S012,art5,no,no,False,True,True
grok46,S012,annex_i,no,no,False,True,True
grok46,S012,annex_iii,essential_services,essential_services,False,True,True
grok46,S012,derogation,does_not_apply,does_not_apply,False,True,True
grok46,S012,profiling,yes,yes,False,True,True
grok46,S012,art50,no,no,False,True,True
grok46,S013,art5,no,no,False,True,False
grok46,S013,annex_i,no,no,False,True,False
grok46,S013,annex_iii,law_enforcement,none,False,False,False
grok46,S013,derogation,does_not_apply,not_applicable,False,False,False
grok46,S013,profiling,no,not_applicable,False,False,False
grok46,S013,art50,no,no,False,True,False
grok46,S014,art5,no,no,False,True,True
grok46,S014,annex_i,no,no,False,True,True
grok46,S014,annex_iii,none,none,False,True,True
grok46,S014,derogation,not_applicable,not_applicable,False,True,True
grok46,S014,profiling,not_applicable,not_applicable,False,True,True
grok46,S014,art50,no,no,False,True,True
grok46,S015,art5,no,no,False,True,True
grok46,S015,annex_i,no,no,False,True,True
grok46,S015,annex_iii,none,none,False,True,True
grok46,S015,derogation,not_applicable,not_applicable,False,True,True
grok46,S015,profiling,not_applicable,not_applicable,False,True,True
grok46,S015,art50,no,no,False,True,True
grok46,S016,art5,no,no,False,True,True
grok46,S016,annex_i,yes,yes,False,True,True
grok46,S016,annex_iii,none,none,False,True,True
grok46,S016,derogation,not_applicable,not_applicable,False,True,True
grok46,S016,profiling,not_applicable,not_applicable,False,True,True
grok46,S016,art50,no,no,False,True,True
grok46,S017,art5,no,no,False,True,False
grok46,S017,annex_i,no,no,False,True,False
grok46,S017,annex_iii,biometrics,none,False,False,False
grok46,S017,derogation,does_not_apply,not_applicable,False,False,False
grok46,S017,profiling,no,not_applicable,False,False,False
grok46,S017,art50,no,no,False,True,False
grok46,S018,art5,no,no,False,True,True
grok46,S018,annex_i,no,no,False,True,True
grok46,S018,annex_iii,none,none,False,True,True
grok46,S018,derogation,not_applicable,not_applicable,False,True,True
grok46,S018,profiling,not_applicable,not_applicable,False,True,True
grok46,S018,art50,yes,yes,False,True,True
grok46,S020,art5,no,no,False,True,True
grok46,S020,annex_i,no,no,False,True,True
grok46,S020,annex_iii,none,none,False,True,True
grok46,S020,derogation,not_applicable,not_applicable,False,True,True
grok46,S020,profiling,not_applicable,not_applicable,False,True,True
grok46,S020,art50,no,no,False,True,True
grok46,S021,art5,no,no,False,True,True
grok46,S021,annex_i,no,no,False,True,True
grok46,S021,annex_iii,migration,migration,False,True,True
grok46,S021,derogation,does_not_apply,does_not_apply,False,True,True
grok46,S021,profiling,yes,yes,False,True,True
grok46,S021,art50,no,no,False,True,True
grok46,S022,art5,no,no,False,True,True
grok46,S022,annex_i,no,no,False,True,True
grok46,S022,annex_iii,biometrics,biometrics,False,True,True
grok46,S022,derogation,does_not_apply,does_not_apply,False,True,True
grok46,S022,profiling,no,no,False,True,True
grok46,S022,art50,no,no,False,True,True
grok46,S023,art5,no,no,False,True,True
grok46,S023,annex_i,no,no,False,True,True
grok46,S023,annex_iii,biometrics,biometrics,False,True,True
grok46,S023,derogation,does_not_apply,does_not_apply,False,True,True
grok46,S023,profiling,no,no,False,True,True
grok46,S023,art50,no,no,False,True,True
grok46,S024,art5,no,no,False,True,False
grok46,S024,annex_i,no,no,False,True,False
grok46,S024,annex_iii,none,education,False,False,False
grok46,S024,derogation,not_applicable,does_not_apply,False,False,False
grok46,S024,profiling,not_applicable,yes,False,False,False
grok46,S024,art50,no,no,False,True,False
grok46,S025,art5,yes,yes,False,True,True
grok46,S025,annex_i,no,no,False,True,True
grok46,S025,annex_iii,biometrics,biometrics,False,True,True
grok46,S025,derogation,not_applicable,does_not_apply,False,False,True
grok46,S025,profiling,not_applicable,no,False,False,True
grok46,S025,art50,no,no,False,True,True
grok46,S027,art5,no,no,False,True,True
grok46,S027,annex_i,no,no,False,True,True
grok46,S027,annex_iii,migration,migration,False,True,True
grok46,S027,derogation,does_not_apply,does_not_apply,False,True,True
grok46,S027,profiling,yes,yes,False,True,True
grok46,S027,art50,no,no,False,True,True
grok46,S029,art5,no,no,False,True,True
grok46,S029,annex_i,no,no,False,True,True
grok46,S029,annex_iii,none,none,False,True,True
grok46,S029,derogation,not_applicable,not_applicable,False,True,True
grok46,S029,profiling,not_applicable,not_applicable,False,True,True
grok46,S029,art50,yes,yes,False,True,True
grok46,S030,art5,no,no,False,True,True
grok46,S030,annex_i,yes,yes,False,True,True
grok46,S030,annex_iii,none,none,False,True,True
grok46,S030,derogation,not_applicable,not_applicable,False,True,True
grok46,S030,profiling,not_applicable,not_applicable,False,True,True
grok46,S030,art50,no,no,False,True,True
grok46,S031,art5,no,no,False,True,True
grok46,S031,annex_i,no,no,False,True,True
grok46,S031,annex_iii,biometrics,biometrics,False,True,True
grok46,S031,derogation,does_not_apply,does_not_apply,False,True,True
grok46,S031,profiling,yes,yes,False,True,True
grok46,S031,art50,yes,yes,False,True,True
grok46,S032,art5,unclear,no,False,False,True
grok46,S032,annex_i,no,no,False,True,True
grok46,S032,annex_iii,biometrics,biometrics,False,True,True
grok46,S032,derogation,does_not_apply,does_not_apply,False,True,True
grok46,S032,profiling,no,no,False,True,True
grok46,S032,art50,no,no,False,True,True
grok46,S033,art5,no,yes,False,False,False
grok46,S033,annex_i,no,no,False,True,False
grok46,S033,annex_iii,biometrics,biometrics,False,True,False
grok46,S033,derogation,does_not_apply,not_applicable,False,False,False
grok46,S033,profiling,no,not_applicable,False,False,False
grok46,S033,art50,no,no,False,True,False
grok46,S034,art5,no,no,False,True,True
grok46,S034,annex_i,no,no,False,True,True
grok46,S034,annex_iii,employment,employment,False,True,True
grok46,S034,derogation,does_not_apply,does_not_apply,False,True,True
grok46,S034,profiling,yes,yes,False,True,True
grok46,S034,art50,no,no,False,True,True
grok46,S035,art5,no,no,False,True,True
grok46,S035,annex_i,no,no,False,True,True
grok46,S035,annex_iii,none,none,False,True,True
grok46,S035,derogation,not_applicable,not_applicable,False,True,True
grok46,S035,profiling,not_applicable,not_applicable,False,True,True
grok46,S035,art50,yes,yes,False,True,True
grok46,S036,art5,no,no,False,True,True
grok46,S036,annex_i,no,no,False,True,True
grok46,S036,annex_iii,education,education,False,True,True
grok46,S036,derogation,does_not_apply,does_not_apply,False,True,True
grok46,S036,profiling,yes,yes,False,True,True
grok46,S036,art50,no,yes,False,False,True
grok46,S037,art5,no,no,False,True,True
grok46,S037,annex_i,yes,yes,False,True,True
grok46,S037,annex_iii,none,none,False,True,True
grok46,S037,derogation,not_applicable,not_applicable,False,True,True
grok46,S037,profiling,not_applicable,not_applicable,False,True,True
grok46,S037,art50,no,no,False,True,True
grok46,S038,art5,no,no,False,True,True
grok46,S038,annex_i,no,no,False,True,True
grok46,S038,annex_iii,none,none,False,True,True
grok46,S038,derogation,not_applicable,not_applicable,False,True,True
grok46,S038,profiling,not_applicable,not_applicable,False,True,True
grok46,S038,art50,no,no,False,True,True
grok46,S039,art5,no,no,False,True,True
grok46,S039,annex_i,no,no,False,True,True
grok46,S039,annex_iii,migration,migration,False,True,True
grok46,S039,derogation,does_not_apply,does_not_apply,False,True,True
grok46,S039,profiling,yes,no,False,False,True
grok46,S039,art50,no,no,False,True,True
grok46,S040,art5,no,no,False,True,True
grok46,S040,annex_i,no,no,False,True,True
grok46,S040,annex_iii,none,none,False,True,True
grok46,S040,derogation,not_applicable,not_applicable,False,True,True
grok46,S040,profiling,not_applicable,not_applicable,False,True,True
grok46,S040,art50,no,no,False,True,True
grok46,S042,art5,no,no,False,True,True
grok46,S042,annex_i,yes,yes,False,True,True
grok46,S042,annex_iii,none,none,False,True,True
grok46,S042,derogation,not_applicable,not_applicable,False,True,True
grok46,S042,profiling,not_applicable,not_applicable,False,True,True
grok46,S042,art50,no,no,False,True,True
grok46,S043,art5,no,no,False,True,True
grok46,S043,annex_i,no,no,False,True,True
grok46,S043,annex_iii,migration,migration,False,True,True
grok46,S043,derogation,does_not_apply,does_not_apply,False,True,True
grok46,S043,profiling,no,no,False,True,True
grok46,S043,art50,no,no,False,True,True
grok46,S044,art5,no,no,False,True,True
grok46,S044,annex_i,no,no,False,True,True
grok46,S044,annex_iii,none,none,False,True,True
grok46,S044,derogation,not_applicable,not_applicable,False,True,True
grok46,S044,profiling,not_applicable,not_applicable,False,True,True
grok46,S044,art50,yes,yes,False,True,True
grok46,S045,art5,no,no,False,True,True
grok46,S045,annex_i,no,no,False,True,True
grok46,S045,annex_iii,none,none,False,True,True
grok46,S045,derogation,not_applicable,not_applicable,False,True,True
grok46,S045,profiling,not_applicable,not_applicable,False,True,True
grok46,S045,art50,yes,yes,False,True,True
grok46,S046,art5,no,no,False,True,False
grok46,S046,annex_i,no,no,False,True,False
grok46,S046,annex_iii,essential_services,none,False,False,False
grok46,S046,derogation,does_not_apply,not_applicable,False,False,False
grok46,S046,profiling,not_applicable,not_applicable,False,True,False
grok46,S046,art50,no,no,False,True,False
grok46,S047,art5,no,no,False,True,True
grok46,S047,annex_i,no,no,False,True,True
grok46,S047,annex_iii,biometrics,biometrics,False,True,True
grok46,S047,derogation,does_not_apply,does_not_apply,False,True,True
grok46,S047,profiling,no,no,False,True,True
grok46,S047,art50,no,no,False,True,True
grok46,S048,art5,no,no,False,True,True
grok46,S048,annex_i,no,no,False,True,True
grok46,S048,annex_iii,none,none,False,True,True
grok46,S048,derogation,not_applicable,not_applicable,False,True,True
grok46,S048,profiling,not_applicable,not_applicable,False,True,True
grok46,S048,art50,yes,yes,False,True,True
grok46,S049,art5,no,no,False,True,False
grok46,S049,annex_i,no,no,False,True,False
grok46,S049,annex_iii,migration,migration,False,True,False
grok46,S049,derogation,does_not_apply,applies,False,False,False
grok46,S049,profiling,no,no,False,True,False
grok46,S049,art50,yes,yes,False,True,False
grok46,S050,art5,no,no,False,True,True
grok46,S050,annex_i,yes,yes,False,True,True
grok46,S050,annex_iii,none,none,False,True,True
grok46,S050,derogation,not_applicable,not_applicable,False,True,True
grok46,S050,profiling,not_applicable,not_applicable,False,True,True
grok46,S050,art50,no,no,False,True,True
grok46,S051,art5,no,no,False,True,True
grok46,S051,annex_i,no,no,False,True,True
grok46,S051,annex_iii,essential_services,essential_services,False,True,True
grok46,S051,derogation,does_not_apply,does_not_apply,False,True,True
grok46,S051,profiling,yes,yes,False,True,True
grok46,S051,art50,no,no,False,True,True
grok46,S052,art5,no,no,False,True,True
grok46,S052,annex_i,yes,yes,False,True,True
grok46,S052,annex_iii,none,none,False,True,True
grok46,S052,derogation,not_applicable,not_applicable,False,True,True
grok46,S052,profiling,not_applicable,not_applicable,False,True,True
grok46,S052,art50,no,no,False,True,True
grok46,S053,art5,unclear,no,False,False,True
grok46,S053,annex_i,no,no,False,True,True
grok46,S053,annex_iii,none,none,False,True,True
grok46,S053,derogation,not_applicable,not_applicable,False,True,True
grok46,S053,profiling,not_applicable,not_applicable,False,True,True
grok46,S053,art50,yes,yes,False,True,True
grok46,S054,art5,no,no,False,True,True
grok46,S054,annex_i,no,no,False,True,True
grok46,S054,annex_iii,employment,employment,False,True,True
grok46,S054,derogation,does_not_apply,does_not_apply,False,True,True
grok46,S054,profiling,yes,yes,False,True,True
grok46,S054,art50,no,no,False,True,True
grok46,S055,art5,no,no,False,True,True
grok46,S055,annex_i,no,no,False,True,True
grok46,S055,annex_iii,none,none,False,True,True
grok46,S055,derogation,not_applicable,not_applicable,False,True,True
grok46,S055,profiling,not_applicable,not_applicable,False,True,True
grok46,S055,art50,no,no,False,True,True
grok46,S056,art5,unclear,no,False,False,True
grok46,S056,annex_i,no,no,False,True,True
grok46,S056,annex_iii,none,none,False,True,True
grok46,S056,derogation,not_applicable,not_applicable,False,True,True
grok46,S056,profiling,not_applicable,not_applicable,False,True,True
grok46,S056,art50,yes,yes,False,True,True
grok46,S057,art5,no,no,False,True,True
grok46,S057,annex_i,no,no,False,True,True
grok46,S057,annex_iii,none,none,False,True,True
grok46,S057,derogation,not_applicable,not_applicable,False,True,True
grok46,S057,profiling,not_applicable,not_applicable,False,True,True
grok46,S057,art50,yes,yes,False,True,True
grok46,S058,art5,no,no,False,True,True
grok46,S058,annex_i,no,no,False,True,True
grok46,S058,annex_iii,none,none,False,True,True
grok46,S058,derogation,not_applicable,not_applicable,False,True,True
grok46,S058,profiling,not_applicable,not_applicable,False,True,True
grok46,S058,art50,no,no,False,True,True
grok46,S060,art5,no,no,False,True,True
grok46,S060,annex_i,no,no,False,True,True
grok46,S060,annex_iii,biometrics,biometrics,False,True,True
grok46,S060,derogation,does_not_apply,does_not_apply,False,True,True
grok46,S060,profiling,yes,yes,False,True,True
grok46,S060,art50,no,no,False,True,True
grok46,S061,art5,no,no,False,True,True
grok46,S061,annex_i,no,no,False,True,True
grok46,S061,annex_iii,biometrics,biometrics,False,True,True
grok46,S061,derogation,does_not_apply,does_not_apply,False,True,True
grok46,S061,profiling,yes,no,False,False,True
grok46,S061,art50,no,no,False,True,True
grok46,S062,art5,no,no,False,True,True
grok46,S062,annex_i,yes,yes,False,True,True
grok46,S062,annex_iii,none,none,False,True,True
grok46,S062,derogation,not_applicable,not_applicable,False,True,True
grok46,S062,profiling,not_applicable,not_applicable,False,True,True
grok46,S062,art50,no,no,False,True,True
grok46,S063,art5,no,no,False,True,True
grok46,S063,annex_i,no,no,False,True,True
grok46,S063,annex_iii,none,none,False,True,True
grok46,S063,derogation,not_applicable,not_applicable,False,True,True
grok46,S063,profiling,not_applicable,not_applicable,False,True,True
grok46,S063,art50,yes,yes,False,True,True
grok46,S064,art5,no,no,False,True,True
grok46,S064,annex_i,no,no,False,True,True
grok46,S064,annex_iii,none,none,False,True,True
grok46,S064,derogation,not_applicable,not_applicable,False,True,True
grok46,S064,profiling,not_applicable,not_applicable,False,True,True
grok46,S064,art50,yes,yes,False,True,True
grok46,S065,art5,no,no,False,True,True
grok46,S065,annex_i,no,no,False,True,True
grok46,S065,annex_iii,none,none,False,True,True
grok46,S065,derogation,not_applicable,not_applicable,False,True,True
grok46,S065,profiling,not_applicable,not_applicable,False,True,True
grok46,S065,art50,yes,yes,False,True,True
grok46,S066,art5,no,no,False,True,True
grok46,S066,annex_i,no,no,False,True,True
grok46,S066,annex_iii,justice_democracy,justice_democracy,False,True,True
grok46,S066,derogation,does_not_apply,does_not_apply,False,True,True
grok46,S066,profiling,no,no,False,True,True
grok46,S066,art50,yes,yes,False,True,True
grok46,S068,art5,no,no,False,True,True
grok46,S068,annex_i,no,no,False,True,True
grok46,S068,annex_iii,none,none,False,True,True
grok46,S068,derogation,not_applicable,not_applicable,False,True,True
grok46,S068,profiling,not_applicable,not_applicable,False,True,True
grok46,S068,art50,yes,yes,False,True,True
grok46,S069,art5,yes,no,False,False,False
grok46,S069,annex_i,no,no,False,True,False
grok46,S069,annex_iii,none,none,False,True,False
grok46,S069,derogation,not_applicable,not_applicable,False,True,False
grok46,S069,profiling,not_applicable,not_applicable,False,True,False
grok46,S069,art50,yes,yes,False,True,False
grok46,S070,art5,no,no,False,True,True
grok46,S070,annex_i,yes,yes,False,True,True
grok46,S070,annex_iii,none,none,False,True,True
grok46,S070,derogation,not_applicable,not_applicable,False,True,True
grok46,S070,profiling,not_applicable,not_applicable,False,True,True
grok46,S070,art50,no,no,False,True,True
grok46,S071,art5,no,no,False,True,True
grok46,S071,annex_i,yes,yes,False,True,True
grok46,S071,annex_iii,none,none,False,True,True
grok46,S071,derogation,not_applicable,not_applicable,False,True,True
grok46,S071,profiling,not_applicable,not_applicable,False,True,True
grok46,S071,art50,no,no,False,True,True
grok46,S072,art5,unclear,no,False,False,False
grok46,S072,annex_i,unclear,no,False,False,False
grok46,S072,annex_iii,unclear,none,False,False,False
grok46,S072,derogation,unclear,not_applicable,False,False,False
grok46,S072,profiling,unclear,not_applicable,False,False,False
grok46,S072,art50,unclear,no,False,False,False
grok46,S073,art5,no,no,False,True,True
grok46,S073,annex_i,no,no,False,True,True
grok46,S073,annex_iii,essential_services,essential_services,False,True,True
grok46,S073,derogation,does_not_apply,does_not_apply,False,True,True
grok46,S073,profiling,yes,yes,False,True,True
grok46,S073,art50,no,no,False,True,True
grok46,S074,art5,no,no,False,True,True
grok46,S074,annex_i,no,no,False,True,True
grok46,S074,annex_iii,none,none,False,True,True
grok46,S074,derogation,not_applicable,not_applicable,False,True,True
grok46,S074,profiling,not_applicable,not_applicable,False,True,True
grok46,S074,art50,yes,yes,False,True,True
grok46,S075,art5,no,no,False,True,True
grok46,S075,annex_i,no,no,False,True,True
grok46,S075,annex_iii,none,none,False,True,True
grok46,S075,derogation,not_applicable,not_applicable,False,True,True
grok46,S075,profiling,not_applicable,not_applicable,False,True,True
grok46,S075,art50,yes,yes,False,True,True
grok46,S076,art5,no,no,False,True,True
grok46,S076,annex_i,no,no,False,True,True
grok46,S076,annex_iii,none,none,False,True,True
grok46,S076,derogation,not_applicable,not_applicable,False,True,True
grok46,S076,profiling,not_applicable,not_applicable,False,True,True
grok46,S076,art50,yes,yes,False,True,True
grok46,S077,art5,no,no,False,True,True
grok46,S077,annex_i,no,no,False,True,True
grok46,S077,annex_iii,none,none,False,True,True
grok46,S077,derogation,not_applicable,not_applicable,False,True,True
grok46,S077,profiling,not_applicable,not_applicable,False,True,True
grok46,S077,art50,yes,yes,False,True,True
grok46,S078,art5,no,no,False,True,True
grok46,S078,annex_i,no,no,False,True,True
grok46,S078,annex_iii,none,none,False,True,True
grok46,S078,derogation,not_applicable,not_applicable,False,True,True
grok46,S078,profiling,not_applicable,not_applicable,False,True,True
grok46,S078,art50,yes,yes,False,True,True
grok46,S079,art5,no,no,False,True,True
grok46,S079,annex_i,no,no,False,True,True
grok46,S079,annex_iii,none,none,False,True,True
grok46,S079,derogation,not_applicable,not_applicable,False,True,True
grok46,S079,profiling,not_applicable,not_applicable,False,True,True
grok46,S079,art50,yes,yes,False,True,True
grok46,S080,art5,no,no,False,True,True
grok46,S080,annex_i,no,no,False,True,True
grok46,S080,annex_iii,none,none,False,True,True
grok46,S080,derogation,not_applicable,not_applicable,False,True,True
grok46,S080,profiling,not_applicable,not_applicable,False,True,True
grok46,S080,art50,yes,yes,False,True,True
grok46,S081,art5,no,no,False,True,True
grok46,S081,annex_i,no,no,False,True,True
grok46,S081,annex_iii,law_enforcement,law_enforcement,False,True,True
grok46,S081,derogation,does_not_apply,does_not_apply,False,True,True
grok46,S081,profiling,yes,yes,False,True,True
grok46,S081,art50,no,no,False,True,True
grok46,S082,art5,no,no,False,True,True
grok46,S082,annex_i,no,no,False,True,True
grok46,S082,annex_iii,essential_services,essential_services,False,True,True
grok46,S082,derogation,does_not_apply,does_not_apply,False,True,True
grok46,S082,profiling,yes,yes,False,True,True
grok46,S082,art50,no,no,False,True,True
grok46,S083,art5,no,no,False,True,True
grok46,S083,annex_i,no,no,False,True,True
grok46,S083,annex_iii,none,none,False,True,True
grok46,S083,derogation,not_applicable,not_applicable,False,True,True
grok46,S083,profiling,not_applicable,not_applicable,False,True,True
grok46,S083,art50,yes,yes,False,True,True
grok46,S084,art5,no,no,False,True,True
grok46,S084,annex_i,no,no,False,True,True
grok46,S084,annex_iii,none,none,False,True,True
grok46,S084,derogation,not_applicable,not_applicable,False,True,True
grok46,S084,profiling,not_applicable,not_applicable,False,True,True
grok46,S084,art50,yes,yes,False,True,True
grok46,S085,art5,no,no,False,True,True
grok46,S085,annex_i,no,no,False,True,True
grok46,S085,annex_iii,none,none,False,True,True
grok46,S085,derogation,not_applicable,not_applicable,False,True,True
grok46,S085,profiling,not_applicable,not_applicable,False,True,True
grok46,S085,art50,yes,yes,False,True,True
grok46,S086,art5,no,no,False,True,True
grok46,S086,annex_i,no,no,False,True,True
grok46,S086,annex_iii,none,none,False,True,True
grok46,S086,derogation,not_applicable,not_applicable,False,True,True
grok46,S086,profiling,not_applicable,not_applicable,False,True,True
grok46,S086,art50,yes,yes,False,True,True
grok46,S087,art5,no,no,False,True,True
grok46,S087,annex_i,no,no,False,True,True
grok46,S087,annex_iii,none,none,False,True,True
grok46,S087,derogation,not_applicable,not_applicable,False,True,True
grok46,S087,profiling,not_applicable,not_applicable,False,True,True
grok46,S087,art50,yes,yes,False,True,True
grok46,S088,art5,no,no,False,True,True
grok46,S088,annex_i,no,no,False,True,True
grok46,S088,annex_iii,none,none,False,True,True
grok46,S088,derogation,not_applicable,not_applicable,False,True,True
grok46,S088,profiling,not_applicable,not_applicable,False,True,True
grok46,S088,art50,yes,yes,False,True,True
grok46,S089,art5,no,no,False,True,True
grok46,S089,annex_i,no,no,False,True,True
grok46,S089,annex_iii,none,none,False,True,True
grok46,S089,derogation,not_applicable,not_applicable,False,True,True
grok46,S089,profiling,not_applicable,not_applicable,False,True,True
grok46,S089,art50,yes,yes,False,True,True
grok46,S090,art5,no,no,False,True,True
grok46,S090,annex_i,yes,yes,False,True,True
grok46,S090,annex_iii,none,none,False,True,True
grok46,S090,derogation,not_applicable,not_applicable,False,True,True
grok46,S090,profiling,not_applicable,not_applicable,False,True,True
grok46,S090,art50,no,no,False,True,True
grok46,S091,art5,no,no,False,True,True
grok46,S091,annex_i,no,no,False,True,True
grok46,S091,annex_iii,none,none,False,True,True
grok46,S091,derogation,not_applicable,not_applicable,False,True,True
grok46,S091,profiling,not_applicable,not_applicable,False,True,True
grok46,S091,art50,yes,yes,False,True,True
grok46,S092,art5,unclear,no,False,False,True
grok46,S092,annex_i,no,no,False,True,True
grok46,S092,annex_iii,none,none,False,True,True
grok46,S092,derogation,not_applicable,not_applicable,False,True,True
grok46,S092,profiling,not_applicable,not_applicable,False,True,True
grok46,S092,art50,yes,yes,False,True,True
grok46,S093,art5,yes,no,False,False,False
grok46,S093,annex_i,no,no,False,True,False
grok46,S093,annex_iii,none,none,False,True,False
grok46,S093,derogation,not_applicable,not_applicable,False,True,False
grok46,S093,profiling,not_applicable,not_applicable,False,True,False
grok46,S093,art50,yes,yes,False,True,False
grok46,S094,art5,no,no,False,True,True
grok46,S094,annex_i,no,no,False,True,True
grok46,S094,annex_iii,none,none,False,True,True
grok46,S094,derogation,not_applicable,not_applicable,False,True,True
grok46,S094,profiling,not_applicable,not_applicable,False,True,True
grok46,S094,art50,yes,yes,False,True,True
grok46,S095,art5,yes,no,False,False,False
grok46,S095,annex_i,no,no,False,True,False
grok46,S095,annex_iii,none,none,False,True,False
grok46,S095,derogation,not_applicable,not_applicable,False,True,False
grok46,S095,profiling,not_applicable,not_applicable,False,True,False
grok46,S095,art50,yes,yes,False,True,False
grok46,S096,art5,no,no,False,True,True
grok46,S096,annex_i,no,no,False,True,True
grok46,S096,annex_iii,none,none,False,True,True
grok46,S096,derogation,not_applicable,not_applicable,False,True,True
grok46,S096,profiling,not_applicable,not_applicable,False,True,True
grok46,S096,art50,yes,yes,False,True,True
grok46,S097,art5,no,no,False,True,True
grok46,S097,annex_i,no,no,False,True,True
grok46,S097,annex_iii,none,none,False,True,True
grok46,S097,derogation,not_applicable,not_applicable,False,True,True
grok46,S097,profiling,not_applicable,not_applicable,False,True,True
grok46,S097,art50,yes,yes,False,True,True
grok46,S098,art5,no,no,False,True,True
grok46,S098,annex_i,no,no,False,True,True
grok46,S098,annex_iii,none,none,False,True,True
grok46,S098,derogation,not_applicable,not_applicable,False,True,True
grok46,S098,profiling,not_applicable,not_applicable,False,True,True
grok46,S098,art50,yes,yes,False,True,True
grok46,S099,art5,no,no,False,True,True
grok46,S099,annex_i,no,no,False,True,True
grok46,S099,annex_iii,none,none,False,True,True
grok46,S099,derogation,not_applicable,not_applicable,False,True,True
grok46,S099,profiling,not_applicable,not_applicable,False,True,True
grok46,S099,art50,yes,yes,False,True,True
grok46,S100,art5,no,no,False,True,True
grok46,S100,annex_i,no,no,False,True,True
grok46,S100,annex_iii,none,none,False,True,True
grok46,S100,derogation,not_applicable,not_applicable,False,True,True
grok46,S100,profiling,not_applicable,not_applicable,False,True,True
grok46,S100,art50,no,no,False,True,True
grok46,S101,art5,no,no,False,True,True
grok46,S101,annex_i,no,no,False,True,True
grok46,S101,annex_iii,none,none,False,True,True
grok46,S101,derogation,not_applicable,not_applicable,False,True,True
grok46,S101,profiling,not_applicable,not_applicable,False,True,True
grok46,S101,art50,yes,yes,False,True,True
grok46,S102,art5,no,no,False,True,True
grok46,S102,annex_i,no,no,False,True,True
grok46,S102,annex_iii,none,none,False,True,True
grok46,S102,derogation,not_applicable,not_applicable,False,True,True
grok46,S102,profiling,not_applicable,not_applicable,False,True,True
grok46,S102,art50,yes,yes,False,True,True
grok46,S103,art5,no,no,False,True,True
grok46,S103,annex_i,no,no,False,True,True
grok46,S103,annex_iii,none,none,False,True,True
grok46,S103,derogation,not_applicable,not_applicable,False,True,True
grok46,S103,profiling,not_applicable,not_applicable,False,True,True
grok46,S103,art50,yes,yes,False,True,True
grok46,S104,art5,no,no,False,True,True
grok46,S104,annex_i,no,no,False,True,True
grok46,S104,annex_iii,none,none,False,True,True
grok46,S104,derogation,not_applicable,not_applicable,False,True,True
grok46,S104,profiling,not_applicable,not_applicable,False,True,True
grok46,S104,art50,yes,yes,False,True,True
grok46,S105,art5,no,no,False,True,True
grok46,S105,annex_i,no,no,False,True,True
grok46,S105,annex_iii,none,none,False,True,True
grok46,S105,derogation,not_applicable,not_applicable,False,True,True
grok46,S105,profiling,not_applicable,not_applicable,False,True,True
grok46,S105,art50,yes,yes,False,True,True
grok46,S106,art5,yes,no,False,False,False
grok46,S106,annex_i,no,no,False,True,False
grok46,S106,annex_iii,none,none,False,True,False
grok46,S106,derogation,not_applicable,not_applicable,False,True,False
grok46,S106,profiling,not_applicable,not_applicable,False,True,False
grok46,S106,art50,yes,yes,False,True,False
grok46,S107,art5,no,no,False,True,True
grok46,S107,annex_i,no,no,False,True,True
grok46,S107,annex_iii,none,none,False,True,True
grok46,S107,derogation,not_applicable,not_applicable,False,True,True
grok46,S107,profiling,not_applicable,not_applicable,False,True,True
grok46,S107,art50,yes,yes,False,True,True
grok46,S108,art5,no,no,False,True,True
grok46,S108,annex_i,no,no,False,True,True
grok46,S108,annex_iii,none,none,False,True,True
grok46,S108,derogation,not_applicable,not_applicable,False,True,True
grok46,S108,profiling,not_applicable,not_applicable,False,True,True
grok46,S108,art50,yes,yes,False,True,True
grok46,S109,art5,no,no,False,True,True
grok46,S109,annex_i,no,no,False,True,True
grok46,S109,annex_iii,none,none,False,True,True
grok46,S109,derogation,not_applicable,not_applicable,False,True,True
grok46,S109,profiling,not_applicable,not_applicable,False,True,True
grok46,S109,art50,yes,yes,False,True,True
grok46,S110,art5,no,no,False,True,True
grok46,S110,annex_i,unclear,no,False,False,True
grok46,S110,annex_iii,none,none,False,True,True
grok46,S110,derogation,not_applicable,not_applicable,False,True,True
grok46,S110,profiling,not_applicable,not_applicable,False,True,True
grok46,S110,art50,yes,yes,False,True,True
grok46,S111,art5,no,no,False,True,True
grok46,S111,annex_i,no,no,False,True,True
grok46,S111,annex_iii,none,none,False,True,True
grok46,S111,derogation,not_applicable,not_applicable,False,True,True
grok46,S111,profiling,not_applicable,not_applicable,False,True,True
grok46,S111,art50,yes,yes,False,True,True
grok46,S112,art5,no,no,False,True,True
grok46,S112,annex_i,no,no,False,True,True
grok46,S112,annex_iii,none,none,False,True,True
grok46,S112,derogation,not_applicable,not_applicable,False,True,True
grok46,S112,profiling,not_applicable,not_applicable,False,True,True
grok46,S112,art50,yes,yes,False,True,True
grok46,S113,art5,no,no,False,True,True
grok46,S113,annex_i,no,no,False,True,True
grok46,S113,annex_iii,none,none,False,True,True
grok46,S113,derogation,not_applicable,not_applicable,False,True,True
grok46,S113,profiling,not_applicable,not_applicable,False,True,True
grok46,S113,art50,yes,yes,False,True,True
grok46,S114,art5,no,no,False,True,True
grok46,S114,annex_i,no,no,False,True,True
grok46,S114,annex_iii,none,none,False,True,True
grok46,S114,derogation,not_applicable,not_applicable,False,True,True
grok46,S114,profiling,not_applicable,not_applicable,False,True,True
grok46,S114,art50,yes,yes,False,True,True
grok46,S115,art5,no,no,False,True,True
grok46,S115,annex_i,no,no,False,True,True
grok46,S115,annex_iii,none,none,False,True,True
grok46,S115,derogation,not_applicable,not_applicable,False,True,True
grok46,S115,profiling,not_applicable,not_applicable,False,True,True
grok46,S115,art50,yes,yes,False,True,True
grok46,S116,art5,no,no,False,True,True
grok46,S116,annex_i,no,no,False,True,True
grok46,S116,annex_iii,none,none,False,True,True
grok46,S116,derogation,not_applicable,not_applicable,False,True,True
grok46,S116,profiling,not_applicable,not_applicable,False,True,True
grok46,S116,art50,yes,yes,False,True,True
grok46,S117,art5,no,no,False,True,True
grok46,S117,annex_i,no,no,False,True,True
grok46,S117,annex_iii,none,none,False,True,True
grok46,S117,derogation,not_applicable,not_applicable,False,True,True
grok46,S117,profiling,not_applicable,not_applicable,False,True,True
grok46,S117,art50,yes,yes,False,True,True
grok46,S118,art5,no,no,False,True,True
grok46,S118,annex_i,no,no,False,True,True
grok46,S118,annex_iii,none,none,False,True,True
grok46,S118,derogation,not_applicable,not_applicable,False,True,True
grok46,S118,profiling,not_applicable,not_applicable,False,True,True
grok46,S118,art50,yes,yes,False,True,True
grok46,S119,art5,no,no,False,True,True
grok46,S119,annex_i,no,no,False,True,True
grok46,S119,annex_iii,none,none,False,True,True
grok46,S119,derogation,not_applicable,not_applicable,False,True,True
grok46,S119,profiling,not_applicable,not_applicable,False,True,True
grok46,S119,art50,yes,yes,False,True,True
grok46,S120,art5,no,no,False,True,True
grok46,S120,annex_i,no,no,False,True,True
grok46,S120,annex_iii,law_enforcement,none,False,False,True
grok46,S120,derogation,applies,not_applicable,False,False,True
grok46,S120,profiling,no,not_applicable,False,False,True
grok46,S120,art50,yes,yes,False,True,True
grok46,S121,art5,no,no,False,True,True
grok46,S121,annex_i,no,no,False,True,True
grok46,S121,annex_iii,none,none,False,True,True
grok46,S121,derogation,not_applicable,not_applicable,False,True,True
grok46,S121,profiling,not_applicable,not_applicable,False,True,True
grok46,S121,art50,yes,yes,False,True,True
grok46,S122,art5,no,no,False,True,True
grok46,S122,annex_i,no,no,False,True,True
grok46,S122,annex_iii,none,none,False,True,True
grok46,S122,derogation,not_applicable,not_applicable,False,True,True
grok46,S122,profiling,not_applicable,not_applicable,False,True,True
grok46,S122,art50,yes,yes,False,True,True
grok46,S123,art5,yes,no,False,False,False
grok46,S123,annex_i,no,no,False,True,False
grok46,S123,annex_iii,biometrics,biometrics,False,True,False
grok46,S123,derogation,not_applicable,does_not_apply,False,False,False
grok46,S123,profiling,not_applicable,no,False,False,False
grok46,S123,art50,no,no,False,True,False
grok46,S124,art5,no,no,False,True,True
grok46,S124,annex_i,no,no,False,True,True
grok46,S124,annex_iii,none,none,False,True,True
grok46,S124,derogation,not_applicable,not_applicable,False,True,True
grok46,S124,profiling,not_applicable,not_applicable,False,True,True
grok46,S124,art50,yes,yes,False,True,True
grok46,S125,art5,no,no,False,True,True
grok46,S125,annex_i,no,no,False,True,True
grok46,S125,annex_iii,none,none,False,True,True
grok46,S125,derogation,not_applicable,not_applicable,False,True,True
grok46,S125,profiling,not_applicable,not_applicable,False,True,True
grok46,S125,art50,yes,yes,False,True,True
grok46,S126,art5,no,no,False,True,True
grok46,S126,annex_i,no,no,False,True,True
grok46,S126,annex_iii,none,none,False,True,True
grok46,S126,derogation,not_applicable,not_applicable,False,True,True
grok46,S126,profiling,not_applicable,not_applicable,False,True,True
grok46,S126,art50,yes,yes,False,True,True
grok46,S127,art5,yes,yes,False,True,True
grok46,S127,annex_i,no,no,False,True,True
grok46,S127,annex_iii,none,none,False,True,True
grok46,S127,derogation,not_applicable,not_applicable,False,True,True
grok46,S127,profiling,not_applicable,not_applicable,False,True,True
grok46,S127,art50,no,no,False,True,True
grok46,S128,art5,no,no,False,True,True
grok46,S128,annex_i,no,no,False,True,True
grok46,S128,annex_iii,none,none,False,True,True
grok46,S128,derogation,not_applicable,not_applicable,False,True,True
grok46,S128,profiling,not_applicable,not_applicable,False,True,True
grok46,S128,art50,yes,yes,False,True,True
grok46,S129,art5,no,no,False,True,True
grok46,S129,annex_i,no,no,False,True,True
grok46,S129,annex_iii,none,none,False,True,True
grok46,S129,derogation,not_applicable,not_applicable,False,True,True
grok46,S129,profiling,not_applicable,not_applicable,False,True,True
grok46,S129,art50,yes,yes,False,True,True
grok46,S130,art5,no,no,False,True,True
grok46,S130,annex_i,no,no,False,True,True
grok46,S130,annex_iii,none,none,False,True,True
grok46,S130,derogation,not_applicable,not_applicable,False,True,True
grok46,S130,profiling,not_applicable,not_applicable,False,True,True
grok46,S130,art50,yes,yes,False,True,True
grok46,S131,art5,yes,no,False,False,False
grok46,S131,annex_i,no,no,False,True,False
grok46,S131,annex_iii,none,none,False,True,False
grok46,S131,derogation,not_applicable,not_applicable,False,True,False
grok46,S131,profiling,not_applicable,not_applicable,False,True,False
grok46,S131,art50,yes,yes,False,True,False
grok46,S132,art5,no,no,False,True,True
grok46,S132,annex_i,no,no,False,True,True
grok46,S132,annex_iii,none,none,False,True,True
grok46,S132,derogation,not_applicable,not_applicable,False,True,True
grok46,S132,profiling,not_applicable,not_applicable,False,True,True
grok46,S132,art50,yes,yes,False,True,True
grok46,S133,art5,no,no,False,True,True
grok46,S133,annex_i,no,no,False,True,True
grok46,S133,annex_iii,none,none,False,True,True
grok46,S133,derogation,not_applicable,not_applicable,False,True,True
grok46,S133,profiling,not_applicable,not_applicable,False,True,True
grok46,S133,art50,yes,yes,False,True,True
grok46,S134,art5,no,no,False,True,True
grok46,S134,annex_i,no,no,False,True,True
grok46,S134,annex_iii,none,none,False,True,True
grok46,S134,derogation,not_applicable,not_applicable,False,True,True
grok46,S134,profiling,not_applicable,not_applicable,False,True,True
grok46,S134,art50,yes,yes,False,True,True
grok46,S135,art5,no,no,False,True,True
grok46,S135,annex_i,no,no,False,True,True
grok46,S135,annex_iii,none,none,False,True,True
grok46,S135,derogation,not_applicable,not_applicable,False,True,True
grok46,S135,profiling,not_applicable,not_applicable,False,True,True
grok46,S135,art50,yes,yes,False,True,True
grok46,S136,art5,no,no,False,True,True
grok46,S136,annex_i,no,no,False,True,True
grok46,S136,annex_iii,none,none,False,True,True
grok46,S136,derogation,not_applicable,not_applicable,False,True,True
grok46,S136,profiling,not_applicable,not_applicable,False,True,True
grok46,S136,art50,yes,yes,False,True,True
grok46,S137,art5,no,no,False,True,True
grok46,S137,annex_i,no,no,False,True,True
grok46,S137,annex_iii,none,none,False,True,True
grok46,S137,derogation,not_applicable,not_applicable,False,True,True
grok46,S137,profiling,not_applicable,not_applicable,False,True,True
grok46,S137,art50,yes,yes,False,True,True
grok46,S138,art5,no,no,False,True,True
grok46,S138,annex_i,yes,yes,False,True,True
grok46,S138,annex_iii,none,none,False,True,True
grok46,S138,derogation,not_applicable,not_applicable,False,True,True
grok46,S138,profiling,not_applicable,not_applicable,False,True,True
grok46,S138,art50,no,no,False,True,True
grok46,S139,art5,no,no,False,True,True
grok46,S139,annex_i,no,no,False,True,True
grok46,S139,annex_iii,none,none,False,True,True
grok46,S139,derogation,not_applicable,not_applicable,False,True,True
grok46,S139,profiling,not_applicable,not_applicable,False,True,True
grok46,S139,art50,yes,yes,False,True,True
grok46,S140,art5,no,no,False,True,False
grok46,S140,annex_i,unclear,no,False,False,False
grok46,S140,annex_iii,unclear,none,False,False,False
grok46,S140,derogation,unclear,not_applicable,False,False,False
grok46,S140,profiling,unclear,not_applicable,False,False,False
grok46,S140,art50,unclear,yes,False,False,False
grok46,S141,art5,no,no,False,True,True
grok46,S141,annex_i,no,no,False,True,True
grok46,S141,annex_iii,none,none,False,True,True
grok46,S141,derogation,not_applicable,not_applicable,False,True,True
grok46,S141,profiling,not_applicable,not_applicable,False,True,True
grok46,S141,art50,yes,yes,False,True,True
grok46,S142,art5,no,no,False,True,True
grok46,S142,annex_i,yes,yes,False,True,True
grok46,S142,annex_iii,none,none,False,True,True
grok46,S142,derogation,not_applicable,not_applicable,False,True,True
grok46,S142,profiling,not_applicable,not_applicable,False,True,True
grok46,S142,art50,no,no,False,True,True
grok46,S143,art5,yes,no,False,False,False
grok46,S143,annex_i,no,no,False,True,False
grok46,S143,annex_iii,none,none,False,True,False
grok46,S143,derogation,not_applicable,not_applicable,False,True,False
grok46,S143,profiling,not_applicable,not_applicable,False,True,False
grok46,S143,art50,yes,yes,False,True,False
grok46,S144,art5,no,no,False,True,True
grok46,S144,annex_i,no,no,False,True,True
grok46,S144,annex_iii,none,none,False,True,True
grok46,S144,derogation,not_applicable,not_applicable,False,True,True
grok46,S144,profiling,not_applicable,not_applicable,False,True,True
grok46,S144,art50,no,no,False,True,True
grok46,S145,art5,no,no,False,True,True
grok46,S145,annex_i,no,no,False,True,True
grok46,S145,annex_iii,none,none,False,True,True
grok46,S145,derogation,not_applicable,not_applicable,False,True,True
grok46,S145,profiling,not_applicable,not_applicable,False,True,True
grok46,S145,art50,yes,yes,False,True,True
grok46,S146,art5,no,no,False,True,True
grok46,S146,annex_i,yes,yes,False,True,True
grok46,S146,annex_iii,none,none,False,True,True
grok46,S146,derogation,not_applicable,not_applicable,False,True,True
grok46,S146,profiling,not_applicable,not_applicable,False,True,True
grok46,S146,art50,no,no,False,True,True
grok46,S147,art5,no,no,False,True,True
grok46,S147,annex_i,no,no,False,True,True
grok46,S147,annex_iii,none,none,False,True,True
grok46,S147,derogation,not_applicable,not_applicable,False,True,True
grok46,S147,profiling,not_applicable,not_applicable,False,True,True
grok46,S147,art50,yes,yes,False,True,True
grok46,S148,art5,no,no,False,True,True
grok46,S148,annex_i,no,no,False,True,True
grok46,S148,annex_iii,none,none,False,True,True
grok46,S148,derogation,not_applicable,not_applicable,False,True,True
grok46,S148,profiling,not_applicable,not_applicable,False,True,True
grok46,S148,art50,yes,yes,False,True,True
grok46,S149,art5,no,no,False,True,True
grok46,S149,annex_i,no,no,False,True,True
grok46,S149,annex_iii,none,none,False,True,True
grok46,S149,derogation,not_applicable,not_applicable,False,True,True
grok46,S149,profiling,not_applicable,not_applicable,False,True,True
grok46,S149,art50,yes,yes,False,True,True
grok46,S150,art5,no,no,False,True,True
grok46,S150,annex_i,no,no,False,True,True
grok46,S150,annex_iii,none,none,False,True,True
grok46,S150,derogation,not_applicable,not_applicable,False,True,True
grok46,S150,profiling,not_applicable,not_applicable,False,True,True
grok46,S150,art50,yes,yes,False,True,True
haiku45,S001,art5,no,no,False,True,False
haiku45,S001,annex_i,no,yes,False,False,False
haiku45,S001,annex_iii,none,not_applicable,False,False,False
haiku45,S001,derogation,not_applicable,not_applicable,False,True,False
haiku45,S001,profiling,not_applicable,not_applicable,False,True,False
haiku45,S001,art50,no,no,False,True,False
haiku45,S002,art5,no,no,False,True,True
haiku45,S002,annex_i,no,no,False,True,True
haiku45,S002,annex_iii,none,none,False,True,True
haiku45,S002,derogation,not_applicable,not_applicable,False,True,True
haiku45,S002,profiling,not_applicable,not_applicable,False,True,True
haiku45,S002,art50,yes,yes,False,True,True
haiku45,S003,art5,no,no,False,True,True
haiku45,S003,annex_i,no,no,False,True,True
haiku45,S003,annex_iii,none,none,False,True,True
haiku45,S003,derogation,not_applicable,not_applicable,False,True,True
haiku45,S003,profiling,not_applicable,not_applicable,False,True,True
haiku45,S003,art50,yes,yes,False,True,True
haiku45,S004,art5,no,unclear,False,False,True
haiku45,S004,annex_i,no,no,False,True,True
haiku45,S004,annex_iii,none,none,False,True,True
haiku45,S004,derogation,not_applicable,not_applicable,False,True,True
haiku45,S004,profiling,not_applicable,not_applicable,False,True,True
haiku45,S004,art50,yes,yes,False,True,True
haiku45,S005,art5,no,no,False,True,True
haiku45,S005,annex_i,no,yes,False,False,True
haiku45,S005,annex_iii,migration,not_applicable,False,False,True
haiku45,S005,derogation,does_not_apply,not_applicable,False,False,True
haiku45,S005,profiling,no,not_applicable,False,False,True
haiku45,S005,art50,no,no,False,True,True
haiku45,S006,art5,no,no,False,True,True
haiku45,S006,annex_i,no,unclear,False,False,True
haiku45,S006,annex_iii,essential_services,essential_services,False,True,True
haiku45,S006,derogation,does_not_apply,does_not_apply,False,True,True
haiku45,S006,profiling,yes,yes,False,True,True
haiku45,S006,art50,no,no,False,True,True
haiku45,S007,art5,no,unclear,False,False,True
haiku45,S007,annex_i,no,no,False,True,True
haiku45,S007,annex_iii,migration,migration,False,True,True
haiku45,S007,derogation,does_not_apply,does_not_apply,False,True,True
haiku45,S007,profiling,no,yes,False,False,True
haiku45,S007,art50,no,no,False,True,True
haiku45,S008,art5,no,no,False,True,True
haiku45,S008,annex_i,yes,yes,False,True,True
haiku45,S008,annex_iii,none,none,False,True,True
haiku45,S008,derogation,not_applicable,not_applicable,False,True,True
haiku45,S008,profiling,not_applicable,not_applicable,False,True,True
haiku45,S008,art50,no,no,False,True,True
haiku45,S009,art5,no,no,False,True,True
haiku45,S009,annex_i,yes,yes,False,True,True
haiku45,S009,annex_iii,none,not_applicable,False,False,True
haiku45,S009,derogation,not_applicable,not_applicable,False,True,True
haiku45,S009,profiling,not_applicable,not_applicable,False,True,True
haiku45,S009,art50,no,no,False,True,True
haiku45,S010,art5,yes,yes,False,True,True
haiku45,S010,annex_i,no,unclear,False,False,True
haiku45,S010,annex_iii,biometrics,unclear,False,False,True
haiku45,S010,derogation,not_applicable,not_applicable,False,True,True
haiku45,S010,profiling,not_applicable,not_applicable,False,True,True
haiku45,S010,art50,yes,unclear,False,False,True
haiku45,S011,art5,no,yes,False,False,False
haiku45,S011,annex_i,no,no,False,True,False
haiku45,S011,annex_iii,biometrics,none,False,False,False
haiku45,S011,derogation,does_not_apply,not_applicable,False,False,False
haiku45,S011,profiling,no,not_applicable,False,False,False
haiku45,S011,art50,no,unclear,False,False,False
haiku45,S012,art5,no,no,False,True,True
haiku45,S012,annex_i,no,no,False,True,True
haiku45,S012,annex_iii,essential_services,essential_services,False,True,True
haiku45,S012,derogation,does_not_apply,does_not_apply,False,True,True
haiku45,S012,profiling,yes,yes,False,True,True
haiku45,S012,art50,no,no,False,True,True
haiku45,S013,art5,no,no,False,True,True
haiku45,S013,annex_i,no,no,False,True,True
haiku45,S013,annex_iii,law_enforcement,law_enforcement,False,True,True
haiku45,S013,derogation,does_not_apply,does_not_apply,False,True,True
haiku45,S013,profiling,no,not_applicable,False,False,True
haiku45,S013,art50,no,no,False,True,True
haiku45,S014,art5,no,not_applicable,False,False,True
haiku45,S014,annex_i,no,not_applicable,False,False,True
haiku45,S014,annex_iii,none,not_applicable,False,False,True
haiku45,S014,derogation,not_applicable,not_applicable,False,True,True
haiku45,S014,profiling,not_applicable,not_applicable,False,True,True
haiku45,S014,art50,no,not_applicable,False,False,True
haiku45,S015,art5,no,unclear,False,False,False
haiku45,S015,annex_i,no,no,False,True,False
haiku45,S015,annex_iii,none,none,False,True,False
haiku45,S015,derogation,not_applicable,not_applicable,False,True,False
haiku45,S015,profiling,not_applicable,not_applicable,False,True,False
haiku45,S015,art50,no,yes,False,False,False
haiku45,S016,art5,no,no,False,True,True
haiku45,S016,annex_i,yes,yes,False,True,True
haiku45,S016,annex_iii,none,not_applicable,False,False,True
haiku45,S016,derogation,not_applicable,not_applicable,False,True,True
haiku45,S016,profiling,not_applicable,not_applicable,False,True,True
haiku45,S016,art50,no,no,False,True,True
haiku45,S017,art5,no,no,False,True,True
haiku45,S017,annex_i,no,no,False,True,True
haiku45,S017,annex_iii,biometrics,migration,False,False,True
haiku45,S017,derogation,does_not_apply,does_not_apply,False,True,True
haiku45,S017,profiling,no,yes,False,False,True
haiku45,S017,art50,no,no,False,True,True
haiku45,S018,art5,no,unclear,False,False,True
haiku45,S018,annex_i,no,no,False,True,True
haiku45,S018,annex_iii,none,justice_democracy,False,False,True
haiku45,S018,derogation,not_applicable,not_applicable,False,True,True
haiku45,S018,profiling,not_applicable,not_applicable,False,True,True
haiku45,S018,art50,yes,yes,False,True,True
haiku45,S020,art5,no,no,False,True,False
haiku45,S020,annex_i,no,unclear,False,False,False
haiku45,S020,annex_iii,none,none,False,True,False
haiku45,S020,derogation,not_applicable,not_applicable,False,True,False
haiku45,S020,profiling,not_applicable,not_applicable,False,True,False
haiku45,S020,art50,no,no,False,True,False
haiku45,S021,art5,no,unclear,False,False,True
haiku45,S021,annex_i,no,no,False,True,True
haiku45,S021,annex_iii,migration,migration,False,True,True
haiku45,S021,derogation,does_not_apply,does_not_apply,False,True,True
haiku45,S021,profiling,yes,yes,False,True,True
haiku45,S021,art50,no,no,False,True,True
haiku45,S022,art5,no,unclear,False,False,True
haiku45,S022,annex_i,no,no,False,True,True
haiku45,S022,annex_iii,biometrics,law_enforcement,False,False,True
haiku45,S022,derogation,does_not_apply,does_not_apply,False,True,True
haiku45,S022,profiling,no,yes,False,False,True
haiku45,S022,art50,no,no,False,True,True
haiku45,S023,art5,no,unclear,False,False,False
haiku45,S023,annex_i,no,no,False,True,False
haiku45,S023,annex_iii,biometrics,none,False,False,False
haiku45,S023,derogation,does_not_apply,not_applicable,False,False,False
haiku45,S023,profiling,no,not_applicable,False,False,False
haiku45,S023,art50,no,yes,False,False,False
haiku45,S024,art5,no,no,False,True,False
haiku45,S024,annex_i,no,no,False,True,False
haiku45,S024,annex_iii,none,education,False,False,False
haiku45,S024,derogation,not_applicable,does_not_apply,False,False,False
haiku45,S024,profiling,not_applicable,yes,False,False,False
haiku45,S024,art50,no,no,False,True,False
haiku45,S025,art5,yes,unclear,False,False,False
haiku45,S025,annex_i,no,no,False,True,False
haiku45,S025,annex_iii,biometrics,law_enforcement,False,False,False
haiku45,S025,derogation,not_applicable,does_not_apply,False,False,False
haiku45,S025,profiling,not_applicable,yes,False,False,False
haiku45,S025,art50,no,no,False,True,False
haiku45,S027,art5,no,unclear,False,False,True
haiku45,S027,annex_i,no,no,False,True,True
haiku45,S027,annex_iii,migration,migration,False,True,True
haiku45,S027,derogation,does_not_apply,does_not_apply,False,True,True
haiku45,S027,profiling,yes,yes,False,True,True
haiku45,S027,art50,no,no,False,True,True
haiku45,S029,art5,no,no,False,True,False
haiku45,S029,annex_i,no,unclear,False,False,False
haiku45,S029,annex_iii,none,none,False,True,False
haiku45,S029,derogation,not_applicable,not_applicable,False,True,False
haiku45,S029,profiling,not_applicable,not_applicable,False,True,False
haiku45,S029,art50,yes,no,False,False,False
haiku45,S030,art5,no,no,False,True,True
haiku45,S030,annex_i,yes,yes,False,True,True
haiku45,S030,annex_iii,none,not_applicable,False,False,True
haiku45,S030,derogation,not_applicable,not_applicable,False,True,True
haiku45,S030,profiling,not_applicable,not_applicable,False,True,True
haiku45,S030,art50,no,no,False,True,True
haiku45,S031,art5,no,unclear,False,False,True
haiku45,S031,annex_i,no,no,False,True,True
haiku45,S031,annex_iii,biometrics,biometrics,False,True,True
haiku45,S031,derogation,does_not_apply,does_not_apply,False,True,True
haiku45,S031,profiling,yes,yes,False,True,True
haiku45,S031,art50,yes,yes,False,True,True
haiku45,S032,art5,unclear,unclear,False,True,True
haiku45,S032,annex_i,no,no,False,True,True
haiku45,S032,annex_iii,biometrics,law_enforcement,False,False,True
haiku45,S032,derogation,does_not_apply,does_not_apply,False,True,True
haiku45,S032,profiling,no,yes,False,False,True
haiku45,S032,art50,no,yes,False,False,True
haiku45,S033,art5,no,yes,False,False,False
haiku45,S033,annex_i,no,no,False,True,False
haiku45,S033,annex_iii,biometrics,law_enforcement,False,False,False
haiku45,S033,derogation,does_not_apply,not_applicable,False,False,False
haiku45,S033,profiling,no,not_applicable,False,False,False
haiku45,S033,art50,no,unclear,False,False,False
haiku45,S034,art5,no,unclear,False,False,True
haiku45,S034,annex_i,no,no,False,True,True
haiku45,S034,annex_iii,employment,employment,False,True,True
haiku45,S034,derogation,does_not_apply,does_not_apply,False,True,True
haiku45,S034,profiling,yes,yes,False,True,True
haiku45,S034,art50,no,no,False,True,True
haiku45,S035,art5,no,unclear,False,False,True
haiku45,S035,annex_i,no,no,False,True,True
haiku45,S035,annex_iii,none,none,False,True,True
haiku45,S035,derogation,not_applicable,not_applicable,False,True,True
haiku45,S035,profiling,not_applicable,not_applicable,False,True,True
haiku45,S035,art50,yes,yes,False,True,True
haiku45,S036,art5,no,unclear,False,False,True
haiku45,S036,annex_i,no,no,False,True,True
haiku45,S036,annex_iii,education,education,False,True,True
haiku45,S036,derogation,does_not_apply,does_not_apply,False,True,True
haiku45,S036,profiling,yes,yes,False,True,True
haiku45,S036,art50,no,yes,False,False,True
haiku45,S037,art5,no,no,False,True,True
haiku45,S037,annex_i,yes,yes,False,True,True
haiku45,S037,annex_iii,none,not_applicable,False,False,True
haiku45,S037,derogation,not_applicable,not_applicable,False,True,True
haiku45,S037,profiling,not_applicable,not_applicable,False,True,True
haiku45,S037,art50,no,no,False,True,True
haiku45,S038,art5,no,no,False,True,True
haiku45,S038,annex_i,no,no,False,True,True
haiku45,S038,annex_iii,none,none,False,True,True
haiku45,S038,derogation,not_applicable,not_applicable,False,True,True
haiku45,S038,profiling,not_applicable,not_applicable,False,True,True
haiku45,S038,art50,no,no,False,True,True
haiku45,S039,art5,no,yes,False,False,False
haiku45,S039,annex_i,no,no,False,True,False
haiku45,S039,annex_iii,migration,migration,False,True,False
haiku45,S039,derogation,does_not_apply,not_applicable,False,False,False
haiku45,S039,profiling,yes,not_applicable,False,False,False
haiku45,S039,art50,no,no,False,True,False
haiku45,S040,art5,no,no,False,True,True
haiku45,S040,annex_i,no,no,False,True,True
haiku45,S040,annex_iii,none,none,False,True,True
haiku45,S040,derogation,not_applicable,not_applicable,False,True,True
haiku45,S040,profiling,not_applicable,not_applicable,False,True,True
haiku45,S040,art50,no,no,False,True,True
haiku45,S042,art5,no,no,False,True,True
haiku45,S042,annex_i,yes,yes,False,True,True
haiku45,S042,annex_iii,none,not_applicable,False,False,True
haiku45,S042,derogation,not_applicable,not_applicable,False,True,True
haiku45,S042,profiling,not_applicable,not_applicable,False,True,True
haiku45,S042,art50,no,no,False,True,True
haiku45,S043,art5,no,unclear,False,False,True
haiku45,S043,annex_i,no,no,False,True,True
haiku45,S043,annex_iii,migration,migration,False,True,True
haiku45,S043,derogation,does_not_apply,does_not_apply,False,True,True
haiku45,S043,profiling,no,yes,False,False,True
haiku45,S043,art50,no,no,False,True,True
haiku45,S044,art5,no,no,False,True,True
haiku45,S044,annex_i,no,no,False,True,True
haiku45,S044,annex_iii,none,none,False,True,True
haiku45,S044,derogation,not_applicable,not_applicable,False,True,True
haiku45,S044,profiling,not_applicable,not_applicable,False,True,True
haiku45,S044,art50,yes,yes,False,True,True
haiku45,S045,art5,no,unclear,False,False,True
haiku45,S045,annex_i,no,no,False,True,True
haiku45,S045,annex_iii,none,none,False,True,True
haiku45,S045,derogation,not_applicable,not_applicable,False,True,True
haiku45,S045,profiling,not_applicable,not_applicable,False,True,True
haiku45,S045,art50,yes,yes,False,True,True
haiku45,S046,art5,no,no,False,True,True
haiku45,S046,annex_i,no,no,False,True,True
haiku45,S046,annex_iii,essential_services,essential_services,False,True,True
haiku45,S046,derogation,does_not_apply,does_not_apply,False,True,True
haiku45,S046,profiling,not_applicable,yes,False,False,True
haiku45,S046,art50,no,no,False,True,True
haiku45,S047,art5,no,unclear,False,False,True
haiku45,S047,annex_i,no,no,False,True,True
haiku45,S047,annex_iii,biometrics,law_enforcement,False,False,True
haiku45,S047,derogation,does_not_apply,does_not_apply,False,True,True
haiku45,S047,profiling,no,not_applicable,False,False,True
haiku45,S047,art50,no,no,False,True,True
haiku45,S048,art5,no,no,False,True,True
haiku45,S048,annex_i,no,no,False,True,True
haiku45,S048,annex_iii,none,none,False,True,True
haiku45,S048,derogation,not_applicable,not_applicable,False,True,True
haiku45,S048,profiling,not_applicable,not_applicable,False,True,True
haiku45,S048,art50,yes,yes,False,True,True
haiku45,S049,art5,no,no,False,True,True
haiku45,S049,annex_i,no,no,False,True,True
haiku45,S049,annex_iii,migration,migration,False,True,True
haiku45,S049,derogation,does_not_apply,does_not_apply,False,True,True
haiku45,S049,profiling,no,no,False,True,True
haiku45,S049,art50,yes,no,False,False,True
haiku45,S050,art5,no,no,False,True,True
haiku45,S050,annex_i,yes,yes,False,True,True
haiku45,S050,annex_iii,none,not_applicable,False,False,True
haiku45,S050,derogation,not_applicable,not_applicable,False,True,True
haiku45,S050,profiling,not_applicable,not_applicable,False,True,True
haiku45,S050,art50,no,no,False,True,True
haiku45,S051,art5,no,no,False,True,True
haiku45,S051,annex_i,no,no,False,True,True
haiku45,S051,annex_iii,essential_services,essential_services,False,True,True
haiku45,S051,derogation,does_not_apply,does_not_apply,False,True,True
haiku45,S051,profiling,yes,yes,False,True,True
haiku45,S051,art50,no,no,False,True,True
haiku45,S052,art5,no,no,False,True,True
haiku45,S052,annex_i,yes,yes,False,True,True
haiku45,S052,annex_iii,none,not_applicable,False,False,True
haiku45,S052,derogation,not_applicable,not_applicable,False,True,True
haiku45,S052,profiling,not_applicable,not_applicable,False,True,True
haiku45,S052,art50,no,no,False,True,True
haiku45,S053,art5,unclear,no,False,False,False
haiku45,S053,annex_i,no,no,False,True,False
haiku45,S053,annex_iii,none,none,False,True,False
haiku45,S053,derogation,not_applicable,not_applicable,False,True,False
haiku45,S053,profiling,not_applicable,not_applicable,False,True,False
haiku45,S053,art50,yes,no,False,False,False
haiku45,S054,art5,no,unclear,False,False,True
haiku45,S054,annex_i,no,no,False,True,True
haiku45,S054,annex_iii,employment,employment,False,True,True
haiku45,S054,derogation,does_not_apply,does_not_apply,False,True,True
haiku45,S054,profiling,yes,yes,False,True,True
haiku45,S054,art50,no,no,False,True,True
haiku45,S055,art5,no,unclear,False,False,False
haiku45,S055,annex_i,no,no,False,True,False
haiku45,S055,annex_iii,none,none,False,True,False
haiku45,S055,derogation,not_applicable,not_applicable,False,True,False
haiku45,S055,profiling,not_applicable,not_applicable,False,True,False
haiku45,S055,art50,no,yes,False,False,False
haiku45,S056,art5,unclear,unclear,False,True,True
haiku45,S056,annex_i,no,no,False,True,True
haiku45,S056,annex_iii,none,none,False,True,True
haiku45,S056,derogation,not_applicable,not_applicable,False,True,True
haiku45,S056,profiling,not_applicable,not_applicable,False,True,True
haiku45,S056,art50,yes,yes,False,True,True
haiku45,S057,art5,no,unclear,False,False,True
haiku45,S057,annex_i,no,no,False,True,True
haiku45,S057,annex_iii,none,none,False,True,True
haiku45,S057,derogation,not_applicable,not_applicable,False,True,True
haiku45,S057,profiling,not_applicable,not_applicable,False,True,True
haiku45,S057,art50,yes,yes,False,True,True
haiku45,S058,art5,no,no,False,True,False
haiku45,S058,annex_i,no,yes,False,False,False
haiku45,S058,annex_iii,none,not_applicable,False,False,False
haiku45,S058,derogation,not_applicable,not_applicable,False,True,False
haiku45,S058,profiling,not_applicable,not_applicable,False,True,False
haiku45,S058,art50,no,no,False,True,False
haiku45,S060,art5,no,unclear,False,False,True
haiku45,S060,annex_i,no,no,False,True,True
haiku45,S060,annex_iii,biometrics,law_enforcement,False,False,True
haiku45,S060,derogation,does_not_apply,does_not_apply,False,True,True
haiku45,S060,profiling,yes,yes,False,True,True
haiku45,S060,art50,no,no,False,True,True
haiku45,S061,art5,no,unclear,False,False,True
haiku45,S061,annex_i,no,no,False,True,True
haiku45,S061,annex_iii,biometrics,law_enforcement,False,False,True
haiku45,S061,derogation,does_not_apply,does_not_apply,False,True,True
haiku45,S061,profiling,yes,yes,False,True,True
haiku45,S061,art50,no,no,False,True,True
haiku45,S062,art5,no,no,False,True,True
haiku45,S062,annex_i,yes,yes,False,True,True
haiku45,S062,annex_iii,none,not_applicable,False,False,True
haiku45,S062,derogation,not_applicable,not_applicable,False,True,True
haiku45,S062,profiling,not_applicable,not_applicable,False,True,True
haiku45,S062,art50,no,no,False,True,True
haiku45,S063,art5,no,unclear,False,False,True
haiku45,S063,annex_i,no,no,False,True,True
haiku45,S063,annex_iii,none,none,False,True,True
haiku45,S063,derogation,not_applicable,not_applicable,False,True,True
haiku45,S063,profiling,not_applicable,not_applicable,False,True,True
haiku45,S063,art50,yes,yes,False,True,True
haiku45,S064,art5,no,unclear,False,False,True
haiku45,S064,annex_i,no,no,False,True,True
haiku45,S064,annex_iii,none,none,False,True,True
haiku45,S064,derogation,not_applicable,not_applicable,False,True,True
haiku45,S064,profiling,not_applicable,not_applicable,False,True,True
haiku45,S064,art50,yes,yes,False,True,True
haiku45,S065,art5,no,unclear,False,False,True
haiku45,S065,annex_i,no,no,False,True,True
haiku45,S065,annex_iii,none,justice_democracy,False,False,True
haiku45,S065,derogation,not_applicable,does_not_apply,False,False,True
haiku45,S065,profiling,not_applicable,not_applicable,False,True,True
haiku45,S065,art50,yes,yes,False,True,True
haiku45,S066,art5,no,no,False,True,False
haiku45,S066,annex_i,no,no,False,True,False
haiku45,S066,annex_iii,justice_democracy,justice_democracy,False,True,False
haiku45,S066,derogation,does_not_apply,does_not_apply,False,True,False
haiku45,S066,profiling,no,not_applicable,False,False,False
haiku45,S066,art50,yes,yes,False,True,False
haiku45,S068,art5,no,unclear,False,False,True
haiku45,S068,annex_i,no,no,False,True,True
haiku45,S068,annex_iii,none,justice_democracy,False,False,True
haiku45,S068,derogation,not_applicable,not_applicable,False,True,True
haiku45,S068,profiling,not_applicable,not_applicable,False,True,True
haiku45,S068,art50,yes,yes,False,True,True
haiku45,S069,art5,yes,unclear,False,False,False
haiku45,S069,annex_i,no,no,False,True,False
haiku45,S069,annex_iii,none,justice_democracy,False,False,False
haiku45,S069,derogation,not_applicable,does_not_apply,False,False,False
haiku45,S069,profiling,not_applicable,not_applicable,False,True,False
haiku45,S069,art50,yes,yes,False,True,False
haiku45,S070,art5,no,no,False,True,True
haiku45,S070,annex_i,yes,yes,False,True,True
haiku45,S070,annex_iii,none,not_applicable,False,False,True
haiku45,S070,derogation,not_applicable,not_applicable,False,True,True
haiku45,S070,profiling,not_applicable,not_applicable,False,True,True
haiku45,S070,art50,no,no,False,True,True
haiku45,S071,art5,no,no,False,True,True
haiku45,S071,annex_i,yes,yes,False,True,True
haiku45,S071,annex_iii,none,not_applicable,False,False,True
haiku45,S071,derogation,not_applicable,not_applicable,False,True,True
haiku45,S071,profiling,not_applicable,not_applicable,False,True,True
haiku45,S071,art50,no,no,False,True,True
haiku45,S072,art5,unclear,unclear,False,True,True
haiku45,S072,annex_i,unclear,no,False,False,True
haiku45,S072,annex_iii,unclear,none,False,False,True
haiku45,S072,derogation,unclear,not_applicable,False,False,True
haiku45,S072,profiling,unclear,not_applicable,False,False,True
haiku45,S072,art50,unclear,no,False,False,True
haiku45,S073,art5,no,no,False,True,True
haiku45,S073,annex_i,no,no,False,True,True
haiku45,S073,annex_iii,essential_services,essential_services,False,True,True
haiku45,S073,derogation,does_not_apply,does_not_apply,False,True,True
haiku45,S073,profiling,yes,yes,False,True,True
haiku45,S073,art50,no,no,False,True,True
haiku45,S074,art5,no,unclear,False,False,True
haiku45,S074,annex_i,no,no,False,True,True
haiku45,S074,annex_iii,none,justice_democracy,False,False,True
haiku45,S074,derogation,not_applicable,does_not_apply,False,False,True
haiku45,S074,profiling,not_applicable,not_applicable,False,True,True
haiku45,S074,art50,yes,yes,False,True,True
haiku45,S075,art5,no,unclear,False,False,True
haiku45,S075,annex_i,no,no,False,True,True
haiku45,S075,annex_iii,none,justice_democracy,False,False,True
haiku45,S075,derogation,not_applicable,does_not_apply,False,False,True
haiku45,S075,profiling,not_applicable,not_applicable,False,True,True
haiku45,S075,art50,yes,yes,False,True,True
haiku45,S076,art5,no,unclear,False,False,True
haiku45,S076,annex_i,no,no,False,True,True
haiku45,S076,annex_iii,none,none,False,True,True
haiku45,S076,derogation,not_applicable,not_applicable,False,True,True
haiku45,S076,profiling,not_applicable,not_applicable,False,True,True
haiku45,S076,art50,yes,yes,False,True,True
haiku45,S077,art5,no,yes,False,False,False
haiku45,S077,annex_i,no,no,False,True,False
haiku45,S077,annex_iii,none,none,False,True,False
haiku45,S077,derogation,not_applicable,not_applicable,False,True,False
haiku45,S077,profiling,not_applicable,not_applicable,False,True,False
haiku45,S077,art50,yes,yes,False,True,False
haiku45,S078,art5,no,unclear,False,False,True
haiku45,S078,annex_i,no,no,False,True,True
haiku45,S078,annex_iii,none,none,False,True,True
haiku45,S078,derogation,not_applicable,not_applicable,False,True,True
haiku45,S078,profiling,not_applicable,not_applicable,False,True,True
haiku45,S078,art50,yes,yes,False,True,True
haiku45,S079,art5,no,unclear,False,False,True
haiku45,S079,annex_i,no,no,False,True,True
haiku45,S079,annex_iii,none,none,False,True,True
haiku45,S079,derogation,not_applicable,not_applicable,False,True,True
haiku45,S079,profiling,not_applicable,not_applicable,False,True,True
haiku45,S079,art50,yes,yes,False,True,True
haiku45,S080,art5,no,unclear,False,False,True
haiku45,S080,annex_i,no,no,False,True,True
haiku45,S080,annex_iii,none,none,False,True,True
haiku45,S080,derogation,not_applicable,not_applicable,False,True,True
haiku45,S080,profiling,not_applicable,not_applicable,False,True,True
haiku45,S080,art50,yes,yes,False,True,True
haiku45,S081,art5,no,no,False,True,True
haiku45,S081,annex_i,no,no,False,True,True
haiku45,S081,annex_iii,law_enforcement,law_enforcement,False,True,True
haiku45,S081,derogation,does_not_apply,does_not_apply,False,True,True
haiku45,S081,profiling,yes,not_applicable,False,False,True
haiku45,S081,art50,no,no,False,True,True
haiku45,S082,art5,no,no,False,True,True
haiku45,S082,annex_i,no,no,False,True,True
haiku45,S082,annex_iii,essential_services,essential_services,False,True,True
haiku45,S082,derogation,does_not_apply,does_not_apply,False,True,True
haiku45,S082,profiling,yes,yes,False,True,True
haiku45,S082,art50,no,no,False,True,True
haiku45,S083,art5,no,unclear,False,False,True
haiku45,S083,annex_i,no,no,False,True,True
haiku45,S083,annex_iii,none,none,False,True,True
haiku45,S083,derogation,not_applicable,not_applicable,False,True,True
haiku45,S083,profiling,not_applicable,not_applicable,False,True,True
haiku45,S083,art50,yes,yes,False,True,True
haiku45,S084,art5,no,unclear,False,False,True
haiku45,S084,annex_i,no,no,False,True,True
haiku45,S084,annex_iii,none,none,False,True,True
haiku45,S084,derogation,not_applicable,not_applicable,False,True,True
haiku45,S084,profiling,not_applicable,not_applicable,False,True,True
haiku45,S084,art50,yes,yes,False,True,True
haiku45,S085,art5,no,unclear,False,False,True
haiku45,S085,annex_i,no,no,False,True,True
haiku45,S085,annex_iii,none,none,False,True,True
haiku45,S085,derogation,not_applicable,not_applicable,False,True,True
haiku45,S085,profiling,not_applicable,not_applicable,False,True,True
haiku45,S085,art50,yes,yes,False,True,True
haiku45,S086,art5,no,unclear,False,False,True
haiku45,S086,annex_i,no,no,False,True,True
haiku45,S086,annex_iii,none,none,False,True,True
haiku45,S086,derogation,not_applicable,not_applicable,False,True,True
haiku45,S086,profiling,not_applicable,not_applicable,False,True,True
haiku45,S086,art50,yes,yes,False,True,True
haiku45,S087,art5,no,unclear,False,False,True
haiku45,S087,annex_i,no,no,False,True,True
haiku45,S087,annex_iii,none,none,False,True,True
haiku45,S087,derogation,not_applicable,not_applicable,False,True,True
haiku45,S087,profiling,not_applicable,not_applicable,False,True,True
haiku45,S087,art50,yes,yes,False,True,True
haiku45,S088,art5,no,unclear,False,False,True
haiku45,S088,annex_i,no,no,False,True,True
haiku45,S088,annex_iii,none,none,False,True,True
haiku45,S088,derogation,not_applicable,not_applicable,False,True,True
haiku45,S088,profiling,not_applicable,not_applicable,False,True,True
haiku45,S088,art50,yes,yes,False,True,True
haiku45,S089,art5,no,unclear,False,False,True
haiku45,S089,annex_i,no,no,False,True,True
haiku45,S089,annex_iii,none,justice_democracy,False,False,True
haiku45,S089,derogation,not_applicable,not_applicable,False,True,True
haiku45,S089,profiling,not_applicable,not_applicable,False,True,True
haiku45,S089,art50,yes,yes,False,True,True
haiku45,S090,art5,no,no,False,True,True
haiku45,S090,annex_i,yes,yes,False,True,True
haiku45,S090,annex_iii,none,not_applicable,False,False,True
haiku45,S090,derogation,not_applicable,not_applicable,False,True,True
haiku45,S090,profiling,not_applicable,not_applicable,False,True,True
haiku45,S090,art50,no,no,False,True,True
haiku45,S091,art5,no,unclear,False,False,True
haiku45,S091,annex_i,no,no,False,True,True
haiku45,S091,annex_iii,none,none,False,True,True
haiku45,S091,derogation,not_applicable,not_applicable,False,True,True
haiku45,S091,profiling,not_applicable,not_applicable,False,True,True
haiku45,S091,art50,yes,yes,False,True,True
haiku45,S092,art5,unclear,unclear,False,True,False
haiku45,S092,annex_i,no,no,False,True,False
haiku45,S092,annex_iii,none,justice_democracy,False,False,False
haiku45,S092,derogation,not_applicable,does_not_apply,False,False,False
haiku45,S092,profiling,not_applicable,not_applicable,False,True,False
haiku45,S092,art50,yes,yes,False,True,False
haiku45,S093,art5,yes,unclear,False,False,False
haiku45,S093,annex_i,no,no,False,True,False
haiku45,S093,annex_iii,none,none,False,True,False
haiku45,S093,derogation,not_applicable,not_applicable,False,True,False
haiku45,S093,profiling,not_applicable,not_applicable,False,True,False
haiku45,S093,art50,yes,yes,False,True,False
haiku45,S094,art5,no,unclear,False,False,False
haiku45,S094,annex_i,no,no,False,True,False
haiku45,S094,annex_iii,none,justice_democracy,False,False,False
haiku45,S094,derogation,not_applicable,does_not_apply,False,False,False
haiku45,S094,profiling,not_applicable,yes,False,False,False
haiku45,S094,art50,yes,yes,False,True,False
haiku45,S095,art5,yes,unclear,False,False,False
haiku45,S095,annex_i,no,no,False,True,False
haiku45,S095,annex_iii,none,none,False,True,False
haiku45,S095,derogation,not_applicable,not_applicable,False,True,False
haiku45,S095,profiling,not_applicable,not_applicable,False,True,False
haiku45,S095,art50,yes,yes,False,True,False
haiku45,S096,art5,no,unclear,False,False,True
haiku45,S096,annex_i,no,no,False,True,True
haiku45,S096,annex_iii,none,justice_democracy,False,False,True
haiku45,S096,derogation,not_applicable,does_not_apply,False,False,True
haiku45,S096,profiling,not_applicable,not_applicable,False,True,True
haiku45,S096,art50,yes,yes,False,True,True
haiku45,S097,art5,no,unclear,False,False,True
haiku45,S097,annex_i,no,no,False,True,True
haiku45,S097,annex_iii,none,none,False,True,True
haiku45,S097,derogation,not_applicable,not_applicable,False,True,True
haiku45,S097,profiling,not_applicable,not_applicable,False,True,True
haiku45,S097,art50,yes,yes,False,True,True
haiku45,S098,art5,no,unclear,False,False,True
haiku45,S098,annex_i,no,no,False,True,True
haiku45,S098,annex_iii,none,none,False,True,True
haiku45,S098,derogation,not_applicable,not_applicable,False,True,True
haiku45,S098,profiling,not_applicable,not_applicable,False,True,True
haiku45,S098,art50,yes,yes,False,True,True
haiku45,S099,art5,no,no,False,True,False
haiku45,S099,annex_i,no,no,False,True,False
haiku45,S099,annex_iii,none,justice_democracy,False,False,False
haiku45,S099,derogation,not_applicable,does_not_apply,False,False,False
haiku45,S099,profiling,not_applicable,not_applicable,False,True,False
haiku45,S099,art50,yes,no,False,False,False
haiku45,S100,art5,no,no,False,True,False
haiku45,S100,annex_i,no,no,False,True,False
haiku45,S100,annex_iii,none,essential_services,False,False,False
haiku45,S100,derogation,not_applicable,does_not_apply,False,False,False
haiku45,S100,profiling,not_applicable,yes,False,False,False
haiku45,S100,art50,no,no,False,True,False
haiku45,S101,art5,no,unclear,False,False,True
haiku45,S101,annex_i,no,no,False,True,True
haiku45,S101,annex_iii,none,justice_democracy,False,False,True
haiku45,S101,derogation,not_applicable,not_applicable,False,True,True
haiku45,S101,profiling,not_applicable,not_applicable,False,True,True
haiku45,S101,art50,yes,yes,False,True,True
haiku45,S102,art5,no,unclear,False,False,True
haiku45,S102,annex_i,no,no,False,True,True
haiku45,S102,annex_iii,none,none,False,True,True
haiku45,S102,derogation,not_applicable,not_applicable,False,True,True
haiku45,S102,profiling,not_applicable,not_applicable,False,True,True
haiku45,S102,art50,yes,yes,False,True,True
haiku45,S103,art5,no,unclear,False,False,True
haiku45,S103,annex_i,no,no,False,True,True
haiku45,S103,annex_iii,none,none,False,True,True
haiku45,S103,derogation,not_applicable,not_applicable,False,True,True
haiku45,S103,profiling,not_applicable,not_applicable,False,True,True
haiku45,S103,art50,yes,yes,False,True,True
haiku45,S104,art5,no,unclear,False,False,True
haiku45,S104,annex_i,no,no,False,True,True
haiku45,S104,annex_iii,none,none,False,True,True
haiku45,S104,derogation,not_applicable,not_applicable,False,True,True
haiku45,S104,profiling,not_applicable,not_applicable,False,True,True
haiku45,S104,art50,yes,yes,False,True,True
haiku45,S105,art5,no,unclear,False,False,True
haiku45,S105,annex_i,no,no,False,True,True
haiku45,S105,annex_iii,none,justice_democracy,False,False,True
haiku45,S105,derogation,not_applicable,not_applicable,False,True,True
haiku45,S105,profiling,not_applicable,not_applicable,False,True,True
haiku45,S105,art50,yes,yes,False,True,True
haiku45,S106,art5,yes,unclear,False,False,False
haiku45,S106,annex_i,no,no,False,True,False
haiku45,S106,annex_iii,none,justice_democracy,False,False,False
haiku45,S106,derogation,not_applicable,does_not_apply,False,False,False
haiku45,S106,profiling,not_applicable,not_applicable,False,True,False
haiku45,S106,art50,yes,no,False,False,False
haiku45,S107,art5,no,no,False,True,True
haiku45,S107,annex_i,no,no,False,True,True
haiku45,S107,annex_iii,none,justice_democracy,False,False,True
haiku45,S107,derogation,not_applicable,does_not_apply,False,False,True
haiku45,S107,profiling,not_applicable,not_applicable,False,True,True
haiku45,S107,art50,yes,yes,False,True,True
haiku45,S108,art5,no,unclear,False,False,True
haiku45,S108,annex_i,no,no,False,True,True
haiku45,S108,annex_iii,none,justice_democracy,False,False,True
haiku45,S108,derogation,not_applicable,does_not_apply,False,False,True
haiku45,S108,profiling,not_applicable,not_applicable,False,True,True
haiku45,S108,art50,yes,yes,False,True,True
haiku45,S109,art5,no,unclear,False,False,False
haiku45,S109,annex_i,no,unclear,False,False,False
haiku45,S109,annex_iii,none,none,False,True,False
haiku45,S109,derogation,not_applicable,not_applicable,False,True,False
haiku45,S109,profiling,not_applicable,not_applicable,False,True,False
haiku45,S109,art50,yes,no,False,False,False
haiku45,S110,art5,no,no,False,True,True
haiku45,S110,annex_i,unclear,unclear,False,True,True
haiku45,S110,annex_iii,none,none,False,True,True
haiku45,S110,derogation,not_applicable,not_applicable,False,True,True
haiku45,S110,profiling,not_applicable,not_applicable,False,True,True
haiku45,S110,art50,yes,yes,False,True,True
haiku45,S111,art5,no,unclear,False,False,True
haiku45,S111,annex_i,no,no,False,True,True
haiku45,S111,annex_iii,none,none,False,True,True
haiku45,S111,derogation,not_applicable,not_applicable,False,True,True
haiku45,S111,profiling,not_applicable,not_applicable,False,True,True
haiku45,S111,art50,yes,yes,False,True,True
haiku45,S112,art5,no,unclear,False,False,False
haiku45,S112,annex_i,no,no,False,True,False
haiku45,S112,annex_iii,none,none,False,True,False
haiku45,S112,derogation,not_applicable,not_applicable,False,True,False
haiku45,S112,profiling,not_applicable,not_applicable,False,True,False
haiku45,S112,art50,yes,no,False,False,False
haiku45,S113,art5,no,unclear,False,False,False
haiku45,S113,annex_i,no,no,False,True,False
haiku45,S113,annex_iii,none,none,False,True,False
haiku45,S113,derogation,not_applicable,not_applicable,False,True,False
haiku45,S113,profiling,not_applicable,not_applicable,False,True,False
haiku45,S113,art50,yes,no,False,False,False
haiku45,S114,art5,no,unclear,False,False,True
haiku45,S114,annex_i,no,no,False,True,True
haiku45,S114,annex_iii,none,justice_democracy,False,False,True
haiku45,S114,derogation,not_applicable,not_applicable,False,True,True
haiku45,S114,profiling,not_applicable,not_applicable,False,True,True
haiku45,S114,art50,yes,yes,False,True,True
haiku45,S115,art5,no,unclear,False,False,True
haiku45,S115,annex_i,no,no,False,True,True
haiku45,S115,annex_iii,none,none,False,True,True
haiku45,S115,derogation,not_applicable,not_applicable,False,True,True
haiku45,S115,profiling,not_applicable,not_applicable,False,True,True
haiku45,S115,art50,yes,yes,False,True,True
haiku45,S116,art5,no,unclear,False,False,True
haiku45,S116,annex_i,no,no,False,True,True
haiku45,S116,annex_iii,none,none,False,True,True
haiku45,S116,derogation,not_applicable,not_applicable,False,True,True
haiku45,S116,profiling,not_applicable,not_applicable,False,True,True
haiku45,S116,art50,yes,yes,False,True,True
haiku45,S117,art5,no,unclear,False,False,True
haiku45,S117,annex_i,no,no,False,True,True
haiku45,S117,annex_iii,none,none,False,True,True
haiku45,S117,derogation,not_applicable,not_applicable,False,True,True
haiku45,S117,profiling,not_applicable,not_applicable,False,True,True
haiku45,S117,art50,yes,yes,False,True,True
haiku45,S118,art5,no,unclear,False,False,False
haiku45,S118,annex_i,no,no,False,True,False
haiku45,S118,annex_iii,none,none,False,True,False
haiku45,S118,derogation,not_applicable,not_applicable,False,True,False
haiku45,S118,profiling,not_applicable,not_applicable,False,True,False
haiku45,S118,art50,yes,no,False,False,False
haiku45,S119,art5,no,unclear,False,False,True
haiku45,S119,annex_i,no,no,False,True,True
haiku45,S119,annex_iii,none,none,False,True,True
haiku45,S119,derogation,not_applicable,not_applicable,False,True,True
haiku45,S119,profiling,not_applicable,not_applicable,False,True,True
haiku45,S119,art50,yes,yes,False,True,True
haiku45,S120,art5,no,no,False,True,False
haiku45,S120,annex_i,no,no,False,True,False
haiku45,S120,annex_iii,law_enforcement,law_enforcement,False,True,False
haiku45,S120,derogation,applies,does_not_apply,False,False,False
haiku45,S120,profiling,no,no,False,True,False
haiku45,S120,art50,yes,yes,False,True,False
haiku45,S121,art5,no,unclear,False,False,True
haiku45,S121,annex_i,no,no,False,True,True
haiku45,S121,annex_iii,none,none,False,True,True
haiku45,S121,derogation,not_applicable,not_applicable,False,True,True
haiku45,S121,profiling,not_applicable,not_applicable,False,True,True
haiku45,S121,art50,yes,yes,False,True,True
haiku45,S122,art5,no,unclear,False,False,True
haiku45,S122,annex_i,no,no,False,True,True
haiku45,S122,annex_iii,none,none,False,True,True
haiku45,S122,derogation,not_applicable,not_applicable,False,True,True
haiku45,S122,profiling,not_applicable,not_applicable,False,True,True
haiku45,S122,art50,yes,yes,False,True,True
haiku45,S123,art5,yes,unclear,False,False,False
haiku45,S123,annex_i,no,no,False,True,False
haiku45,S123,annex_iii,biometrics,law_enforcement,False,False,False
haiku45,S123,derogation,not_applicable,does_not_apply,False,False,False
haiku45,S123,profiling,not_applicable,not_applicable,False,True,False
haiku45,S123,art50,no,no,False,True,False
haiku45,S124,art5,no,unclear,False,False,True
haiku45,S124,annex_i,no,no,False,True,True
haiku45,S124,annex_iii,none,none,False,True,True
haiku45,S124,derogation,not_applicable,not_applicable,False,True,True
haiku45,S124,profiling,not_applicable,not_applicable,False,True,True
haiku45,S124,art50,yes,yes,False,True,True
haiku45,S125,art5,no,unclear,False,False,True
haiku45,S125,annex_i,no,no,False,True,True
haiku45,S125,annex_iii,none,none,False,True,True
haiku45,S125,derogation,not_applicable,not_applicable,False,True,True
haiku45,S125,profiling,not_applicable,not_applicable,False,True,True
haiku45,S125,art50,yes,yes,False,True,True
haiku45,S126,art5,no,no,False,True,True
haiku45,S126,annex_i,no,no,False,True,True
haiku45,S126,annex_iii,none,justice_democracy,False,False,True
haiku45,S126,derogation,not_applicable,does_not_apply,False,False,True
haiku45,S126,profiling,not_applicable,not_applicable,False,True,True
haiku45,S126,art50,yes,yes,False,True,True
haiku45,S127,art5,yes,unclear,False,False,False
haiku45,S127,annex_i,no,no,False,True,False
haiku45,S127,annex_iii,none,none,False,True,False
haiku45,S127,derogation,not_applicable,not_applicable,False,True,False
haiku45,S127,profiling,not_applicable,not_applicable,False,True,False
haiku45,S127,art50,no,no,False,True,False
haiku45,S128,art5,no,unclear,False,False,True
haiku45,S128,annex_i,no,no,False,True,True
haiku45,S128,annex_iii,none,none,False,True,True
haiku45,S128,derogation,not_applicable,not_applicable,False,True,True
haiku45,S128,profiling,not_applicable,not_applicable,False,True,True
haiku45,S128,art50,yes,yes,False,True,True
haiku45,S129,art5,no,unclear,False,False,True
haiku45,S129,annex_i,no,no,False,True,True
haiku45,S129,annex_iii,none,none,False,True,True
haiku45,S129,derogation,not_applicable,not_applicable,False,True,True
haiku45,S129,profiling,not_applicable,not_applicable,False,True,True
haiku45,S129,art50,yes,yes,False,True,True
haiku45,S130,art5,no,no,False,True,False
haiku45,S130,annex_i,no,no,False,True,False
haiku45,S130,annex_iii,none,none,False,True,False
haiku45,S130,derogation,not_applicable,not_applicable,False,True,False
haiku45,S130,profiling,not_applicable,not_applicable,False,True,False
haiku45,S130,art50,yes,no,False,False,False
haiku45,S131,art5,yes,unclear,False,False,False
haiku45,S131,annex_i,no,no,False,True,False
haiku45,S131,annex_iii,none,none,False,True,False
haiku45,S131,derogation,not_applicable,not_applicable,False,True,False
haiku45,S131,profiling,not_applicable,not_applicable,False,True,False
haiku45,S131,art50,yes,yes,False,True,False
haiku45,S132,art5,no,unclear,False,False,True
haiku45,S132,annex_i,no,no,False,True,True
haiku45,S132,annex_iii,none,none,False,True,True
haiku45,S132,derogation,not_applicable,not_applicable,False,True,True
haiku45,S132,profiling,not_applicable,not_applicable,False,True,True
haiku45,S132,art50,yes,yes,False,True,True
haiku45,S133,art5,no,no,False,True,True
haiku45,S133,annex_i,no,no,False,True,True
haiku45,S133,annex_iii,none,none,False,True,True
haiku45,S133,derogation,not_applicable,not_applicable,False,True,True
haiku45,S133,profiling,not_applicable,not_applicable,False,True,True
haiku45,S133,art50,yes,yes,False,True,True
haiku45,S134,art5,no,unclear,False,False,True
haiku45,S134,annex_i,no,no,False,True,True
haiku45,S134,annex_iii,none,justice_democracy,False,False,True
haiku45,S134,derogation,not_applicable,not_applicable,False,True,True
haiku45,S134,profiling,not_applicable,not_applicable,False,True,True
haiku45,S134,art50,yes,yes,False,True,True
haiku45,S135,art5,no,unclear,False,False,True
haiku45,S135,annex_i,no,no,False,True,True
haiku45,S135,annex_iii,none,none,False,True,True
haiku45,S135,derogation,not_applicable,not_applicable,False,True,True
haiku45,S135,profiling,not_applicable,not_applicable,False,True,True
haiku45,S135,art50,yes,yes,False,True,True
haiku45,S136,art5,no,unclear,False,False,True
haiku45,S136,annex_i,no,no,False,True,True
haiku45,S136,annex_iii,none,justice_democracy,False,False,True
haiku45,S136,derogation,not_applicable,not_applicable,False,True,True
haiku45,S136,profiling,not_applicable,not_applicable,False,True,True
haiku45,S136,art50,yes,yes,False,True,True
haiku45,S137,art5,no,unclear,False,False,True
haiku45,S137,annex_i,no,no,False,True,True
haiku45,S137,annex_iii,none,none,False,True,True
haiku45,S137,derogation,not_applicable,not_applicable,False,True,True
haiku45,S137,profiling,not_applicable,not_applicable,False,True,True
haiku45,S137,art50,yes,yes,False,True,True
haiku45,S138,art5,no,no,False,True,True
haiku45,S138,annex_i,yes,yes,False,True,True
haiku45,S138,annex_iii,none,none,False,True,True
haiku45,S138,derogation,not_applicable,not_applicable,False,True,True
haiku45,S138,profiling,not_applicable,not_applicable,False,True,True
haiku45,S138,art50,no,no,False,True,True
haiku45,S139,art5,no,no,False,True,True
haiku45,S139,annex_i,no,no,False,True,True
haiku45,S139,annex_iii,none,none,False,True,True
haiku45,S139,derogation,not_applicable,not_applicable,False,True,True
haiku45,S139,profiling,not_applicable,not_applicable,False,True,True
haiku45,S139,art50,yes,yes,False,True,True
haiku45,S140,art5,no,no,False,True,False
haiku45,S140,annex_i,unclear,no,False,False,False
haiku45,S140,annex_iii,unclear,none,False,False,False
haiku45,S140,derogation,unclear,not_applicable,False,False,False
haiku45,S140,profiling,unclear,not_applicable,False,False,False
haiku45,S140,art50,unclear,yes,False,False,False
haiku45,S141,art5,no,unclear,False,False,True
haiku45,S141,annex_i,no,no,False,True,True
haiku45,S141,annex_iii,none,justice_democracy,False,False,True
haiku45,S141,derogation,not_applicable,not_applicable,False,True,True
haiku45,S141,profiling,not_applicable,not_applicable,False,True,True
haiku45,S141,art50,yes,yes,False,True,True
haiku45,S142,art5,no,no,False,True,True
haiku45,S142,annex_i,yes,yes,False,True,True
haiku45,S142,annex_iii,none,not_applicable,False,False,True
haiku45,S142,derogation,not_applicable,not_applicable,False,True,True
haiku45,S142,profiling,not_applicable,not_applicable,False,True,True
haiku45,S142,art50,no,no,False,True,True
haiku45,S143,art5,yes,unclear,False,False,False
haiku45,S143,annex_i,no,no,False,True,False
haiku45,S143,annex_iii,none,justice_democracy,False,False,False
haiku45,S143,derogation,not_applicable,does_not_apply,False,False,False
haiku45,S143,profiling,not_applicable,no,False,False,False
haiku45,S143,art50,yes,yes,False,True,False
haiku45,S144,art5,no,no,False,True,False
haiku45,S144,annex_i,no,no,False,True,False
haiku45,S144,annex_iii,none,employment,False,False,False
haiku45,S144,derogation,not_applicable,does_not_apply,False,False,False
haiku45,S144,profiling,not_applicable,unclear,False,False,False
haiku45,S144,art50,no,no,False,True,False
haiku45,S145,art5,no,unclear,False,False,True
haiku45,S145,annex_i,no,no,False,True,True
haiku45,S145,annex_iii,none,none,False,True,True
haiku45,S145,derogation,not_applicable,not_applicable,False,True,True
haiku45,S145,profiling,not_applicable,not_applicable,False,True,True
haiku45,S145,art50,yes,yes,False,True,True
haiku45,S146,art5,no,no,False,True,True
haiku45,S146,annex_i,yes,yes,False,True,True
haiku45,S146,annex_iii,none,not_applicable,False,False,True
haiku45,S146,derogation,not_applicable,not_applicable,False,True,True
haiku45,S146,profiling,not_applicable,not_applicable,False,True,True
haiku45,S146,art50,no,no,False,True,True
haiku45,S147,art5,no,unclear,False,False,True
haiku45,S147,annex_i,no,no,False,True,True
haiku45,S147,annex_iii,none,none,False,True,True
haiku45,S147,derogation,not_applicable,not_applicable,False,True,True
haiku45,S147,profiling,not_applicable,not_applicable,False,True,True
haiku45,S147,art50,yes,yes,False,True,True
haiku45,S148,art5,no,unclear,False,False,True
haiku45,S148,annex_i,no,no,False,True,True
haiku45,S148,annex_iii,none,none,False,True,True
haiku45,S148,derogation,not_applicable,not_applicable,False,True,True
haiku45,S148,profiling,not_applicable,not_applicable,False,True,True
haiku45,S148,art50,yes,yes,False,True,True
haiku45,S149,art5,no,unclear,False,False,True
haiku45,S149,annex_i,no,no,False,True,True
haiku45,S149,annex_iii,none,none,False,True,True
haiku45,S149,derogation,not_applicable,not_applicable,False,True,True
haiku45,S149,profiling,not_applicable,not_applicable,False,True,True
haiku45,S149,art50,yes,yes,False,True,True
haiku45,S150,art5,no,no,False,True,True
haiku45,S150,annex_i,no,no,False,True,True
haiku45,S150,annex_iii,none,none,False,True,True
haiku45,S150,derogation,not_applicable,not_applicable,False,True,True
haiku45,S150,profiling,not_applicable,not_applicable,False,True,True
haiku45,S150,art50,yes,yes,False,True,True
kimi25,S001,art5,no,no,False,True,True
kimi25,S001,annex_i,no,no,False,True,True
kimi25,S001,annex_iii,none,none,False,True,True
kimi25,S001,derogation,not_applicable,not_applicable,False,True,True
kimi25,S001,profiling,not_applicable,not_applicable,False,True,True
kimi25,S001,art50,no,no,False,True,True
kimi25,S002,art5,no,no,False,True,True
kimi25,S002,annex_i,no,no,False,True,True
kimi25,S002,annex_iii,none,none,False,True,True
kimi25,S002,derogation,not_applicable,not_applicable,False,True,True
kimi25,S002,profiling,not_applicable,not_applicable,False,True,True
kimi25,S002,art50,yes,yes,False,True,True
kimi25,S003,art5,no,no,False,True,True
kimi25,S003,annex_i,no,no,False,True,True
kimi25,S003,annex_iii,none,none,False,True,True
kimi25,S003,derogation,not_applicable,not_applicable,False,True,True
kimi25,S003,profiling,not_applicable,not_applicable,False,True,True
kimi25,S003,art50,yes,yes,False,True,True
kimi25,S004,art5,no,no,False,True,True
kimi25,S004,annex_i,no,no,False,True,True
kimi25,S004,annex_iii,none,none,False,True,True
kimi25,S004,derogation,not_applicable,not_applicable,False,True,True
kimi25,S004,profiling,not_applicable,not_applicable,False,True,True
kimi25,S004,art50,yes,yes,False,True,True
kimi25,S005,art5,no,no,False,True,True
kimi25,S005,annex_i,no,unclear,False,False,True
kimi25,S005,annex_iii,migration,migration,False,True,True
kimi25,S005,derogation,does_not_apply,does_not_apply,False,True,True
kimi25,S005,profiling,no,no,False,True,True
kimi25,S005,art50,no,unclear,False,False,True
kimi25,S006,art5,no,no,False,True,True
kimi25,S006,annex_i,no,no,False,True,True
kimi25,S006,annex_iii,essential_services,essential_services,False,True,True
kimi25,S006,derogation,does_not_apply,not_applicable,False,False,True
kimi25,S006,profiling,yes,yes,False,True,True
kimi25,S006,art50,no,no,False,True,True
kimi25,S007,art5,no,no,False,True,True
kimi25,S007,annex_i,no,no,False,True,True
kimi25,S007,annex_iii,migration,migration,False,True,True
kimi25,S007,derogation,does_not_apply,does_not_apply,False,True,True
kimi25,S007,profiling,no,no,False,True,True
kimi25,S007,art50,no,no,False,True,True
kimi25,S008,art5,no,no,False,True,True
kimi25,S008,annex_i,yes,yes,False,True,True
kimi25,S008,annex_iii,none,none,False,True,True
kimi25,S008,derogation,not_applicable,not_applicable,False,True,True
kimi25,S008,profiling,not_applicable,not_applicable,False,True,True
kimi25,S008,art50,no,no,False,True,True
kimi25,S009,art5,no,no,False,True,True
kimi25,S009,annex_i,yes,yes,False,True,True
kimi25,S009,annex_iii,none,none,False,True,True
kimi25,S009,derogation,not_applicable,not_applicable,False,True,True
kimi25,S009,profiling,not_applicable,not_applicable,False,True,True
kimi25,S009,art50,no,no,False,True,True
kimi25,S010,art5,yes,yes,False,True,True
kimi25,S010,annex_i,no,no,False,True,True
kimi25,S010,annex_iii,biometrics,biometrics,False,True,True
kimi25,S010,derogation,not_applicable,not_applicable,False,True,True
kimi25,S010,profiling,not_applicable,not_applicable,False,True,True
kimi25,S010,art50,yes,yes,False,True,True
kimi25,S011,art5,no,yes,False,False,False
kimi25,S011,annex_i,no,no,False,True,False
kimi25,S011,annex_iii,biometrics,biometrics,False,True,False
kimi25,S011,derogation,does_not_apply,not_applicable,False,False,False
kimi25,S011,profiling,no,not_applicable,False,False,False
kimi25,S011,art50,no,yes,False,False,False
kimi25,S012,art5,no,no,False,True,True
kimi25,S012,annex_i,no,no,False,True,True
kimi25,S012,annex_iii,essential_services,essential_services,False,True,True
kimi25,S012,derogation,does_not_apply,does_not_apply,False,True,True
kimi25,S012,profiling,yes,yes,False,True,True
kimi25,S012,art50,no,no,False,True,True
kimi25,S013,art5,no,no,False,True,False
kimi25,S013,annex_i,no,no,False,True,False
kimi25,S013,annex_iii,law_enforcement,none,False,False,False
kimi25,S013,derogation,does_not_apply,not_applicable,False,False,False
kimi25,S013,profiling,no,not_applicable,False,False,False
kimi25,S013,art50,no,no,False,True,False
kimi25,S014,art5,no,no,False,True,True
kimi25,S014,annex_i,no,no,False,True,True
kimi25,S014,annex_iii,none,none,False,True,True
kimi25,S014,derogation,not_applicable,not_applicable,False,True,True
kimi25,S014,profiling,not_applicable,not_applicable,False,True,True
kimi25,S014,art50,no,no,False,True,True
kimi25,S015,art5,no,no,False,True,True
kimi25,S015,annex_i,no,no,False,True,True
kimi25,S015,annex_iii,none,none,False,True,True
kimi25,S015,derogation,not_applicable,not_applicable,False,True,True
kimi25,S015,profiling,not_applicable,not_applicable,False,True,True
kimi25,S015,art50,no,no,False,True,True
kimi25,S016,art5,no,no,False,True,True
kimi25,S016,annex_i,yes,yes,False,True,True
kimi25,S016,annex_iii,none,critical_infrastructure,False,False,True
kimi25,S016,derogation,not_applicable,not_applicable,False,True,True
kimi25,S016,profiling,not_applicable,not_applicable,False,True,True
kimi25,S016,art50,no,no,False,True,True
kimi25,S017,art5,no,no,False,True,False
kimi25,S017,annex_i,no,no,False,True,False
kimi25,S017,annex_iii,biometrics,none,False,False,False
kimi25,S017,derogation,does_not_apply,not_applicable,False,False,False
kimi25,S017,profiling,no,not_applicable,False,False,False
kimi25,S017,art50,no,no,False,True,False
kimi25,S018,art5,no,no,False,True,True
kimi25,S018,annex_i,no,no,False,True,True
kimi25,S018,annex_iii,none,none,False,True,True
kimi25,S018,derogation,not_applicable,not_applicable,False,True,True
kimi25,S018,profiling,not_applicable,not_applicable,False,True,True
kimi25,S018,art50,yes,yes,False,True,True
kimi25,S020,art5,no,no,False,True,True
kimi25,S020,annex_i,no,no,False,True,True
kimi25,S020,annex_iii,none,none,False,True,True
kimi25,S020,derogation,not_applicable,not_applicable,False,True,True
kimi25,S020,profiling,not_applicable,not_applicable,False,True,True
kimi25,S020,art50,no,no,False,True,True
kimi25,S021,art5,no,no,False,True,True
kimi25,S021,annex_i,no,no,False,True,True
kimi25,S021,annex_iii,migration,migration,False,True,True
kimi25,S021,derogation,does_not_apply,does_not_apply,False,True,True
kimi25,S021,profiling,yes,yes,False,True,True
kimi25,S021,art50,no,no,False,True,True
kimi25,S022,art5,no,no,False,True,True
kimi25,S022,annex_i,no,no,False,True,True
kimi25,S022,annex_iii,biometrics,law_enforcement,False,False,True
kimi25,S022,derogation,does_not_apply,not_applicable,False,False,True
kimi25,S022,profiling,no,no,False,True,True
kimi25,S022,art50,no,no,False,True,True
kimi25,S023,art5,no,no,False,True,True
kimi25,S023,annex_i,no,no,False,True,True
kimi25,S023,annex_iii,biometrics,biometrics,False,True,True
kimi25,S023,derogation,does_not_apply,does_not_apply,False,True,True
kimi25,S023,profiling,no,no,False,True,True
kimi25,S023,art50,no,no,False,True,True
kimi25,S024,art5,no,no,False,True,True
kimi25,S024,annex_i,no,no,False,True,True
kimi25,S024,annex_iii,none,none,False,True,True
kimi25,S024,derogation,not_applicable,not_applicable,False,True,True
kimi25,S024,profiling,not_applicable,not_applicable,False,True,True
kimi25,S024,art50,no,no,False,True,True
kimi25,S025,art5,yes,yes,False,True,True
kimi25,S025,annex_i,no,no,False,True,True
kimi25,S025,annex_iii,biometrics,law_enforcement,False,False,True
kimi25,S025,derogation,not_applicable,not_applicable,False,True,True
kimi25,S025,profiling,not_applicable,not_applicable,False,True,True
kimi25,S025,art50,no,no,False,True,True
kimi25,S027,art5,no,no,False,True,True
kimi25,S027,annex_i,no,no,False,True,True
kimi25,S027,annex_iii,migration,migration,False,True,True
kimi25,S027,derogation,does_not_apply,does_not_apply,False,True,True
kimi25,S027,profiling,yes,yes,False,True,True
kimi25,S027,art50,no,no,False,True,True
kimi25,S029,art5,no,no,False,True,True
kimi25,S029,annex_i,no,no,False,True,True
kimi25,S029,annex_iii,none,none,False,True,True
kimi25,S029,derogation,not_applicable,not_applicable,False,True,True
kimi25,S029,profiling,not_applicable,not_applicable,False,True,True
kimi25,S029,art50,yes,yes,False,True,True
kimi25,S030,art5,no,no,False,True,True
kimi25,S030,annex_i,yes,yes,False,True,True
kimi25,S030,annex_iii,none,none,False,True,True
kimi25,S030,derogation,not_applicable,not_applicable,False,True,True
kimi25,S030,profiling,not_applicable,not_applicable,False,True,True
kimi25,S030,art50,no,yes,False,False,True
kimi25,S031,art5,no,no,False,True,True
kimi25,S031,annex_i,no,no,False,True,True
kimi25,S031,annex_iii,biometrics,biometrics,False,True,True
kimi25,S031,derogation,does_not_apply,does_not_apply,False,True,True
kimi25,S031,profiling,yes,yes,False,True,True
kimi25,S031,art50,yes,yes,False,True,True
kimi25,S032,art5,unclear,no,False,False,True
kimi25,S032,annex_i,no,no,False,True,True
kimi25,S032,annex_iii,biometrics,law_enforcement,False,False,True
kimi25,S032,derogation,does_not_apply,does_not_apply,False,True,True
kimi25,S032,profiling,no,no,False,True,True
kimi25,S032,art50,no,no,False,True,True
kimi25,S033,art5,no,yes,False,False,False
kimi25,S033,annex_i,no,no,False,True,False
kimi25,S033,annex_iii,biometrics,law_enforcement,False,False,False
kimi25,S033,derogation,does_not_apply,not_applicable,False,False,False
kimi25,S033,profiling,no,yes,False,False,False
kimi25,S033,art50,no,yes,False,False,False
kimi25,S034,art5,no,no,False,True,True
kimi25,S034,annex_i,no,no,False,True,True
kimi25,S034,annex_iii,employment,employment,False,True,True
kimi25,S034,derogation,does_not_apply,does_not_apply,False,True,True
kimi25,S034,profiling,yes,yes,False,True,True
kimi25,S034,art50,no,no,False,True,True
kimi25,S035,art5,no,no,False,True,True
kimi25,S035,annex_i,no,no,False,True,True
kimi25,S035,annex_iii,none,none,False,True,True
kimi25,S035,derogation,not_applicable,not_applicable,False,True,True
kimi25,S035,profiling,not_applicable,not_applicable,False,True,True
kimi25,S035,art50,yes,yes,False,True,True
kimi25,S036,art5,no,no,False,True,True
kimi25,S036,annex_i,no,no,False,True,True
kimi25,S036,annex_iii,education,education,False,True,True
kimi25,S036,derogation,does_not_apply,does_not_apply,False,True,True
kimi25,S036,profiling,yes,yes,False,True,True
kimi25,S036,art50,no,yes,False,False,True
kimi25,S037,art5,no,no,False,True,True
kimi25,S037,annex_i,yes,yes,False,True,True
kimi25,S037,annex_iii,none,none,False,True,True
kimi25,S037,derogation,not_applicable,not_applicable,False,True,True
kimi25,S037,profiling,not_applicable,not_applicable,False,True,True
kimi25,S037,art50,no,no,False,True,True
kimi25,S038,art5,no,no,False,True,True
kimi25,S038,annex_i,no,no,False,True,True
kimi25,S038,annex_iii,none,none,False,True,True
kimi25,S038,derogation,not_applicable,not_applicable,False,True,True
kimi25,S038,profiling,not_applicable,not_applicable,False,True,True
kimi25,S038,art50,no,no,False,True,True
kimi25,S039,art5,no,no,False,True,True
kimi25,S039,annex_i,no,no,False,True,True
kimi25,S039,annex_iii,migration,migration,False,True,True
kimi25,S039,derogation,does_not_apply,does_not_apply,False,True,True
kimi25,S039,profiling,yes,yes,False,True,True
kimi25,S039,art50,no,no,False,True,True
kimi25,S040,art5,no,no,False,True,True
kimi25,S040,annex_i,no,no,False,True,True
kimi25,S040,annex_iii,none,none,False,True,True
kimi25,S040,derogation,not_applicable,not_applicable,False,True,True
kimi25,S040,profiling,not_applicable,not_applicable,False,True,True
kimi25,S040,art50,no,no,False,True,True
kimi25,S042,art5,no,no,False,True,True
kimi25,S042,annex_i,yes,yes,False,True,True
kimi25,S042,annex_iii,none,none,False,True,True
kimi25,S042,derogation,not_applicable,not_applicable,False,True,True
kimi25,S042,profiling,not_applicable,not_applicable,False,True,True
kimi25,S042,art50,no,no,False,True,True
kimi25,S043,art5,no,no,False,True,True
kimi25,S043,annex_i,no,no,False,True,True
kimi25,S043,annex_iii,migration,migration,False,True,True
kimi25,S043,derogation,does_not_apply,does_not_apply,False,True,True
kimi25,S043,profiling,no,yes,False,False,True
kimi25,S043,art50,no,yes,False,False,True
kimi25,S044,art5,no,no,False,True,True
kimi25,S044,annex_i,no,no,False,True,True
kimi25,S044,annex_iii,none,none,False,True,True
kimi25,S044,derogation,not_applicable,not_applicable,False,True,True
kimi25,S044,profiling,not_applicable,not_applicable,False,True,True
kimi25,S044,art50,yes,yes,False,True,True
kimi25,S045,art5,no,no,False,True,True
kimi25,S045,annex_i,no,no,False,True,True
kimi25,S045,annex_iii,none,none,False,True,True
kimi25,S045,derogation,not_applicable,not_applicable,False,True,True
kimi25,S045,profiling,not_applicable,not_applicable,False,True,True
kimi25,S045,art50,yes,yes,False,True,True
kimi25,S046,art5,no,no,False,True,True
kimi25,S046,annex_i,no,no,False,True,True
kimi25,S046,annex_iii,essential_services,essential_services,False,True,True
kimi25,S046,derogation,does_not_apply,does_not_apply,False,True,True
kimi25,S046,profiling,not_applicable,yes,False,False,True
kimi25,S046,art50,no,no,False,True,True
kimi25,S047,art5,no,no,False,True,True
kimi25,S047,annex_i,no,no,False,True,True
kimi25,S047,annex_iii,biometrics,biometrics,False,True,True
kimi25,S047,derogation,does_not_apply,does_not_apply,False,True,True
kimi25,S047,profiling,no,no,False,True,True
kimi25,S047,art50,no,no,False,True,True
kimi25,S048,art5,no,no,False,True,True
kimi25,S048,annex_i,no,no,False,True,True
kimi25,S048,annex_iii,none,none,False,True,True
kimi25,S048,derogation,not_applicable,not_applicable,False,True,True
kimi25,S048,profiling,not_applicable,not_applicable,False,True,True
kimi25,S048,art50,yes,yes,False,True,True
kimi25,S049,art5,no,no,False,True,True
kimi25,S049,annex_i,no,no,False,True,True
kimi25,S049,annex_iii,migration,migration,False,True,True
kimi25,S049,derogation,does_not_apply,does_not_apply,False,True,True
kimi25,S049,profiling,no,no,False,True,True
kimi25,S049,art50,yes,yes,False,True,True
kimi25,S050,art5,no,no,False,True,True
kimi25,S050,annex_i,yes,yes,False,True,True
kimi25,S050,annex_iii,none,critical_infrastructure,False,False,True
kimi25,S050,derogation,not_applicable,not_applicable,False,True,True
kimi25,S050,profiling,not_applicable,not_applicable,False,True,True
kimi25,S050,art50,no,no,False,True,True
kimi25,S051,art5,no,no,False,True,True
kimi25,S051,annex_i,no,no,False,True,True
kimi25,S051,annex_iii,essential_services,essential_services,False,True,True
kimi25,S051,derogation,does_not_apply,does_not_apply,False,True,True
kimi25,S051,profiling,yes,yes,False,True,True
kimi25,S051,art50,no,no,False,True,True
kimi25,S052,art5,no,no,False,True,True
kimi25,S052,annex_i,yes,yes,False,True,True
kimi25,S052,annex_iii,none,critical_infrastructure,False,False,True
kimi25,S052,derogation,not_applicable,not_applicable,False,True,True
kimi25,S052,profiling,not_applicable,not_applicable,False,True,True
kimi25,S052,art50,no,no,False,True,True
kimi25,S053,art5,unclear,no,False,False,True
kimi25,S053,annex_i,no,no,False,True,True
kimi25,S053,annex_iii,none,none,False,True,True
kimi25,S053,derogation,not_applicable,not_applicable,False,True,True
kimi25,S053,profiling,not_applicable,not_applicable,False,True,True
kimi25,S053,art50,yes,yes,False,True,True
kimi25,S054,art5,no,no,False,True,True
kimi25,S054,annex_i,no,no,False,True,True
kimi25,S054,annex_iii,employment,employment,False,True,True
kimi25,S054,derogation,does_not_apply,does_not_apply,False,True,True
kimi25,S054,profiling,yes,yes,False,True,True
kimi25,S054,art50,no,no,False,True,True
kimi25,S055,art5,no,no,False,True,True
kimi25,S055,annex_i,no,no,False,True,True
kimi25,S055,annex_iii,none,none,False,True,True
kimi25,S055,derogation,not_applicable,not_applicable,False,True,True
kimi25,S055,profiling,not_applicable,not_applicable,False,True,True
kimi25,S055,art50,no,no,False,True,True
kimi25,S056,art5,unclear,no,False,False,True
kimi25,S056,annex_i,no,no,False,True,True
kimi25,S056,annex_iii,none,none,False,True,True
kimi25,S056,derogation,not_applicable,not_applicable,False,True,True
kimi25,S056,profiling,not_applicable,not_applicable,False,True,True
kimi25,S056,art50,yes,yes,False,True,True
kimi25,S057,art5,no,no,False,True,True
kimi25,S057,annex_i,no,no,False,True,True
kimi25,S057,annex_iii,none,none,False,True,True
kimi25,S057,derogation,not_applicable,not_applicable,False,True,True
kimi25,S057,profiling,not_applicable,not_applicable,False,True,True
kimi25,S057,art50,yes,yes,False,True,True
kimi25,S058,art5,no,no,False,True,True
kimi25,S058,annex_i,no,no,False,True,True
kimi25,S058,annex_iii,none,none,False,True,True
kimi25,S058,derogation,not_applicable,not_applicable,False,True,True
kimi25,S058,profiling,not_applicable,not_applicable,False,True,True
kimi25,S058,art50,no,no,False,True,True
kimi25,S060,art5,no,no,False,True,True
kimi25,S060,annex_i,no,no,False,True,True
kimi25,S060,annex_iii,biometrics,biometrics,False,True,True
kimi25,S060,derogation,does_not_apply,does_not_apply,False,True,True
kimi25,S060,profiling,yes,yes,False,True,True
kimi25,S060,art50,no,no,False,True,True
kimi25,S061,art5,no,no,False,True,True
kimi25,S061,annex_i,no,no,False,True,True
kimi25,S061,annex_iii,biometrics,biometrics,False,True,True
kimi25,S061,derogation,does_not_apply,does_not_apply,False,True,True
kimi25,S061,profiling,yes,no,False,False,True
kimi25,S061,art50,no,no,False,True,True
kimi25,S062,art5,no,no,False,True,True
kimi25,S062,annex_i,yes,yes,False,True,True
kimi25,S062,annex_iii,none,none,False,True,True
kimi25,S062,derogation,not_applicable,not_applicable,False,True,True
kimi25,S062,profiling,not_applicable,not_applicable,False,True,True
kimi25,S062,art50,no,no,False,True,True
kimi25,S063,art5,no,no,False,True,True
kimi25,S063,annex_i,no,no,False,True,True
kimi25,S063,annex_iii,none,none,False,True,True
kimi25,S063,derogation,not_applicable,not_applicable,False,True,True
kimi25,S063,profiling,not_applicable,not_applicable,False,True,True
kimi25,S063,art50,yes,yes,False,True,True
kimi25,S064,art5,no,no,False,True,True
kimi25,S064,annex_i,no,no,False,True,True
kimi25,S064,annex_iii,none,none,False,True,True
kimi25,S064,derogation,not_applicable,not_applicable,False,True,True
kimi25,S064,profiling,not_applicable,not_applicable,False,True,True
kimi25,S064,art50,yes,yes,False,True,True
kimi25,S065,art5,no,no,False,True,True
kimi25,S065,annex_i,no,no,False,True,True
kimi25,S065,annex_iii,none,none,False,True,True
kimi25,S065,derogation,not_applicable,not_applicable,False,True,True
kimi25,S065,profiling,not_applicable,not_applicable,False,True,True
kimi25,S065,art50,yes,yes,False,True,True
kimi25,S066,art5,no,no,False,True,True
kimi25,S066,annex_i,no,no,False,True,True
kimi25,S066,annex_iii,justice_democracy,justice_democracy,False,True,True
kimi25,S066,derogation,does_not_apply,does_not_apply,False,True,True
kimi25,S066,profiling,no,no,False,True,True
kimi25,S066,art50,yes,yes,False,True,True
kimi25,S068,art5,no,no,False,True,True
kimi25,S068,annex_i,no,no,False,True,True
kimi25,S068,annex_iii,none,none,False,True,True
kimi25,S068,derogation,not_applicable,not_applicable,False,True,True
kimi25,S068,profiling,not_applicable,not_applicable,False,True,True
kimi25,S068,art50,yes,yes,False,True,True
kimi25,S069,art5,yes,no,False,False,False
kimi25,S069,annex_i,no,no,False,True,False
kimi25,S069,annex_iii,none,none,False,True,False
kimi25,S069,derogation,not_applicable,not_applicable,False,True,False
kimi25,S069,profiling,not_applicable,not_applicable,False,True,False
kimi25,S069,art50,yes,yes,False,True,False
kimi25,S070,art5,no,no,False,True,True
kimi25,S070,annex_i,yes,yes,False,True,True
kimi25,S070,annex_iii,none,none,False,True,True
kimi25,S070,derogation,not_applicable,not_applicable,False,True,True
kimi25,S070,profiling,not_applicable,not_applicable,False,True,True
kimi25,S070,art50,no,no,False,True,True
kimi25,S071,art5,no,no,False,True,True
kimi25,S071,annex_i,yes,yes,False,True,True
kimi25,S071,annex_iii,none,none,False,True,True
kimi25,S071,derogation,not_applicable,not_applicable,False,True,True
kimi25,S071,profiling,not_applicable,not_applicable,False,True,True
kimi25,S071,art50,no,no,False,True,True
kimi25,S072,art5,unclear,no,False,False,False
kimi25,S072,annex_i,unclear,no,False,False,False
kimi25,S072,annex_iii,unclear,none,False,False,False
kimi25,S072,derogation,unclear,not_applicable,False,False,False
kimi25,S072,profiling,unclear,not_applicable,False,False,False
kimi25,S072,art50,unclear,yes,False,False,False
kimi25,S073,art5,no,no,False,True,True
kimi25,S073,annex_i,no,no,False,True,True
kimi25,S073,annex_iii,essential_services,essential_services,False,True,True
kimi25,S073,derogation,does_not_apply,does_not_apply,False,True,True
kimi25,S073,profiling,yes,yes,False,True,True
kimi25,S073,art50,no,no,False,True,True
kimi25,S074,art5,no,no,False,True,True
kimi25,S074,annex_i,no,no,False,True,True
kimi25,S074,annex_iii,none,none,False,True,True
kimi25,S074,derogation,not_applicable,not_applicable,False,True,True
kimi25,S074,profiling,not_applicable,not_applicable,False,True,True
kimi25,S074,art50,yes,yes,False,True,True
kimi25,S075,art5,no,no,False,True,True
kimi25,S075,annex_i,no,no,False,True,True
kimi25,S075,annex_iii,none,none,False,True,True
kimi25,S075,derogation,not_applicable,not_applicable,False,True,True
kimi25,S075,profiling,not_applicable,not_applicable,False,True,True
kimi25,S075,art50,yes,yes,False,True,True
kimi25,S076,art5,no,no,False,True,True
kimi25,S076,annex_i,no,no,False,True,True
kimi25,S076,annex_iii,none,none,False,True,True
kimi25,S076,derogation,not_applicable,not_applicable,False,True,True
kimi25,S076,profiling,not_applicable,not_applicable,False,True,True
kimi25,S076,art50,yes,yes,False,True,True
kimi25,S077,art5,no,no,False,True,True
kimi25,S077,annex_i,no,no,False,True,True
kimi25,S077,annex_iii,none,none,False,True,True
kimi25,S077,derogation,not_applicable,not_applicable,False,True,True
kimi25,S077,profiling,not_applicable,not_applicable,False,True,True
kimi25,S077,art50,yes,yes,False,True,True
kimi25,S078,art5,no,no,False,True,True
kimi25,S078,annex_i,no,no,False,True,True
kimi25,S078,annex_iii,none,none,False,True,True
kimi25,S078,derogation,not_applicable,not_applicable,False,True,True
kimi25,S078,profiling,not_applicable,not_applicable,False,True,True
kimi25,S078,art50,yes,yes,False,True,True
kimi25,S079,art5,no,no,False,True,True
kimi25,S079,annex_i,no,no,False,True,True
kimi25,S079,annex_iii,none,none,False,True,True
kimi25,S079,derogation,not_applicable,not_applicable,False,True,True
kimi25,S079,profiling,not_applicable,not_applicable,False,True,True
kimi25,S079,art50,yes,yes,False,True,True
kimi25,S080,art5,no,no,False,True,True
kimi25,S080,annex_i,no,no,False,True,True
kimi25,S080,annex_iii,none,none,False,True,True
kimi25,S080,derogation,not_applicable,not_applicable,False,True,True
kimi25,S080,profiling,not_applicable,not_applicable,False,True,True
kimi25,S080,art50,yes,yes,False,True,True
kimi25,S081,art5,no,no,False,True,True
kimi25,S081,annex_i,no,no,False,True,True
kimi25,S081,annex_iii,law_enforcement,law_enforcement,False,True,True
kimi25,S081,derogation,does_not_apply,does_not_apply,False,True,True
kimi25,S081,profiling,yes,yes,False,True,True
kimi25,S081,art50,no,no,False,True,True
kimi25,S082,art5,no,no,False,True,True
kimi25,S082,annex_i,no,no,False,True,True
kimi25,S082,annex_iii,essential_services,essential_services,False,True,True
kimi25,S082,derogation,does_not_apply,does_not_apply,False,True,True
kimi25,S082,profiling,yes,yes,False,True,True
kimi25,S082,art50,no,no,False,True,True
kimi25,S083,art5,no,no,False,True,True
kimi25,S083,annex_i,no,no,False,True,True
kimi25,S083,annex_iii,none,none,False,True,True
kimi25,S083,derogation,not_applicable,not_applicable,False,True,True
kimi25,S083,profiling,not_applicable,not_applicable,False,True,True
kimi25,S083,art50,yes,yes,False,True,True
kimi25,S084,art5,no,no,False,True,True
kimi25,S084,annex_i,no,no,False,True,True
kimi25,S084,annex_iii,none,none,False,True,True
kimi25,S084,derogation,not_applicable,not_applicable,False,True,True
kimi25,S084,profiling,not_applicable,not_applicable,False,True,True
kimi25,S084,art50,yes,yes,False,True,True
kimi25,S085,art5,no,no,False,True,True
kimi25,S085,annex_i,no,no,False,True,True
kimi25,S085,annex_iii,none,none,False,True,True
kimi25,S085,derogation,not_applicable,not_applicable,False,True,True
kimi25,S085,profiling,not_applicable,not_applicable,False,True,True
kimi25,S085,art50,yes,yes,False,True,True
kimi25,S086,art5,no,no,False,True,True
kimi25,S086,annex_i,no,no,False,True,True
kimi25,S086,annex_iii,none,none,False,True,True
kimi25,S086,derogation,not_applicable,not_applicable,False,True,True
kimi25,S086,profiling,not_applicable,not_applicable,False,True,True
kimi25,S086,art50,yes,yes,False,True,True
kimi25,S087,art5,no,no,False,True,True
kimi25,S087,annex_i,no,no,False,True,True
kimi25,S087,annex_iii,none,none,False,True,True
kimi25,S087,derogation,not_applicable,not_applicable,False,True,True
kimi25,S087,profiling,not_applicable,not_applicable,False,True,True
kimi25,S087,art50,yes,yes,False,True,True
kimi25,S088,art5,no,no,False,True,True
kimi25,S088,annex_i,no,no,False,True,True
kimi25,S088,annex_iii,none,none,False,True,True
kimi25,S088,derogation,not_applicable,not_applicable,False,True,True
kimi25,S088,profiling,not_applicable,not_applicable,False,True,True
kimi25,S088,art50,yes,yes,False,True,True
kimi25,S089,art5,no,no,False,True,True
kimi25,S089,annex_i,no,no,False,True,True
kimi25,S089,annex_iii,none,none,False,True,True
kimi25,S089,derogation,not_applicable,not_applicable,False,True,True
kimi25,S089,profiling,not_applicable,not_applicable,False,True,True
kimi25,S089,art50,yes,yes,False,True,True
kimi25,S090,art5,no,no,False,True,True
kimi25,S090,annex_i,yes,yes,False,True,True
kimi25,S090,annex_iii,none,none,False,True,True
kimi25,S090,derogation,not_applicable,not_applicable,False,True,True
kimi25,S090,profiling,not_applicable,not_applicable,False,True,True
kimi25,S090,art50,no,no,False,True,True
kimi25,S091,art5,no,no,False,True,True
kimi25,S091,annex_i,no,no,False,True,True
kimi25,S091,annex_iii,none,none,False,True,True
kimi25,S091,derogation,not_applicable,not_applicable,False,True,True
kimi25,S091,profiling,not_applicable,not_applicable,False,True,True
kimi25,S091,art50,yes,yes,False,True,True
kimi25,S092,art5,unclear,no,False,False,True
kimi25,S092,annex_i,no,no,False,True,True
kimi25,S092,annex_iii,none,none,False,True,True
kimi25,S092,derogation,not_applicable,not_applicable,False,True,True
kimi25,S092,profiling,not_applicable,not_applicable,False,True,True
kimi25,S092,art50,yes,yes,False,True,True
kimi25,S093,art5,yes,no,False,False,False
kimi25,S093,annex_i,no,no,False,True,False
kimi25,S093,annex_iii,none,none,False,True,False
kimi25,S093,derogation,not_applicable,not_applicable,False,True,False
kimi25,S093,profiling,not_applicable,not_applicable,False,True,False
kimi25,S093,art50,yes,yes,False,True,False
kimi25,S094,art5,no,no,False,True,True
kimi25,S094,annex_i,no,no,False,True,True
kimi25,S094,annex_iii,none,none,False,True,True
kimi25,S094,derogation,not_applicable,not_applicable,False,True,True
kimi25,S094,profiling,not_applicable,not_applicable,False,True,True
kimi25,S094,art50,yes,yes,False,True,True
kimi25,S095,art5,yes,no,False,False,False
kimi25,S095,annex_i,no,no,False,True,False
kimi25,S095,annex_iii,none,none,False,True,False
kimi25,S095,derogation,not_applicable,not_applicable,False,True,False
kimi25,S095,profiling,not_applicable,not_applicable,False,True,False
kimi25,S095,art50,yes,yes,False,True,False
kimi25,S096,art5,no,no,False,True,False
kimi25,S096,annex_i,no,no,False,True,False
kimi25,S096,annex_iii,none,justice_democracy,False,False,False
kimi25,S096,derogation,not_applicable,does_not_apply,False,False,False
kimi25,S096,profiling,not_applicable,no,False,False,False
kimi25,S096,art50,yes,yes,False,True,False
kimi25,S097,art5,no,no,False,True,True
kimi25,S097,annex_i,no,no,False,True,True
kimi25,S097,annex_iii,none,none,False,True,True
kimi25,S097,derogation,not_applicable,not_applicable,False,True,True
kimi25,S097,profiling,not_applicable,not_applicable,False,True,True
kimi25,S097,art50,yes,yes,False,True,True
kimi25,S098,art5,no,no,False,True,True
kimi25,S098,annex_i,no,no,False,True,True
kimi25,S098,annex_iii,none,none,False,True,True
kimi25,S098,derogation,not_applicable,not_applicable,False,True,True
kimi25,S098,profiling,not_applicable,not_applicable,False,True,True
kimi25,S098,art50,yes,yes,False,True,True
kimi25,S099,art5,no,no,False,True,True
kimi25,S099,annex_i,no,no,False,True,True
kimi25,S099,annex_iii,none,none,False,True,True
kimi25,S099,derogation,not_applicable,not_applicable,False,True,True
kimi25,S099,profiling,not_applicable,not_applicable,False,True,True
kimi25,S099,art50,yes,yes,False,True,True
kimi25,S100,art5,no,no,False,True,True
kimi25,S100,annex_i,no,no,False,True,True
kimi25,S100,annex_iii,none,none,False,True,True
kimi25,S100,derogation,not_applicable,not_applicable,False,True,True
kimi25,S100,profiling,not_applicable,not_applicable,False,True,True
kimi25,S100,art50,no,no,False,True,True
kimi25,S101,art5,no,no,False,True,True
kimi25,S101,annex_i,no,no,False,True,True
kimi25,S101,annex_iii,none,none,False,True,True
kimi25,S101,derogation,not_applicable,not_applicable,False,True,True
kimi25,S101,profiling,not_applicable,not_applicable,False,True,True
kimi25,S101,art50,yes,yes,False,True,True
kimi25,S102,art5,no,no,False,True,True
kimi25,S102,annex_i,no,no,False,True,True
kimi25,S102,annex_iii,none,none,False,True,True
kimi25,S102,derogation,not_applicable,not_applicable,False,True,True
kimi25,S102,profiling,not_applicable,not_applicable,False,True,True
kimi25,S102,art50,yes,yes,False,True,True
kimi25,S103,art5,no,no,False,True,True
kimi25,S103,annex_i,no,no,False,True,True
kimi25,S103,annex_iii,none,none,False,True,True
kimi25,S103,derogation,not_applicable,not_applicable,False,True,True
kimi25,S103,profiling,not_applicable,not_applicable,False,True,True
kimi25,S103,art50,yes,yes,False,True,True
kimi25,S104,art5,no,no,False,True,True
kimi25,S104,annex_i,no,no,False,True,True
kimi25,S104,annex_iii,none,none,False,True,True
kimi25,S104,derogation,not_applicable,not_applicable,False,True,True
kimi25,S104,profiling,not_applicable,not_applicable,False,True,True
kimi25,S104,art50,yes,yes,False,True,True
kimi25,S105,art5,no,no,False,True,True
kimi25,S105,annex_i,no,no,False,True,True
kimi25,S105,annex_iii,none,none,False,True,True
kimi25,S105,derogation,not_applicable,not_applicable,False,True,True
kimi25,S105,profiling,not_applicable,not_applicable,False,True,True
kimi25,S105,art50,yes,yes,False,True,True
kimi25,S106,art5,yes,no,False,False,False
kimi25,S106,annex_i,no,no,False,True,False
kimi25,S106,annex_iii,none,none,False,True,False
kimi25,S106,derogation,not_applicable,not_applicable,False,True,False
kimi25,S106,profiling,not_applicable,not_applicable,False,True,False
kimi25,S106,art50,yes,yes,False,True,False
kimi25,S107,art5,no,no,False,True,True
kimi25,S107,annex_i,no,no,False,True,True
kimi25,S107,annex_iii,none,none,False,True,True
kimi25,S107,derogation,not_applicable,not_applicable,False,True,True
kimi25,S107,profiling,not_applicable,not_applicable,False,True,True
kimi25,S107,art50,yes,yes,False,True,True
kimi25,S108,art5,no,no,False,True,True
kimi25,S108,annex_i,no,no,False,True,True
kimi25,S108,annex_iii,none,none,False,True,True
kimi25,S108,derogation,not_applicable,not_applicable,False,True,True
kimi25,S108,profiling,not_applicable,not_applicable,False,True,True
kimi25,S108,art50,yes,yes,False,True,True
kimi25,S109,art5,no,no,False,True,True
kimi25,S109,annex_i,no,no,False,True,True
kimi25,S109,annex_iii,none,none,False,True,True
kimi25,S109,derogation,not_applicable,not_applicable,False,True,True
kimi25,S109,profiling,not_applicable,not_applicable,False,True,True
kimi25,S109,art50,yes,yes,False,True,True
kimi25,S110,art5,no,no,False,True,False
kimi25,S110,annex_i,unclear,yes,False,False,False
kimi25,S110,annex_iii,none,none,False,True,False
kimi25,S110,derogation,not_applicable,not_applicable,False,True,False
kimi25,S110,profiling,not_applicable,not_applicable,False,True,False
kimi25,S110,art50,yes,yes,False,True,False
kimi25,S111,art5,no,no,False,True,True
kimi25,S111,annex_i,no,no,False,True,True
kimi25,S111,annex_iii,none,none,False,True,True
kimi25,S111,derogation,not_applicable,not_applicable,False,True,True
kimi25,S111,profiling,not_applicable,not_applicable,False,True,True
kimi25,S111,art50,yes,yes,False,True,True
kimi25,S112,art5,no,no,False,True,True
kimi25,S112,annex_i,no,no,False,True,True
kimi25,S112,annex_iii,none,none,False,True,True
kimi25,S112,derogation,not_applicable,not_applicable,False,True,True
kimi25,S112,profiling,not_applicable,not_applicable,False,True,True
kimi25,S112,art50,yes,yes,False,True,True
kimi25,S113,art5,no,no,False,True,False
kimi25,S113,annex_i,no,no,False,True,False
kimi25,S113,annex_iii,none,none,False,True,False
kimi25,S113,derogation,not_applicable,not_applicable,False,True,False
kimi25,S113,profiling,not_applicable,not_applicable,False,True,False
kimi25,S113,art50,yes,no,False,False,False
kimi25,S114,art5,no,no,False,True,True
kimi25,S114,annex_i,no,no,False,True,True
kimi25,S114,annex_iii,none,none,False,True,True
kimi25,S114,derogation,not_applicable,not_applicable,False,True,True
kimi25,S114,profiling,not_applicable,not_applicable,False,True,True
kimi25,S114,art50,yes,yes,False,True,True
kimi25,S115,art5,no,no,False,True,True
kimi25,S115,annex_i,no,no,False,True,True
kimi25,S115,annex_iii,none,none,False,True,True
kimi25,S115,derogation,not_applicable,not_applicable,False,True,True
kimi25,S115,profiling,not_applicable,not_applicable,False,True,True
kimi25,S115,art50,yes,yes,False,True,True
kimi25,S116,art5,no,no,False,True,True
kimi25,S116,annex_i,no,no,False,True,True
kimi25,S116,annex_iii,none,none,False,True,True
kimi25,S116,derogation,not_applicable,not_applicable,False,True,True
kimi25,S116,profiling,not_applicable,not_applicable,False,True,True
kimi25,S116,art50,yes,yes,False,True,True
kimi25,S117,art5,no,no,False,True,True
kimi25,S117,annex_i,no,no,False,True,True
kimi25,S117,annex_iii,none,none,False,True,True
kimi25,S117,derogation,not_applicable,not_applicable,False,True,True
kimi25,S117,profiling,not_applicable,not_applicable,False,True,True
kimi25,S117,art50,yes,yes,False,True,True
kimi25,S118,art5,no,no,False,True,True
kimi25,S118,annex_i,no,no,False,True,True
kimi25,S118,annex_iii,none,none,False,True,True
kimi25,S118,derogation,not_applicable,not_applicable,False,True,True
kimi25,S118,profiling,not_applicable,not_applicable,False,True,True
kimi25,S118,art50,yes,yes,False,True,True
kimi25,S119,art5,no,no,False,True,True
kimi25,S119,annex_i,no,no,False,True,True
kimi25,S119,annex_iii,none,none,False,True,True
kimi25,S119,derogation,not_applicable,not_applicable,False,True,True
kimi25,S119,profiling,not_applicable,not_applicable,False,True,True
kimi25,S119,art50,yes,yes,False,True,True
kimi25,S120,art5,no,no,False,True,False
kimi25,S120,annex_i,no,no,False,True,False
kimi25,S120,annex_iii,law_enforcement,law_enforcement,False,True,False
kimi25,S120,derogation,applies,does_not_apply,False,False,False
kimi25,S120,profiling,no,yes,False,False,False
kimi25,S120,art50,yes,yes,False,True,False
kimi25,S121,art5,no,no,False,True,True
kimi25,S121,annex_i,no,no,False,True,True
kimi25,S121,annex_iii,none,none,False,True,True
kimi25,S121,derogation,not_applicable,not_applicable,False,True,True
kimi25,S121,profiling,not_applicable,not_applicable,False,True,True
kimi25,S121,art50,yes,yes,False,True,True
kimi25,S122,art5,no,no,False,True,True
kimi25,S122,annex_i,no,no,False,True,True
kimi25,S122,annex_iii,none,none,False,True,True
kimi25,S122,derogation,not_applicable,not_applicable,False,True,True
kimi25,S122,profiling,not_applicable,not_applicable,False,True,True
kimi25,S122,art50,yes,yes,False,True,True
kimi25,S123,art5,yes,no,False,False,False
kimi25,S123,annex_i,no,no,False,True,False
kimi25,S123,annex_iii,biometrics,migration,False,False,False
kimi25,S123,derogation,not_applicable,does_not_apply,False,False,False
kimi25,S123,profiling,not_applicable,no,False,False,False
kimi25,S123,art50,no,no,False,True,False
kimi25,S124,art5,no,no,False,True,True
kimi25,S124,annex_i,no,no,False,True,True
kimi25,S124,annex_iii,none,none,False,True,True
kimi25,S124,derogation,not_applicable,not_applicable,False,True,True
kimi25,S124,profiling,not_applicable,not_applicable,False,True,True
kimi25,S124,art50,yes,yes,False,True,True
kimi25,S125,art5,no,no,False,True,True
kimi25,S125,annex_i,no,no,False,True,True
kimi25,S125,annex_iii,none,none,False,True,True
kimi25,S125,derogation,not_applicable,not_applicable,False,True,True
kimi25,S125,profiling,not_applicable,not_applicable,False,True,True
kimi25,S125,art50,yes,yes,False,True,True
kimi25,S126,art5,no,no,False,True,True
kimi25,S126,annex_i,no,no,False,True,True
kimi25,S126,annex_iii,none,none,False,True,True
kimi25,S126,derogation,not_applicable,not_applicable,False,True,True
kimi25,S126,profiling,not_applicable,not_applicable,False,True,True
kimi25,S126,art50,yes,yes,False,True,True
kimi25,S127,art5,yes,no,False,False,False
kimi25,S127,annex_i,no,no,False,True,False
kimi25,S127,annex_iii,none,none,False,True,False
kimi25,S127,derogation,not_applicable,not_applicable,False,True,False
kimi25,S127,profiling,not_applicable,not_applicable,False,True,False
kimi25,S127,art50,no,no,False,True,False
kimi25,S128,art5,no,no,False,True,True
kimi25,S128,annex_i,no,no,False,True,True
kimi25,S128,annex_iii,none,none,False,True,True
kimi25,S128,derogation,not_applicable,not_applicable,False,True,True
kimi25,S128,profiling,not_applicable,not_applicable,False,True,True
kimi25,S128,art50,yes,yes,False,True,True
kimi25,S129,art5,no,no,False,True,True
kimi25,S129,annex_i,no,no,False,True,True
kimi25,S129,annex_iii,none,none,False,True,True
kimi25,S129,derogation,not_applicable,not_applicable,False,True,True
kimi25,S129,profiling,not_applicable,not_applicable,False,True,True
kimi25,S129,art50,yes,yes,False,True,True
kimi25,S130,art5,no,no,False,True,True
kimi25,S130,annex_i,no,no,False,True,True
kimi25,S130,annex_iii,none,none,False,True,True
kimi25,S130,derogation,not_applicable,not_applicable,False,True,True
kimi25,S130,profiling,not_applicable,not_applicable,False,True,True
kimi25,S130,art50,yes,yes,False,True,True
kimi25,S131,art5,yes,no,False,False,False
kimi25,S131,annex_i,no,no,False,True,False
kimi25,S131,annex_iii,none,none,False,True,False
kimi25,S131,derogation,not_applicable,not_applicable,False,True,False
kimi25,S131,profiling,not_applicable,not_applicable,False,True,False
kimi25,S131,art50,yes,yes,False,True,False
kimi25,S132,art5,no,no,False,True,True
kimi25,S132,annex_i,no,no,False,True,True
kimi25,S132,annex_iii,none,none,False,True,True
kimi25,S132,derogation,not_applicable,not_applicable,False,True,True
kimi25,S132,profiling,not_applicable,not_applicable,False,True,True
kimi25,S132,art50,yes,yes,False,True,True
kimi25,S133,art5,no,no,False,True,True
kimi25,S133,annex_i,no,no,False,True,True
kimi25,S133,annex_iii,none,none,False,True,True
kimi25,S133,derogation,not_applicable,not_applicable,False,True,True
kimi25,S133,profiling,not_applicable,not_applicable,False,True,True
kimi25,S133,art50,yes,yes,False,True,True
kimi25,S134,art5,no,no,False,True,True
kimi25,S134,annex_i,no,no,False,True,True
kimi25,S134,annex_iii,none,none,False,True,True
kimi25,S134,derogation,not_applicable,not_applicable,False,True,True
kimi25,S134,profiling,not_applicable,not_applicable,False,True,True
kimi25,S134,art50,yes,yes,False,True,True
kimi25,S135,art5,no,no,False,True,True
kimi25,S135,annex_i,no,no,False,True,True
kimi25,S135,annex_iii,none,none,False,True,True
kimi25,S135,derogation,not_applicable,not_applicable,False,True,True
kimi25,S135,profiling,not_applicable,not_applicable,False,True,True
kimi25,S135,art50,yes,yes,False,True,True
kimi25,S136,art5,no,no,False,True,True
kimi25,S136,annex_i,no,no,False,True,True
kimi25,S136,annex_iii,none,none,False,True,True
kimi25,S136,derogation,not_applicable,not_applicable,False,True,True
kimi25,S136,profiling,not_applicable,not_applicable,False,True,True
kimi25,S136,art50,yes,yes,False,True,True
kimi25,S137,art5,no,no,False,True,True
kimi25,S137,annex_i,no,no,False,True,True
kimi25,S137,annex_iii,none,none,False,True,True
kimi25,S137,derogation,not_applicable,not_applicable,False,True,True
kimi25,S137,profiling,not_applicable,not_applicable,False,True,True
kimi25,S137,art50,yes,yes,False,True,True
kimi25,S138,art5,no,no,False,True,True
kimi25,S138,annex_i,yes,yes,False,True,True
kimi25,S138,annex_iii,none,not_applicable,False,False,True
kimi25,S138,derogation,not_applicable,not_applicable,False,True,True
kimi25,S138,profiling,not_applicable,not_applicable,False,True,True
kimi25,S138,art50,no,no,False,True,True
kimi25,S139,art5,no,no,False,True,True
kimi25,S139,annex_i,no,no,False,True,True
kimi25,S139,annex_iii,none,none,False,True,True
kimi25,S139,derogation,not_applicable,not_applicable,False,True,True
kimi25,S139,profiling,not_applicable,not_applicable,False,True,True
kimi25,S139,art50,yes,yes,False,True,True
kimi25,S140,art5,no,no,False,True,False
kimi25,S140,annex_i,unclear,no,False,False,False
kimi25,S140,annex_iii,unclear,none,False,False,False
kimi25,S140,derogation,unclear,not_applicable,False,False,False
kimi25,S140,profiling,unclear,not_applicable,False,False,False
kimi25,S140,art50,unclear,yes,False,False,False
kimi25,S141,art5,no,no,False,True,True
kimi25,S141,annex_i,no,no,False,True,True
kimi25,S141,annex_iii,none,none,False,True,True
kimi25,S141,derogation,not_applicable,not_applicable,False,True,True
kimi25,S141,profiling,not_applicable,not_applicable,False,True,True
kimi25,S141,art50,yes,yes,False,True,True
kimi25,S142,art5,no,no,False,True,True
kimi25,S142,annex_i,yes,yes,False,True,True
kimi25,S142,annex_iii,none,none,False,True,True
kimi25,S142,derogation,not_applicable,not_applicable,False,True,True
kimi25,S142,profiling,not_applicable,not_applicable,False,True,True
kimi25,S142,art50,no,no,False,True,True
kimi25,S143,art5,yes,no,False,False,False
kimi25,S143,annex_i,no,no,False,True,False
kimi25,S143,annex_iii,none,none,False,True,False
kimi25,S143,derogation,not_applicable,not_applicable,False,True,False
kimi25,S143,profiling,not_applicable,not_applicable,False,True,False
kimi25,S143,art50,yes,yes,False,True,False
kimi25,S144,art5,no,no,False,True,True
kimi25,S144,annex_i,no,no,False,True,True
kimi25,S144,annex_iii,none,none,False,True,True
kimi25,S144,derogation,not_applicable,not_applicable,False,True,True
kimi25,S144,profiling,not_applicable,not_applicable,False,True,True
kimi25,S144,art50,no,no,False,True,True
kimi25,S145,art5,no,no,False,True,True
kimi25,S145,annex_i,no,no,False,True,True
kimi25,S145,annex_iii,none,none,False,True,True
kimi25,S145,derogation,not_applicable,not_applicable,False,True,True
kimi25,S145,profiling,not_applicable,not_applicable,False,True,True
kimi25,S145,art50,yes,yes,False,True,True
kimi25,S146,art5,no,no,False,True,True
kimi25,S146,annex_i,yes,yes,False,True,True
kimi25,S146,annex_iii,none,none,False,True,True
kimi25,S146,derogation,not_applicable,not_applicable,False,True,True
kimi25,S146,profiling,not_applicable,not_applicable,False,True,True
kimi25,S146,art50,no,no,False,True,True
kimi25,S147,art5,no,no,False,True,True
kimi25,S147,annex_i,no,no,False,True,True
kimi25,S147,annex_iii,none,none,False,True,True
kimi25,S147,derogation,not_applicable,not_applicable,False,True,True
kimi25,S147,profiling,not_applicable,not_applicable,False,True,True
kimi25,S147,art50,yes,yes,False,True,True
kimi25,S148,art5,no,no,False,True,True
kimi25,S148,annex_i,no,no,False,True,True
kimi25,S148,annex_iii,none,none,False,True,True
kimi25,S148,derogation,not_applicable,not_applicable,False,True,True
kimi25,S148,profiling,not_applicable,not_applicable,False,True,True
kimi25,S148,art50,yes,yes,False,True,True
kimi25,S149,art5,no,no,False,True,True
kimi25,S149,annex_i,no,no,False,True,True
kimi25,S149,annex_iii,none,none,False,True,True
kimi25,S149,derogation,not_applicable,not_applicable,False,True,True
kimi25,S149,profiling,not_applicable,not_applicable,False,True,True
kimi25,S149,art50,yes,yes,False,True,True
kimi25,S150,art5,no,no,False,True,True
kimi25,S150,annex_i,no,no,False,True,True
kimi25,S150,annex_iii,none,none,False,True,True
kimi25,S150,derogation,not_applicable,not_applicable,False,True,True
kimi25,S150,profiling,not_applicable,not_applicable,False,True,True
kimi25,S150,art50,yes,yes,False,True,True
kimi3,S001,art5,no,no,False,True,True
kimi3,S001,annex_i,no,no,False,True,True
kimi3,S001,annex_iii,none,none,False,True,True
kimi3,S001,derogation,not_applicable,not_applicable,False,True,True
kimi3,S001,profiling,not_applicable,not_applicable,False,True,True
kimi3,S001,art50,no,no,False,True,True
kimi3,S002,art5,no,no,False,True,True
kimi3,S002,annex_i,no,no,False,True,True
kimi3,S002,annex_iii,none,none,False,True,True
kimi3,S002,derogation,not_applicable,not_applicable,False,True,True
kimi3,S002,profiling,not_applicable,not_applicable,False,True,True
kimi3,S002,art50,yes,yes,False,True,True
kimi3,S003,art5,no,no,False,True,True
kimi3,S003,annex_i,no,no,False,True,True
kimi3,S003,annex_iii,none,none,False,True,True
kimi3,S003,derogation,not_applicable,not_applicable,False,True,True
kimi3,S003,profiling,not_applicable,not_applicable,False,True,True
kimi3,S003,art50,yes,yes,False,True,True
kimi3,S004,art5,no,no,False,True,True
kimi3,S004,annex_i,no,no,False,True,True
kimi3,S004,annex_iii,none,none,False,True,True
kimi3,S004,derogation,not_applicable,not_applicable,False,True,True
kimi3,S004,profiling,not_applicable,not_applicable,False,True,True
kimi3,S004,art50,yes,yes,False,True,True
kimi3,S005,art5,no,no,False,True,False
kimi3,S005,annex_i,no,no,False,True,False
kimi3,S005,annex_iii,migration,none,False,False,False
kimi3,S005,derogation,does_not_apply,not_applicable,False,False,False
kimi3,S005,profiling,no,not_applicable,False,False,False
kimi3,S005,art50,no,yes,False,False,False
kimi3,S006,art5,no,no,False,True,True
kimi3,S006,annex_i,no,no,False,True,True
kimi3,S006,annex_iii,essential_services,essential_services,False,True,True
kimi3,S006,derogation,does_not_apply,does_not_apply,False,True,True
kimi3,S006,profiling,yes,yes,False,True,True
kimi3,S006,art50,no,no,False,True,True
kimi3,S007,art5,no,no,False,True,False
kimi3,S007,annex_i,no,no,False,True,False
kimi3,S007,annex_iii,migration,none,False,False,False
kimi3,S007,derogation,does_not_apply,not_applicable,False,False,False
kimi3,S007,profiling,no,not_applicable,False,False,False
kimi3,S007,art50,no,no,False,True,False
kimi3,S008,art5,no,no,False,True,True
kimi3,S008,annex_i,yes,yes,False,True,True
kimi3,S008,annex_iii,none,none,False,True,True
kimi3,S008,derogation,not_applicable,not_applicable,False,True,True
kimi3,S008,profiling,not_applicable,not_applicable,False,True,True
kimi3,S008,art50,no,no,False,True,True
kimi3,S009,art5,no,no,False,True,True
kimi3,S009,annex_i,yes,yes,False,True,True
kimi3,S009,annex_iii,none,none,False,True,True
kimi3,S009,derogation,not_applicable,not_applicable,False,True,True
kimi3,S009,profiling,not_applicable,not_applicable,False,True,True
kimi3,S009,art50,no,no,False,True,True
kimi3,S010,art5,yes,yes,False,True,True
kimi3,S010,annex_i,no,no,False,True,True
kimi3,S010,annex_iii,biometrics,biometrics,False,True,True
kimi3,S010,derogation,not_applicable,not_applicable,False,True,True
kimi3,S010,profiling,not_applicable,yes,False,False,True
kimi3,S010,art50,yes,yes,False,True,True
kimi3,S011,art5,no,yes,False,False,False
kimi3,S011,annex_i,no,no,False,True,False
kimi3,S011,annex_iii,biometrics,biometrics,False,True,False
kimi3,S011,derogation,does_not_apply,not_applicable,False,False,False
kimi3,S011,profiling,no,not_applicable,False,False,False
kimi3,S011,art50,no,no,False,True,False
kimi3,S012,art5,no,no,False,True,True
kimi3,S012,annex_i,no,no,False,True,True
kimi3,S012,annex_iii,essential_services,essential_services,False,True,True
kimi3,S012,derogation,does_not_apply,does_not_apply,False,True,True
kimi3,S012,profiling,yes,yes,False,True,True
kimi3,S012,art50,no,no,False,True,True
kimi3,S013,art5,no,no,False,True,True
kimi3,S013,annex_i,no,no,False,True,True
kimi3,S013,annex_iii,law_enforcement,law_enforcement,False,True,True
kimi3,S013,derogation,does_not_apply,does_not_apply,False,True,True
kimi3,S013,profiling,no,no,False,True,True
kimi3,S013,art50,no,no,False,True,True
kimi3,S014,art5,no,no,False,True,True
kimi3,S014,annex_i,no,no,False,True,True
kimi3,S014,annex_iii,none,none,False,True,True
kimi3,S014,derogation,not_applicable,not_applicable,False,True,True
kimi3,S014,profiling,not_applicable,not_applicable,False,True,True
kimi3,S014,art50,no,no,False,True,True
kimi3,S015,art5,no,no,False,True,True
kimi3,S015,annex_i,no,no,False,True,True
kimi3,S015,annex_iii,none,none,False,True,True
kimi3,S015,derogation,not_applicable,not_applicable,False,True,True
kimi3,S015,profiling,not_applicable,not_applicable,False,True,True
kimi3,S015,art50,no,no,False,True,True
kimi3,S016,art5,no,no,False,True,True
kimi3,S016,annex_i,yes,yes,False,True,True
kimi3,S016,annex_iii,none,none,False,True,True
kimi3,S016,derogation,not_applicable,not_applicable,False,True,True
kimi3,S016,profiling,not_applicable,not_applicable,False,True,True
kimi3,S016,art50,no,no,False,True,True
kimi3,S017,art5,no,no,False,True,True
kimi3,S017,annex_i,no,no,False,True,True
kimi3,S017,annex_iii,biometrics,biometrics,False,True,True
kimi3,S017,derogation,does_not_apply,does_not_apply,False,True,True
kimi3,S017,profiling,no,no,False,True,True
kimi3,S017,art50,no,no,False,True,True
kimi3,S018,art5,no,no,False,True,True
kimi3,S018,annex_i,no,no,False,True,True
kimi3,S018,annex_iii,none,none,False,True,True
kimi3,S018,derogation,not_applicable,not_applicable,False,True,True
kimi3,S018,profiling,not_applicable,not_applicable,False,True,True
kimi3,S018,art50,yes,yes,False,True,True
kimi3,S020,art5,no,no,False,True,True
kimi3,S020,annex_i,no,no,False,True,True
kimi3,S020,annex_iii,none,none,False,True,True
kimi3,S020,derogation,not_applicable,not_applicable,False,True,True
kimi3,S020,profiling,not_applicable,not_applicable,False,True,True
kimi3,S020,art50,no,no,False,True,True
kimi3,S021,art5,no,no,False,True,True
kimi3,S021,annex_i,no,no,False,True,True
kimi3,S021,annex_iii,migration,migration,False,True,True
kimi3,S021,derogation,does_not_apply,does_not_apply,False,True,True
kimi3,S021,profiling,yes,yes,False,True,True
kimi3,S021,art50,no,no,False,True,True
kimi3,S022,art5,no,no,False,True,True
kimi3,S022,annex_i,no,no,False,True,True
kimi3,S022,annex_iii,biometrics,biometrics,False,True,True
kimi3,S022,derogation,does_not_apply,does_not_apply,False,True,True
kimi3,S022,profiling,no,no,False,True,True
kimi3,S022,art50,no,no,False,True,True
kimi3,S023,art5,no,no,False,True,True
kimi3,S023,annex_i,no,no,False,True,True
kimi3,S023,annex_iii,biometrics,biometrics,False,True,True
kimi3,S023,derogation,does_not_apply,does_not_apply,False,True,True
kimi3,S023,profiling,no,no,False,True,True
kimi3,S023,art50,no,no,False,True,True
kimi3,S024,art5,no,no,False,True,False
kimi3,S024,annex_i,no,no,False,True,False
kimi3,S024,annex_iii,none,education,False,False,False
kimi3,S024,derogation,not_applicable,does_not_apply,False,False,False
kimi3,S024,profiling,not_applicable,yes,False,False,False
kimi3,S024,art50,no,no,False,True,False
kimi3,S025,art5,yes,yes,False,True,True
kimi3,S025,annex_i,no,no,False,True,True
kimi3,S025,annex_iii,biometrics,biometrics,False,True,True
kimi3,S025,derogation,not_applicable,not_applicable,False,True,True
kimi3,S025,profiling,not_applicable,not_applicable,False,True,True
kimi3,S025,art50,no,no,False,True,True
kimi3,S027,art5,no,no,False,True,True
kimi3,S027,annex_i,no,no,False,True,True
kimi3,S027,annex_iii,migration,migration,False,True,True
kimi3,S027,derogation,does_not_apply,does_not_apply,False,True,True
kimi3,S027,profiling,yes,yes,False,True,True
kimi3,S027,art50,no,no,False,True,True
kimi3,S029,art5,no,no,False,True,True
kimi3,S029,annex_i,no,no,False,True,True
kimi3,S029,annex_iii,none,none,False,True,True
kimi3,S029,derogation,not_applicable,not_applicable,False,True,True
kimi3,S029,profiling,not_applicable,not_applicable,False,True,True
kimi3,S029,art50,yes,yes,False,True,True
kimi3,S030,art5,no,no,False,True,True
kimi3,S030,annex_i,yes,yes,False,True,True
kimi3,S030,annex_iii,none,none,False,True,True
kimi3,S030,derogation,not_applicable,not_applicable,False,True,True
kimi3,S030,profiling,not_applicable,not_applicable,False,True,True
kimi3,S030,art50,no,no,False,True,True
kimi3,S031,art5,no,no,False,True,True
kimi3,S031,annex_i,no,no,False,True,True
kimi3,S031,annex_iii,biometrics,biometrics,False,True,True
kimi3,S031,derogation,does_not_apply,does_not_apply,False,True,True
kimi3,S031,profiling,yes,yes,False,True,True
kimi3,S031,art50,yes,yes,False,True,True
kimi3,S032,art5,unclear,yes,False,False,False
kimi3,S032,annex_i,no,no,False,True,False
kimi3,S032,annex_iii,biometrics,biometrics,False,True,False
kimi3,S032,derogation,does_not_apply,not_applicable,False,False,False
kimi3,S032,profiling,no,not_applicable,False,False,False
kimi3,S032,art50,no,no,False,True,False
kimi3,S033,art5,no,yes,False,False,False
kimi3,S033,annex_i,no,no,False,True,False
kimi3,S033,annex_iii,biometrics,biometrics,False,True,False
kimi3,S033,derogation,does_not_apply,not_applicable,False,False,False
kimi3,S033,profiling,no,not_applicable,False,False,False
kimi3,S033,art50,no,no,False,True,False
kimi3,S034,art5,no,no,False,True,True
kimi3,S034,annex_i,no,no,False,True,True
kimi3,S034,annex_iii,employment,employment,False,True,True
kimi3,S034,derogation,does_not_apply,does_not_apply,False,True,True
kimi3,S034,profiling,yes,yes,False,True,True
kimi3,S034,art50,no,no,False,True,True
kimi3,S035,art5,no,no,False,True,True
kimi3,S035,annex_i,no,no,False,True,True
kimi3,S035,annex_iii,none,none,False,True,True
kimi3,S035,derogation,not_applicable,not_applicable,False,True,True
kimi3,S035,profiling,not_applicable,not_applicable,False,True,True
kimi3,S035,art50,yes,yes,False,True,True
kimi3,S036,art5,no,no,False,True,True
kimi3,S036,annex_i,no,no,False,True,True
kimi3,S036,annex_iii,education,education,False,True,True
kimi3,S036,derogation,does_not_apply,does_not_apply,False,True,True
kimi3,S036,profiling,yes,yes,False,True,True
kimi3,S036,art50,no,no,False,True,True
kimi3,S037,art5,no,no,False,True,True
kimi3,S037,annex_i,yes,yes,False,True,True
kimi3,S037,annex_iii,none,none,False,True,True
kimi3,S037,derogation,not_applicable,not_applicable,False,True,True
kimi3,S037,profiling,not_applicable,not_applicable,False,True,True
kimi3,S037,art50,no,no,False,True,True
kimi3,S038,art5,no,no,False,True,True
kimi3,S038,annex_i,no,no,False,True,True
kimi3,S038,annex_iii,none,none,False,True,True
kimi3,S038,derogation,not_applicable,not_applicable,False,True,True
kimi3,S038,profiling,not_applicable,not_applicable,False,True,True
kimi3,S038,art50,no,no,False,True,True
kimi3,S039,art5,no,no,False,True,True
kimi3,S039,annex_i,no,no,False,True,True
kimi3,S039,annex_iii,migration,migration,False,True,True
kimi3,S039,derogation,does_not_apply,does_not_apply,False,True,True
kimi3,S039,profiling,yes,no,False,False,True
kimi3,S039,art50,no,no,False,True,True
kimi3,S040,art5,no,no,False,True,True
kimi3,S040,annex_i,no,no,False,True,True
kimi3,S040,annex_iii,none,none,False,True,True
kimi3,S040,derogation,not_applicable,not_applicable,False,True,True
kimi3,S040,profiling,not_applicable,not_applicable,False,True,True
kimi3,S040,art50,no,no,False,True,True
kimi3,S042,art5,no,no,False,True,True
kimi3,S042,annex_i,yes,yes,False,True,True
kimi3,S042,annex_iii,none,none,False,True,True
kimi3,S042,derogation,not_applicable,not_applicable,False,True,True
kimi3,S042,profiling,not_applicable,not_applicable,False,True,True
kimi3,S042,art50,no,no,False,True,True
kimi3,S043,art5,no,no,False,True,True
kimi3,S043,annex_i,no,no,False,True,True
kimi3,S043,annex_iii,migration,migration,False,True,True
kimi3,S043,derogation,does_not_apply,does_not_apply,False,True,True
kimi3,S043,profiling,no,no,False,True,True
kimi3,S043,art50,no,no,False,True,True
kimi3,S044,art5,no,no,False,True,True
kimi3,S044,annex_i,no,no,False,True,True
kimi3,S044,annex_iii,none,none,False,True,True
kimi3,S044,derogation,not_applicable,not_applicable,False,True,True
kimi3,S044,profiling,not_applicable,not_applicable,False,True,True
kimi3,S044,art50,yes,yes,False,True,True
kimi3,S045,art5,no,no,False,True,True
kimi3,S045,annex_i,no,no,False,True,True
kimi3,S045,annex_iii,none,none,False,True,True
kimi3,S045,derogation,not_applicable,not_applicable,False,True,True
kimi3,S045,profiling,not_applicable,not_applicable,False,True,True
kimi3,S045,art50,yes,yes,False,True,True
kimi3,S046,art5,no,no,False,True,True
kimi3,S046,annex_i,no,no,False,True,True
kimi3,S046,annex_iii,essential_services,essential_services,False,True,True
kimi3,S046,derogation,does_not_apply,does_not_apply,False,True,True
kimi3,S046,profiling,not_applicable,yes,False,False,True
kimi3,S046,art50,no,no,False,True,True
kimi3,S047,art5,no,no,False,True,True
kimi3,S047,annex_i,no,no,False,True,True
kimi3,S047,annex_iii,biometrics,law_enforcement,False,False,True
kimi3,S047,derogation,does_not_apply,does_not_apply,False,True,True
kimi3,S047,profiling,no,no,False,True,True
kimi3,S047,art50,no,no,False,True,True
kimi3,S048,art5,no,no,False,True,True
kimi3,S048,annex_i,no,no,False,True,True
kimi3,S048,annex_iii,none,none,False,True,True
kimi3,S048,derogation,not_applicable,not_applicable,False,True,True
kimi3,S048,profiling,not_applicable,not_applicable,False,True,True
kimi3,S048,art50,yes,yes,False,True,True
kimi3,S049,art5,no,no,False,True,False
kimi3,S049,annex_i,no,no,False,True,False
kimi3,S049,annex_iii,migration,migration,False,True,False
kimi3,S049,derogation,does_not_apply,applies,False,False,False
kimi3,S049,profiling,no,no,False,True,False
kimi3,S049,art50,yes,no,False,False,False
kimi3,S050,art5,no,no,False,True,True
kimi3,S050,annex_i,yes,yes,False,True,True
kimi3,S050,annex_iii,none,none,False,True,True
kimi3,S050,derogation,not_applicable,not_applicable,False,True,True
kimi3,S050,profiling,not_applicable,not_applicable,False,True,True
kimi3,S050,art50,no,no,False,True,True
kimi3,S051,art5,no,no,False,True,True
kimi3,S051,annex_i,no,no,False,True,True
kimi3,S051,annex_iii,essential_services,essential_services,False,True,True
kimi3,S051,derogation,does_not_apply,does_not_apply,False,True,True
kimi3,S051,profiling,yes,yes,False,True,True
kimi3,S051,art50,no,no,False,True,True
kimi3,S052,art5,no,no,False,True,True
kimi3,S052,annex_i,yes,yes,False,True,True
kimi3,S052,annex_iii,none,none,False,True,True
kimi3,S052,derogation,not_applicable,not_applicable,False,True,True
kimi3,S052,profiling,not_applicable,not_applicable,False,True,True
kimi3,S052,art50,no,no,False,True,True
kimi3,S053,art5,unclear,no,False,False,True
kimi3,S053,annex_i,no,no,False,True,True
kimi3,S053,annex_iii,none,none,False,True,True
kimi3,S053,derogation,not_applicable,not_applicable,False,True,True
kimi3,S053,profiling,not_applicable,not_applicable,False,True,True
kimi3,S053,art50,yes,yes,False,True,True
kimi3,S054,art5,no,no,False,True,True
kimi3,S054,annex_i,no,no,False,True,True
kimi3,S054,annex_iii,employment,employment,False,True,True
kimi3,S054,derogation,does_not_apply,does_not_apply,False,True,True
kimi3,S054,profiling,yes,yes,False,True,True
kimi3,S054,art50,no,no,False,True,True
kimi3,S055,art5,no,no,False,True,True
kimi3,S055,annex_i,no,no,False,True,True
kimi3,S055,annex_iii,none,none,False,True,True
kimi3,S055,derogation,not_applicable,not_applicable,False,True,True
kimi3,S055,profiling,not_applicable,not_applicable,False,True,True
kimi3,S055,art50,no,no,False,True,True
kimi3,S056,art5,unclear,no,False,False,True
kimi3,S056,annex_i,no,no,False,True,True
kimi3,S056,annex_iii,none,none,False,True,True
kimi3,S056,derogation,not_applicable,not_applicable,False,True,True
kimi3,S056,profiling,not_applicable,not_applicable,False,True,True
kimi3,S056,art50,yes,yes,False,True,True
kimi3,S057,art5,no,unclear,False,False,False
kimi3,S057,annex_i,no,unclear,False,False,False
kimi3,S057,annex_iii,none,unclear,False,False,False
kimi3,S057,derogation,not_applicable,unclear,False,False,False
kimi3,S057,profiling,not_applicable,unclear,False,False,False
kimi3,S057,art50,yes,unclear,False,False,False
kimi3,S058,art5,no,no,False,True,True
kimi3,S058,annex_i,no,no,False,True,True
kimi3,S058,annex_iii,none,none,False,True,True
kimi3,S058,derogation,not_applicable,not_applicable,False,True,True
kimi3,S058,profiling,not_applicable,not_applicable,False,True,True
kimi3,S058,art50,no,no,False,True,True
kimi3,S060,art5,no,no,False,True,True
kimi3,S060,annex_i,no,no,False,True,True
kimi3,S060,annex_iii,biometrics,biometrics,False,True,True
kimi3,S060,derogation,does_not_apply,does_not_apply,False,True,True
kimi3,S060,profiling,yes,yes,False,True,True
kimi3,S060,art50,no,no,False,True,True
kimi3,S061,art5,no,no,False,True,True
kimi3,S061,annex_i,no,no,False,True,True
kimi3,S061,annex_iii,biometrics,biometrics,False,True,True
kimi3,S061,derogation,does_not_apply,does_not_apply,False,True,True
kimi3,S061,profiling,yes,not_applicable,False,False,True
kimi3,S061,art50,no,no,False,True,True
kimi3,S062,art5,no,no,False,True,True
kimi3,S062,annex_i,yes,yes,False,True,True
kimi3,S062,annex_iii,none,none,False,True,True
kimi3,S062,derogation,not_applicable,not_applicable,False,True,True
kimi3,S062,profiling,not_applicable,not_applicable,False,True,True
kimi3,S062,art50,no,no,False,True,True
kimi3,S063,art5,no,no,False,True,True
kimi3,S063,annex_i,no,no,False,True,True
kimi3,S063,annex_iii,none,none,False,True,True
kimi3,S063,derogation,not_applicable,not_applicable,False,True,True
kimi3,S063,profiling,not_applicable,not_applicable,False,True,True
kimi3,S063,art50,yes,yes,False,True,True
kimi3,S064,art5,no,no,False,True,True
kimi3,S064,annex_i,no,no,False,True,True
kimi3,S064,annex_iii,none,none,False,True,True
kimi3,S064,derogation,not_applicable,not_applicable,False,True,True
kimi3,S064,profiling,not_applicable,not_applicable,False,True,True
kimi3,S064,art50,yes,yes,False,True,True
kimi3,S065,art5,no,no,False,True,True
kimi3,S065,annex_i,no,no,False,True,True
kimi3,S065,annex_iii,none,none,False,True,True
kimi3,S065,derogation,not_applicable,not_applicable,False,True,True
kimi3,S065,profiling,not_applicable,not_applicable,False,True,True
kimi3,S065,art50,yes,yes,False,True,True
kimi3,S066,art5,no,no,False,True,True
kimi3,S066,annex_i,no,no,False,True,True
kimi3,S066,annex_iii,justice_democracy,justice_democracy,False,True,True
kimi3,S066,derogation,does_not_apply,does_not_apply,False,True,True
kimi3,S066,profiling,no,no,False,True,True
kimi3,S066,art50,yes,yes,False,True,True
kimi3,S068,art5,no,no,False,True,False
kimi3,S068,annex_i,no,no,False,True,False
kimi3,S068,annex_iii,none,justice_democracy,False,False,False
kimi3,S068,derogation,not_applicable,does_not_apply,False,False,False
kimi3,S068,profiling,not_applicable,no,False,False,False
kimi3,S068,art50,yes,yes,False,True,False
kimi3,S069,art5,yes,no,False,False,False
kimi3,S069,annex_i,no,no,False,True,False
kimi3,S069,annex_iii,none,none,False,True,False
kimi3,S069,derogation,not_applicable,not_applicable,False,True,False
kimi3,S069,profiling,not_applicable,not_applicable,False,True,False
kimi3,S069,art50,yes,yes,False,True,False
kimi3,S070,art5,no,no,False,True,True
kimi3,S070,annex_i,yes,yes,False,True,True
kimi3,S070,annex_iii,none,none,False,True,True
kimi3,S070,derogation,not_applicable,not_applicable,False,True,True
kimi3,S070,profiling,not_applicable,not_applicable,False,True,True
kimi3,S070,art50,no,no,False,True,True
kimi3,S071,art5,no,no,False,True,True
kimi3,S071,annex_i,yes,yes,False,True,True
kimi3,S071,annex_iii,none,none,False,True,True
kimi3,S071,derogation,not_applicable,not_applicable,False,True,True
kimi3,S071,profiling,not_applicable,not_applicable,False,True,True
kimi3,S071,art50,no,no,False,True,True
kimi3,S072,art5,unclear,no,False,False,False
kimi3,S072,annex_i,unclear,no,False,False,False
kimi3,S072,annex_iii,unclear,none,False,False,False
kimi3,S072,derogation,unclear,not_applicable,False,False,False
kimi3,S072,profiling,unclear,not_applicable,False,False,False
kimi3,S072,art50,unclear,yes,False,False,False
kimi3,S073,art5,no,no,False,True,True
kimi3,S073,annex_i,no,no,False,True,True
kimi3,S073,annex_iii,essential_services,essential_services,False,True,True
kimi3,S073,derogation,does_not_apply,does_not_apply,False,True,True
kimi3,S073,profiling,yes,yes,False,True,True
kimi3,S073,art50,no,no,False,True,True
kimi3,S074,art5,no,no,False,True,True
kimi3,S074,annex_i,no,no,False,True,True
kimi3,S074,annex_iii,none,none,False,True,True
kimi3,S074,derogation,not_applicable,not_applicable,False,True,True
kimi3,S074,profiling,not_applicable,not_applicable,False,True,True
kimi3,S074,art50,yes,yes,False,True,True
kimi3,S075,art5,no,no,False,True,True
kimi3,S075,annex_i,no,no,False,True,True
kimi3,S075,annex_iii,none,none,False,True,True
kimi3,S075,derogation,not_applicable,not_applicable,False,True,True
kimi3,S075,profiling,not_applicable,not_applicable,False,True,True
kimi3,S075,art50,yes,yes,False,True,True
kimi3,S076,art5,no,no,False,True,True
kimi3,S076,annex_i,no,no,False,True,True
kimi3,S076,annex_iii,none,none,False,True,True
kimi3,S076,derogation,not_applicable,not_applicable,False,True,True
kimi3,S076,profiling,not_applicable,not_applicable,False,True,True
kimi3,S076,art50,yes,yes,False,True,True
kimi3,S077,art5,no,no,False,True,True
kimi3,S077,annex_i,no,no,False,True,True
kimi3,S077,annex_iii,none,none,False,True,True
kimi3,S077,derogation,not_applicable,not_applicable,False,True,True
kimi3,S077,profiling,not_applicable,not_applicable,False,True,True
kimi3,S077,art50,yes,yes,False,True,True
kimi3,S078,art5,no,yes,False,False,False
kimi3,S078,annex_i,no,no,False,True,False
kimi3,S078,annex_iii,none,none,False,True,False
kimi3,S078,derogation,not_applicable,not_applicable,False,True,False
kimi3,S078,profiling,not_applicable,not_applicable,False,True,False
kimi3,S078,art50,yes,yes,False,True,False
kimi3,S079,art5,no,no,False,True,True
kimi3,S079,annex_i,no,no,False,True,True
kimi3,S079,annex_iii,none,none,False,True,True
kimi3,S079,derogation,not_applicable,not_applicable,False,True,True
kimi3,S079,profiling,not_applicable,not_applicable,False,True,True
kimi3,S079,art50,yes,yes,False,True,True
kimi3,S080,art5,no,no,False,True,True
kimi3,S080,annex_i,no,no,False,True,True
kimi3,S080,annex_iii,none,none,False,True,True
kimi3,S080,derogation,not_applicable,not_applicable,False,True,True
kimi3,S080,profiling,not_applicable,not_applicable,False,True,True
kimi3,S080,art50,yes,yes,False,True,True
kimi3,S081,art5,no,no,False,True,True
kimi3,S081,annex_i,no,no,False,True,True
kimi3,S081,annex_iii,law_enforcement,law_enforcement,False,True,True
kimi3,S081,derogation,does_not_apply,does_not_apply,False,True,True
kimi3,S081,profiling,yes,yes,False,True,True
kimi3,S081,art50,no,no,False,True,True
kimi3,S082,art5,no,no,False,True,True
kimi3,S082,annex_i,no,no,False,True,True
kimi3,S082,annex_iii,essential_services,essential_services,False,True,True
kimi3,S082,derogation,does_not_apply,does_not_apply,False,True,True
kimi3,S082,profiling,yes,yes,False,True,True
kimi3,S082,art50,no,no,False,True,True
kimi3,S083,art5,no,yes,False,False,False
kimi3,S083,annex_i,no,no,False,True,False
kimi3,S083,annex_iii,none,none,False,True,False
kimi3,S083,derogation,not_applicable,not_applicable,False,True,False
kimi3,S083,profiling,not_applicable,not_applicable,False,True,False
kimi3,S083,art50,yes,yes,False,True,False
kimi3,S084,art5,no,yes,False,False,False
kimi3,S084,annex_i,no,no,False,True,False
kimi3,S084,annex_iii,none,none,False,True,False
kimi3,S084,derogation,not_applicable,not_applicable,False,True,False
kimi3,S084,profiling,not_applicable,not_applicable,False,True,False
kimi3,S084,art50,yes,yes,False,True,False
kimi3,S085,art5,no,yes,False,False,False
kimi3,S085,annex_i,no,no,False,True,False
kimi3,S085,annex_iii,none,none,False,True,False
kimi3,S085,derogation,not_applicable,not_applicable,False,True,False
kimi3,S085,profiling,not_applicable,not_applicable,False,True,False
kimi3,S085,art50,yes,yes,False,True,False
kimi3,S086,art5,no,no,False,True,True
kimi3,S086,annex_i,no,no,False,True,True
kimi3,S086,annex_iii,none,none,False,True,True
kimi3,S086,derogation,not_applicable,not_applicable,False,True,True
kimi3,S086,profiling,not_applicable,not_applicable,False,True,True
kimi3,S086,art50,yes,yes,False,True,True
kimi3,S087,art5,no,yes,False,False,False
kimi3,S087,annex_i,no,no,False,True,False
kimi3,S087,annex_iii,none,none,False,True,False
kimi3,S087,derogation,not_applicable,not_applicable,False,True,False
kimi3,S087,profiling,not_applicable,not_applicable,False,True,False
kimi3,S087,art50,yes,yes,False,True,False
kimi3,S088,art5,no,yes,False,False,False
kimi3,S088,annex_i,no,no,False,True,False
kimi3,S088,annex_iii,none,none,False,True,False
kimi3,S088,derogation,not_applicable,not_applicable,False,True,False
kimi3,S088,profiling,not_applicable,not_applicable,False,True,False
kimi3,S088,art50,yes,yes,False,True,False
kimi3,S089,art5,no,no,False,True,True
kimi3,S089,annex_i,no,no,False,True,True
kimi3,S089,annex_iii,none,none,False,True,True
kimi3,S089,derogation,not_applicable,not_applicable,False,True,True
kimi3,S089,profiling,not_applicable,not_applicable,False,True,True
kimi3,S089,art50,yes,yes,False,True,True
kimi3,S090,art5,no,no,False,True,True
kimi3,S090,annex_i,yes,yes,False,True,True
kimi3,S090,annex_iii,none,none,False,True,True
kimi3,S090,derogation,not_applicable,not_applicable,False,True,True
kimi3,S090,profiling,not_applicable,not_applicable,False,True,True
kimi3,S090,art50,no,no,False,True,True
kimi3,S091,art5,no,yes,False,False,False
kimi3,S091,annex_i,no,no,False,True,False
kimi3,S091,annex_iii,none,none,False,True,False
kimi3,S091,derogation,not_applicable,not_applicable,False,True,False
kimi3,S091,profiling,not_applicable,not_applicable,False,True,False
kimi3,S091,art50,yes,yes,False,True,False
kimi3,S092,art5,unclear,no,False,False,True
kimi3,S092,annex_i,no,no,False,True,True
kimi3,S092,annex_iii,none,none,False,True,True
kimi3,S092,derogation,not_applicable,not_applicable,False,True,True
kimi3,S092,profiling,not_applicable,not_applicable,False,True,True
kimi3,S092,art50,yes,yes,False,True,True
kimi3,S093,art5,yes,yes,False,True,True
kimi3,S093,annex_i,no,no,False,True,True
kimi3,S093,annex_iii,none,none,False,True,True
kimi3,S093,derogation,not_applicable,not_applicable,False,True,True
kimi3,S093,profiling,not_applicable,not_applicable,False,True,True
kimi3,S093,art50,yes,yes,False,True,True
kimi3,S094,art5,no,no,False,True,True
kimi3,S094,annex_i,no,no,False,True,True
kimi3,S094,annex_iii,none,none,False,True,True
kimi3,S094,derogation,not_applicable,not_applicable,False,True,True
kimi3,S094,profiling,not_applicable,not_applicable,False,True,True
kimi3,S094,art50,yes,yes,False,True,True
kimi3,S095,art5,yes,no,False,False,False
kimi3,S095,annex_i,no,no,False,True,False
kimi3,S095,annex_iii,none,none,False,True,False
kimi3,S095,derogation,not_applicable,not_applicable,False,True,False
kimi3,S095,profiling,not_applicable,not_applicable,False,True,False
kimi3,S095,art50,yes,yes,False,True,False
kimi3,S096,art5,no,no,False,True,True
kimi3,S096,annex_i,no,no,False,True,True
kimi3,S096,annex_iii,none,none,False,True,True
kimi3,S096,derogation,not_applicable,not_applicable,False,True,True
kimi3,S096,profiling,not_applicable,not_applicable,False,True,True
kimi3,S096,art50,yes,yes,False,True,True
kimi3,S097,art5,no,no,False,True,True
kimi3,S097,annex_i,no,no,False,True,True
kimi3,S097,annex_iii,none,none,False,True,True
kimi3,S097,derogation,not_applicable,not_applicable,False,True,True
kimi3,S097,profiling,not_applicable,not_applicable,False,True,True
kimi3,S097,art50,yes,yes,False,True,True
kimi3,S098,art5,no,no,False,True,True
kimi3,S098,annex_i,no,no,False,True,True
kimi3,S098,annex_iii,none,none,False,True,True
kimi3,S098,derogation,not_applicable,not_applicable,False,True,True
kimi3,S098,profiling,not_applicable,not_applicable,False,True,True
kimi3,S098,art50,yes,yes,False,True,True
kimi3,S099,art5,no,no,False,True,True
kimi3,S099,annex_i,no,no,False,True,True
kimi3,S099,annex_iii,none,none,False,True,True
kimi3,S099,derogation,not_applicable,not_applicable,False,True,True
kimi3,S099,profiling,not_applicable,not_applicable,False,True,True
kimi3,S099,art50,yes,yes,False,True,True
kimi3,S100,art5,no,no,False,True,True
kimi3,S100,annex_i,no,no,False,True,True
kimi3,S100,annex_iii,none,none,False,True,True
kimi3,S100,derogation,not_applicable,not_applicable,False,True,True
kimi3,S100,profiling,not_applicable,not_applicable,False,True,True
kimi3,S100,art50,no,no,False,True,True
kimi3,S101,art5,no,no,False,True,True
kimi3,S101,annex_i,no,no,False,True,True
kimi3,S101,annex_iii,none,none,False,True,True
kimi3,S101,derogation,not_applicable,not_applicable,False,True,True
kimi3,S101,profiling,not_applicable,not_applicable,False,True,True
kimi3,S101,art50,yes,yes,False,True,True
kimi3,S102,art5,no,yes,False,False,False
kimi3,S102,annex_i,no,no,False,True,False
kimi3,S102,annex_iii,none,none,False,True,False
kimi3,S102,derogation,not_applicable,not_applicable,False,True,False
kimi3,S102,profiling,not_applicable,not_applicable,False,True,False
kimi3,S102,art50,yes,yes,False,True,False
kimi3,S103,art5,no,no,False,True,True
kimi3,S103,annex_i,no,no,False,True,True
kimi3,S103,annex_iii,none,none,False,True,True
kimi3,S103,derogation,not_applicable,not_applicable,False,True,True
kimi3,S103,profiling,not_applicable,not_applicable,False,True,True
kimi3,S103,art50,yes,yes,False,True,True
kimi3,S104,art5,no,yes,False,False,False
kimi3,S104,annex_i,no,no,False,True,False
kimi3,S104,annex_iii,none,none,False,True,False
kimi3,S104,derogation,not_applicable,not_applicable,False,True,False
kimi3,S104,profiling,not_applicable,not_applicable,False,True,False
kimi3,S104,art50,yes,yes,False,True,False
kimi3,S105,art5,no,no,False,True,True
kimi3,S105,annex_i,no,no,False,True,True
kimi3,S105,annex_iii,none,none,False,True,True
kimi3,S105,derogation,not_applicable,not_applicable,False,True,True
kimi3,S105,profiling,not_applicable,not_applicable,False,True,True
kimi3,S105,art50,yes,yes,False,True,True
kimi3,S106,art5,yes,no,False,False,False
kimi3,S106,annex_i,no,no,False,True,False
kimi3,S106,annex_iii,none,none,False,True,False
kimi3,S106,derogation,not_applicable,not_applicable,False,True,False
kimi3,S106,profiling,not_applicable,not_applicable,False,True,False
kimi3,S106,art50,yes,yes,False,True,False
kimi3,S107,art5,no,no,False,True,True
kimi3,S107,annex_i,no,no,False,True,True
kimi3,S107,annex_iii,none,none,False,True,True
kimi3,S107,derogation,not_applicable,not_applicable,False,True,True
kimi3,S107,profiling,not_applicable,not_applicable,False,True,True
kimi3,S107,art50,yes,yes,False,True,True
kimi3,S108,art5,no,yes,False,False,False
kimi3,S108,annex_i,no,no,False,True,False
kimi3,S108,annex_iii,none,none,False,True,False
kimi3,S108,derogation,not_applicable,not_applicable,False,True,False
kimi3,S108,profiling,not_applicable,not_applicable,False,True,False
kimi3,S108,art50,yes,yes,False,True,False
kimi3,S109,art5,no,no,False,True,True
kimi3,S109,annex_i,no,no,False,True,True
kimi3,S109,annex_iii,none,none,False,True,True
kimi3,S109,derogation,not_applicable,not_applicable,False,True,True
kimi3,S109,profiling,not_applicable,not_applicable,False,True,True
kimi3,S109,art50,yes,yes,False,True,True
kimi3,S110,art5,no,no,False,True,False
kimi3,S110,annex_i,unclear,yes,False,False,False
kimi3,S110,annex_iii,none,none,False,True,False
kimi3,S110,derogation,not_applicable,not_applicable,False,True,False
kimi3,S110,profiling,not_applicable,not_applicable,False,True,False
kimi3,S110,art50,yes,yes,False,True,False
kimi3,S111,art5,no,no,False,True,True
kimi3,S111,annex_i,no,no,False,True,True
kimi3,S111,annex_iii,none,none,False,True,True
kimi3,S111,derogation,not_applicable,not_applicable,False,True,True
kimi3,S111,profiling,not_applicable,not_applicable,False,True,True
kimi3,S111,art50,yes,yes,False,True,True
kimi3,S112,art5,no,no,False,True,True
kimi3,S112,annex_i,no,no,False,True,True
kimi3,S112,annex_iii,none,none,False,True,True
kimi3,S112,derogation,not_applicable,not_applicable,False,True,True
kimi3,S112,profiling,not_applicable,not_applicable,False,True,True
kimi3,S112,art50,yes,yes,False,True,True
kimi3,S113,art5,no,no,False,True,False
kimi3,S113,annex_i,no,no,False,True,False
kimi3,S113,annex_iii,none,none,False,True,False
kimi3,S113,derogation,not_applicable,not_applicable,False,True,False
kimi3,S113,profiling,not_applicable,not_applicable,False,True,False
kimi3,S113,art50,yes,no,False,False,False
kimi3,S114,art5,no,yes,False,False,False
kimi3,S114,annex_i,no,no,False,True,False
kimi3,S114,annex_iii,none,none,False,True,False
kimi3,S114,derogation,not_applicable,not_applicable,False,True,False
kimi3,S114,profiling,not_applicable,not_applicable,False,True,False
kimi3,S114,art50,yes,yes,False,True,False
kimi3,S115,art5,no,yes,False,False,False
kimi3,S115,annex_i,no,no,False,True,False
kimi3,S115,annex_iii,none,none,False,True,False
kimi3,S115,derogation,not_applicable,not_applicable,False,True,False
kimi3,S115,profiling,not_applicable,not_applicable,False,True,False
kimi3,S115,art50,yes,yes,False,True,False
kimi3,S116,art5,no,yes,False,False,False
kimi3,S116,annex_i,no,no,False,True,False
kimi3,S116,annex_iii,none,none,False,True,False
kimi3,S116,derogation,not_applicable,not_applicable,False,True,False
kimi3,S116,profiling,not_applicable,not_applicable,False,True,False
kimi3,S116,art50,yes,yes,False,True,False
kimi3,S117,art5,no,no,False,True,True
kimi3,S117,annex_i,no,no,False,True,True
kimi3,S117,annex_iii,none,none,False,True,True
kimi3,S117,derogation,not_applicable,not_applicable,False,True,True
kimi3,S117,profiling,not_applicable,not_applicable,False,True,True
kimi3,S117,art50,yes,yes,False,True,True
kimi3,S118,art5,no,no,False,True,True
kimi3,S118,annex_i,no,no,False,True,True
kimi3,S118,annex_iii,none,none,False,True,True
kimi3,S118,derogation,not_applicable,not_applicable,False,True,True
kimi3,S118,profiling,not_applicable,not_applicable,False,True,True
kimi3,S118,art50,yes,yes,False,True,True
kimi3,S119,art5,no,no,False,True,True
kimi3,S119,annex_i,no,no,False,True,True
kimi3,S119,annex_iii,none,none,False,True,True
kimi3,S119,derogation,not_applicable,not_applicable,False,True,True
kimi3,S119,profiling,not_applicable,not_applicable,False,True,True
kimi3,S119,art50,yes,yes,False,True,True
kimi3,S120,art5,no,no,False,True,True
kimi3,S120,annex_i,no,no,False,True,True
kimi3,S120,annex_iii,law_enforcement,none,False,False,True
kimi3,S120,derogation,applies,not_applicable,False,False,True
kimi3,S120,profiling,no,not_applicable,False,False,True
kimi3,S120,art50,yes,yes,False,True,True
kimi3,S121,art5,no,yes,False,False,False
kimi3,S121,annex_i,no,no,False,True,False
kimi3,S121,annex_iii,none,none,False,True,False
kimi3,S121,derogation,not_applicable,not_applicable,False,True,False
kimi3,S121,profiling,not_applicable,not_applicable,False,True,False
kimi3,S121,art50,yes,yes,False,True,False
kimi3,S122,art5,no,no,False,True,True
kimi3,S122,annex_i,no,no,False,True,True
kimi3,S122,annex_iii,none,none,False,True,True
kimi3,S122,derogation,not_applicable,not_applicable,False,True,True
kimi3,S122,profiling,not_applicable,not_applicable,False,True,True
kimi3,S122,art50,yes,yes,False,True,True
kimi3,S123,art5,yes,yes,False,True,True
kimi3,S123,annex_i,no,no,False,True,True
kimi3,S123,annex_iii,biometrics,biometrics,False,True,True
kimi3,S123,derogation,not_applicable,not_applicable,False,True,True
kimi3,S123,profiling,not_applicable,no,False,False,True
kimi3,S123,art50,no,no,False,True,True
kimi3,S124,art5,no,yes,False,False,False
kimi3,S124,annex_i,no,no,False,True,False
kimi3,S124,annex_iii,none,none,False,True,False
kimi3,S124,derogation,not_applicable,not_applicable,False,True,False
kimi3,S124,profiling,not_applicable,not_applicable,False,True,False
kimi3,S124,art50,yes,yes,False,True,False
kimi3,S125,art5,no,yes,False,False,False
kimi3,S125,annex_i,no,no,False,True,False
kimi3,S125,annex_iii,none,none,False,True,False
kimi3,S125,derogation,not_applicable,not_applicable,False,True,False
kimi3,S125,profiling,not_applicable,not_applicable,False,True,False
kimi3,S125,art50,yes,yes,False,True,False
kimi3,S126,art5,no,no,False,True,True
kimi3,S126,annex_i,no,no,False,True,True
kimi3,S126,annex_iii,none,none,False,True,True
kimi3,S126,derogation,not_applicable,not_applicable,False,True,True
kimi3,S126,profiling,not_applicable,not_applicable,False,True,True
kimi3,S126,art50,yes,yes,False,True,True
kimi3,S127,art5,yes,yes,False,True,True
kimi3,S127,annex_i,no,no,False,True,True
kimi3,S127,annex_iii,none,none,False,True,True
kimi3,S127,derogation,not_applicable,not_applicable,False,True,True
kimi3,S127,profiling,not_applicable,not_applicable,False,True,True
kimi3,S127,art50,no,no,False,True,True
kimi3,S128,art5,no,yes,False,False,False
kimi3,S128,annex_i,no,no,False,True,False
kimi3,S128,annex_iii,none,none,False,True,False
kimi3,S128,derogation,not_applicable,not_applicable,False,True,False
kimi3,S128,profiling,not_applicable,not_applicable,False,True,False
kimi3,S128,art50,yes,yes,False,True,False
kimi3,S129,art5,no,yes,False,False,False
kimi3,S129,annex_i,no,no,False,True,False
kimi3,S129,annex_iii,none,none,False,True,False
kimi3,S129,derogation,not_applicable,not_applicable,False,True,False
kimi3,S129,profiling,not_applicable,not_applicable,False,True,False
kimi3,S129,art50,yes,yes,False,True,False
kimi3,S130,art5,no,no,False,True,True
kimi3,S130,annex_i,no,no,False,True,True
kimi3,S130,annex_iii,none,none,False,True,True
kimi3,S130,derogation,not_applicable,not_applicable,False,True,True
kimi3,S130,profiling,not_applicable,not_applicable,False,True,True
kimi3,S130,art50,yes,yes,False,True,True
kimi3,S131,art5,yes,no,False,False,False
kimi3,S131,annex_i,no,no,False,True,False
kimi3,S131,annex_iii,none,none,False,True,False
kimi3,S131,derogation,not_applicable,not_applicable,False,True,False
kimi3,S131,profiling,not_applicable,not_applicable,False,True,False
kimi3,S131,art50,yes,yes,False,True,False
kimi3,S132,art5,no,no,False,True,True
kimi3,S132,annex_i,no,no,False,True,True
kimi3,S132,annex_iii,none,none,False,True,True
kimi3,S132,derogation,not_applicable,not_applicable,False,True,True
kimi3,S132,profiling,not_applicable,not_applicable,False,True,True
kimi3,S132,art50,yes,yes,False,True,True
kimi3,S133,art5,no,no,False,True,True
kimi3,S133,annex_i,no,no,False,True,True
kimi3,S133,annex_iii,none,none,False,True,True
kimi3,S133,derogation,not_applicable,not_applicable,False,True,True
kimi3,S133,profiling,not_applicable,not_applicable,False,True,True
kimi3,S133,art50,yes,yes,False,True,True
kimi3,S134,art5,no,no,False,True,True
kimi3,S134,annex_i,no,no,False,True,True
kimi3,S134,annex_iii,none,none,False,True,True
kimi3,S134,derogation,not_applicable,not_applicable,False,True,True
kimi3,S134,profiling,not_applicable,not_applicable,False,True,True
kimi3,S134,art50,yes,yes,False,True,True
kimi3,S135,art5,no,yes,False,False,False
kimi3,S135,annex_i,no,no,False,True,False
kimi3,S135,annex_iii,none,none,False,True,False
kimi3,S135,derogation,not_applicable,not_applicable,False,True,False
kimi3,S135,profiling,not_applicable,not_applicable,False,True,False
kimi3,S135,art50,yes,yes,False,True,False
kimi3,S136,art5,no,no,False,True,True
kimi3,S136,annex_i,no,no,False,True,True
kimi3,S136,annex_iii,none,none,False,True,True
kimi3,S136,derogation,not_applicable,not_applicable,False,True,True
kimi3,S136,profiling,not_applicable,not_applicable,False,True,True
kimi3,S136,art50,yes,yes,False,True,True
kimi3,S137,art5,no,yes,False,False,False
kimi3,S137,annex_i,no,no,False,True,False
kimi3,S137,annex_iii,none,none,False,True,False
kimi3,S137,derogation,not_applicable,not_applicable,False,True,False
kimi3,S137,profiling,not_applicable,not_applicable,False,True,False
kimi3,S137,art50,yes,yes,False,True,False
kimi3,S138,art5,no,no,False,True,True
kimi3,S138,annex_i,yes,yes,False,True,True
kimi3,S138,annex_iii,none,none,False,True,True
kimi3,S138,derogation,not_applicable,not_applicable,False,True,True
kimi3,S138,profiling,not_applicable,not_applicable,False,True,True
kimi3,S138,art50,no,no,False,True,True
kimi3,S139,art5,no,no,False,True,True
kimi3,S139,annex_i,no,no,False,True,True
kimi3,S139,annex_iii,none,none,False,True,True
kimi3,S139,derogation,not_applicable,not_applicable,False,True,True
kimi3,S139,profiling,not_applicable,no,False,False,True
kimi3,S139,art50,yes,yes,False,True,True
kimi3,S140,art5,no,no,False,True,False
kimi3,S140,annex_i,unclear,no,False,False,False
kimi3,S140,annex_iii,unclear,none,False,False,False
kimi3,S140,derogation,unclear,not_applicable,False,False,False
kimi3,S140,profiling,unclear,not_applicable,False,False,False
kimi3,S140,art50,unclear,yes,False,False,False
kimi3,S141,art5,no,no,False,True,True
kimi3,S141,annex_i,no,no,False,True,True
kimi3,S141,annex_iii,none,none,False,True,True
kimi3,S141,derogation,not_applicable,not_applicable,False,True,True
kimi3,S141,profiling,not_applicable,not_applicable,False,True,True
kimi3,S141,art50,yes,yes,False,True,True
kimi3,S142,art5,no,no,False,True,True
kimi3,S142,annex_i,yes,yes,False,True,True
kimi3,S142,annex_iii,none,none,False,True,True
kimi3,S142,derogation,not_applicable,not_applicable,False,True,True
kimi3,S142,profiling,not_applicable,not_applicable,False,True,True
kimi3,S142,art50,no,no,False,True,True
kimi3,S143,art5,yes,yes,False,True,True
kimi3,S143,annex_i,no,no,False,True,True
kimi3,S143,annex_iii,none,none,False,True,True
kimi3,S143,derogation,not_applicable,not_applicable,False,True,True
kimi3,S143,profiling,not_applicable,not_applicable,False,True,True
kimi3,S143,art50,yes,yes,False,True,True
kimi3,S144,art5,no,no,False,True,True
kimi3,S144,annex_i,no,no,False,True,True
kimi3,S144,annex_iii,none,none,False,True,True
kimi3,S144,derogation,not_applicable,not_applicable,False,True,True
kimi3,S144,profiling,not_applicable,not_applicable,False,True,True
kimi3,S144,art50,no,unclear,False,False,True
kimi3,S145,art5,no,no,False,True,True
kimi3,S145,annex_i,no,no,False,True,True
kimi3,S145,annex_iii,none,none,False,True,True
kimi3,S145,derogation,not_applicable,not_applicable,False,True,True
kimi3,S145,profiling,not_applicable,not_applicable,False,True,True
kimi3,S145,art50,yes,yes,False,True,True
kimi3,S146,art5,no,no,False,True,True
kimi3,S146,annex_i,yes,yes,False,True,True
kimi3,S146,annex_iii,none,none,False,True,True
kimi3,S146,derogation,not_applicable,not_applicable,False,True,True
kimi3,S146,profiling,not_applicable,not_applicable,False,True,True
kimi3,S146,art50,no,no,False,True,True
kimi3,S147,art5,no,no,False,True,True
kimi3,S147,annex_i,no,no,False,True,True
kimi3,S147,annex_iii,none,none,False,True,True
kimi3,S147,derogation,not_applicable,not_applicable,False,True,True
kimi3,S147,profiling,not_applicable,not_applicable,False,True,True
kimi3,S147,art50,yes,yes,False,True,True
kimi3,S148,art5,no,no,False,True,True
kimi3,S148,annex_i,no,no,False,True,True
kimi3,S148,annex_iii,none,none,False,True,True
kimi3,S148,derogation,not_applicable,not_applicable,False,True,True
kimi3,S148,profiling,not_applicable,not_applicable,False,True,True
kimi3,S148,art50,yes,yes,False,True,True
kimi3,S149,art5,no,no,False,True,True
kimi3,S149,annex_i,no,no,False,True,True
kimi3,S149,annex_iii,none,none,False,True,True
kimi3,S149,derogation,not_applicable,not_applicable,False,True,True
kimi3,S149,profiling,not_applicable,not_applicable,False,True,True
kimi3,S149,art50,yes,yes,False,True,True
kimi3,S150,art5,no,no,False,True,True
kimi3,S150,annex_i,no,no,False,True,True
kimi3,S150,annex_iii,none,none,False,True,True
kimi3,S150,derogation,not_applicable,not_applicable,False,True,True
kimi3,S150,profiling,not_applicable,not_applicable,False,True,True
kimi3,S150,art50,yes,yes,False,True,True
qwen3827b,S001,art5,no,no,False,True,True
qwen3827b,S001,annex_i,no,no,False,True,True
qwen3827b,S001,annex_iii,none,none,False,True,True
qwen3827b,S001,derogation,not_applicable,not_applicable,False,True,True
qwen3827b,S001,profiling,not_applicable,not_applicable,False,True,True
qwen3827b,S001,art50,no,no,False,True,True
qwen3827b,S002,art5,no,no,False,True,True
qwen3827b,S002,annex_i,no,no,False,True,True
qwen3827b,S002,annex_iii,none,none,False,True,True
qwen3827b,S002,derogation,not_applicable,not_applicable,False,True,True
qwen3827b,S002,profiling,not_applicable,not_applicable,False,True,True
qwen3827b,S002,art50,yes,yes,False,True,True
qwen3827b,S003,art5,no,no,False,True,True
qwen3827b,S003,annex_i,no,no,False,True,True
qwen3827b,S003,annex_iii,none,none,False,True,True
qwen3827b,S003,derogation,not_applicable,not_applicable,False,True,True
qwen3827b,S003,profiling,not_applicable,not_applicable,False,True,True
qwen3827b,S003,art50,yes,yes,False,True,True
qwen3827b,S004,art5,no,no,False,True,True
qwen3827b,S004,annex_i,no,no,False,True,True
qwen3827b,S004,annex_iii,none,none,False,True,True
qwen3827b,S004,derogation,not_applicable,not_applicable,False,True,True
qwen3827b,S004,profiling,not_applicable,not_applicable,False,True,True
qwen3827b,S004,art50,yes,yes,False,True,True
qwen3827b,S005,art5,no,no,False,True,False
qwen3827b,S005,annex_i,no,no,False,True,False
qwen3827b,S005,annex_iii,migration,none,False,False,False
qwen3827b,S005,derogation,does_not_apply,not_applicable,False,False,False
qwen3827b,S005,profiling,no,not_applicable,False,False,False
qwen3827b,S005,art50,no,no,False,True,False
qwen3827b,S006,art5,no,no,False,True,True
qwen3827b,S006,annex_i,no,no,False,True,True
qwen3827b,S006,annex_iii,essential_services,essential_services,False,True,True
qwen3827b,S006,derogation,does_not_apply,does_not_apply,False,True,True
qwen3827b,S006,profiling,yes,yes,False,True,True
qwen3827b,S006,art50,no,no,False,True,True
qwen3827b,S007,art5,no,no,False,True,False
qwen3827b,S007,annex_i,no,no,False,True,False
qwen3827b,S007,annex_iii,migration,none,False,False,False
qwen3827b,S007,derogation,does_not_apply,not_applicable,False,False,False
qwen3827b,S007,profiling,no,not_applicable,False,False,False
qwen3827b,S007,art50,no,no,False,True,False
qwen3827b,S008,art5,no,no,False,True,True
qwen3827b,S008,annex_i,yes,yes,False,True,True
qwen3827b,S008,annex_iii,none,none,False,True,True
qwen3827b,S008,derogation,not_applicable,not_applicable,False,True,True
qwen3827b,S008,profiling,not_applicable,not_applicable,False,True,True
qwen3827b,S008,art50,no,no,False,True,True
qwen3827b,S009,art5,no,no,False,True,True
qwen3827b,S009,annex_i,yes,yes,False,True,True
qwen3827b,S009,annex_iii,none,none,False,True,True
qwen3827b,S009,derogation,not_applicable,not_applicable,False,True,True
qwen3827b,S009,profiling,not_applicable,not_applicable,False,True,True
qwen3827b,S009,art50,no,no,False,True,True
qwen3827b,S010,art5,yes,yes,False,True,True
qwen3827b,S010,annex_i,no,no,False,True,True
qwen3827b,S010,annex_iii,biometrics,biometrics,False,True,True
qwen3827b,S010,derogation,not_applicable,not_applicable,False,True,True
qwen3827b,S010,profiling,not_applicable,not_applicable,False,True,True
qwen3827b,S010,art50,yes,yes,False,True,True
qwen3827b,S011,art5,no,yes,False,False,False
qwen3827b,S011,annex_i,no,no,False,True,False
qwen3827b,S011,annex_iii,biometrics,none,False,False,False
qwen3827b,S011,derogation,does_not_apply,not_applicable,False,False,False
qwen3827b,S011,profiling,no,not_applicable,False,False,False
qwen3827b,S011,art50,no,no,False,True,False
qwen3827b,S012,art5,no,no,False,True,True
qwen3827b,S012,annex_i,no,no,False,True,True
qwen3827b,S012,annex_iii,essential_services,essential_services,False,True,True
qwen3827b,S012,derogation,does_not_apply,does_not_apply,False,True,True
qwen3827b,S012,profiling,yes,yes,False,True,True
qwen3827b,S012,art50,no,no,False,True,True
qwen3827b,S013,art5,no,no,False,True,True
qwen3827b,S013,annex_i,no,no,False,True,True
qwen3827b,S013,annex_iii,law_enforcement,law_enforcement,False,True,True
qwen3827b,S013,derogation,does_not_apply,does_not_apply,False,True,True
qwen3827b,S013,profiling,no,no,False,True,True
qwen3827b,S013,art50,no,no,False,True,True
qwen3827b,S014,art5,no,no,False,True,True
qwen3827b,S014,annex_i,no,no,False,True,True
qwen3827b,S014,annex_iii,none,none,False,True,True
qwen3827b,S014,derogation,not_applicable,not_applicable,False,True,True
qwen3827b,S014,profiling,not_applicable,not_applicable,False,True,True
qwen3827b,S014,art50,no,no,False,True,True
qwen3827b,S015,art5,no,no,False,True,True
qwen3827b,S015,annex_i,no,no,False,True,True
qwen3827b,S015,annex_iii,none,none,False,True,True
qwen3827b,S015,derogation,not_applicable,not_applicable,False,True,True
qwen3827b,S015,profiling,not_applicable,not_applicable,False,True,True
qwen3827b,S015,art50,no,no,False,True,True
qwen3827b,S016,art5,no,no,False,True,True
qwen3827b,S016,annex_i,yes,yes,False,True,True
qwen3827b,S016,annex_iii,none,none,False,True,True
qwen3827b,S016,derogation,not_applicable,not_applicable,False,True,True
qwen3827b,S016,profiling,not_applicable,not_applicable,False,True,True
qwen3827b,S016,art50,no,no,False,True,True
qwen3827b,S017,art5,no,no,False,True,True
qwen3827b,S017,annex_i,no,no,False,True,True
qwen3827b,S017,annex_iii,biometrics,biometrics,False,True,True
qwen3827b,S017,derogation,does_not_apply,does_not_apply,False,True,True
qwen3827b,S017,profiling,no,no,False,True,True
qwen3827b,S017,art50,no,no,False,True,True
qwen3827b,S018,art5,no,no,False,True,True
qwen3827b,S018,annex_i,no,no,False,True,True
qwen3827b,S018,annex_iii,none,none,False,True,True
qwen3827b,S018,derogation,not_applicable,not_applicable,False,True,True
qwen3827b,S018,profiling,not_applicable,not_applicable,False,True,True
qwen3827b,S018,art50,yes,yes,False,True,True
qwen3827b,S020,art5,no,no,False,True,True
qwen3827b,S020,annex_i,no,no,False,True,True
qwen3827b,S020,annex_iii,none,none,False,True,True
qwen3827b,S020,derogation,not_applicable,not_applicable,False,True,True
qwen3827b,S020,profiling,not_applicable,not_applicable,False,True,True
qwen3827b,S020,art50,no,no,False,True,True
qwen3827b,S021,art5,no,no,False,True,True
qwen3827b,S021,annex_i,no,no,False,True,True
qwen3827b,S021,annex_iii,migration,migration,False,True,True
qwen3827b,S021,derogation,does_not_apply,does_not_apply,False,True,True
qwen3827b,S021,profiling,yes,unclear,False,False,True
qwen3827b,S021,art50,no,no,False,True,True
qwen3827b,S022,art5,no,no,False,True,True
qwen3827b,S022,annex_i,no,no,False,True,True
qwen3827b,S022,annex_iii,biometrics,law_enforcement,False,False,True
qwen3827b,S022,derogation,does_not_apply,does_not_apply,False,True,True
qwen3827b,S022,profiling,no,no,False,True,True
qwen3827b,S022,art50,no,no,False,True,True
qwen3827b,S023,art5,no,no,False,True,True
qwen3827b,S023,annex_i,no,no,False,True,True
qwen3827b,S023,annex_iii,biometrics,biometrics,False,True,True
qwen3827b,S023,derogation,does_not_apply,does_not_apply,False,True,True
qwen3827b,S023,profiling,no,no,False,True,True
qwen3827b,S023,art50,no,no,False,True,True
qwen3827b,S024,art5,no,no,False,True,True
qwen3827b,S024,annex_i,no,no,False,True,True
qwen3827b,S024,annex_iii,none,none,False,True,True
qwen3827b,S024,derogation,not_applicable,not_applicable,False,True,True
qwen3827b,S024,profiling,not_applicable,not_applicable,False,True,True
qwen3827b,S024,art50,no,no,False,True,True
qwen3827b,S025,art5,yes,yes,False,True,True
qwen3827b,S025,annex_i,no,no,False,True,True
qwen3827b,S025,annex_iii,biometrics,biometrics,False,True,True
qwen3827b,S025,derogation,not_applicable,does_not_apply,False,False,True
qwen3827b,S025,profiling,not_applicable,no,False,False,True
qwen3827b,S025,art50,no,no,False,True,True
qwen3827b,S027,art5,no,no,False,True,True
qwen3827b,S027,annex_i,no,no,False,True,True
qwen3827b,S027,annex_iii,migration,migration,False,True,True
qwen3827b,S027,derogation,does_not_apply,does_not_apply,False,True,True
qwen3827b,S027,profiling,yes,yes,False,True,True
qwen3827b,S027,art50,no,no,False,True,True
qwen3827b,S029,art5,no,no,False,True,True
qwen3827b,S029,annex_i,no,no,False,True,True
qwen3827b,S029,annex_iii,none,none,False,True,True
qwen3827b,S029,derogation,not_applicable,not_applicable,False,True,True
qwen3827b,S029,profiling,not_applicable,not_applicable,False,True,True
qwen3827b,S029,art50,yes,yes,False,True,True
qwen3827b,S030,art5,no,no,False,True,True
qwen3827b,S030,annex_i,yes,yes,False,True,True
qwen3827b,S030,annex_iii,none,critical_infrastructure,False,False,True
qwen3827b,S030,derogation,not_applicable,not_applicable,False,True,True
qwen3827b,S030,profiling,not_applicable,not_applicable,False,True,True
qwen3827b,S030,art50,no,no,False,True,True
qwen3827b,S031,art5,no,no,False,True,False
qwen3827b,S031,annex_i,no,no,False,True,False
qwen3827b,S031,annex_iii,biometrics,none,False,False,False
qwen3827b,S031,derogation,does_not_apply,not_applicable,False,False,False
qwen3827b,S031,profiling,yes,not_applicable,False,False,False
qwen3827b,S031,art50,yes,yes,False,True,False
qwen3827b,S032,art5,unclear,no,False,False,True
qwen3827b,S032,annex_i,no,no,False,True,True
qwen3827b,S032,annex_iii,biometrics,biometrics,False,True,True
qwen3827b,S032,derogation,does_not_apply,not_applicable,False,False,True
qwen3827b,S032,profiling,no,no,False,True,True
qwen3827b,S032,art50,no,no,False,True,True
qwen3827b,S033,art5,no,no,False,True,True
qwen3827b,S033,annex_i,no,no,False,True,True
qwen3827b,S033,annex_iii,biometrics,law_enforcement,False,False,True
qwen3827b,S033,derogation,does_not_apply,does_not_apply,False,True,True
qwen3827b,S033,profiling,no,no,False,True,True
qwen3827b,S033,art50,no,no,False,True,True
qwen3827b,S034,art5,no,no,False,True,True
qwen3827b,S034,annex_i,no,no,False,True,True
qwen3827b,S034,annex_iii,employment,employment,False,True,True
qwen3827b,S034,derogation,does_not_apply,does_not_apply,False,True,True
qwen3827b,S034,profiling,yes,yes,False,True,True
qwen3827b,S034,art50,no,no,False,True,True
qwen3827b,S035,art5,no,no,False,True,True
qwen3827b,S035,annex_i,no,no,False,True,True
qwen3827b,S035,annex_iii,none,none,False,True,True
qwen3827b,S035,derogation,not_applicable,not_applicable,False,True,True
qwen3827b,S035,profiling,not_applicable,not_applicable,False,True,True
qwen3827b,S035,art50,yes,yes,False,True,True
qwen3827b,S036,art5,no,no,False,True,True
qwen3827b,S036,annex_i,no,no,False,True,True
qwen3827b,S036,annex_iii,education,education,False,True,True
qwen3827b,S036,derogation,does_not_apply,does_not_apply,False,True,True
qwen3827b,S036,profiling,yes,yes,False,True,True
qwen3827b,S036,art50,no,no,False,True,True
qwen3827b,S037,art5,no,no,False,True,True
qwen3827b,S037,annex_i,yes,yes,False,True,True
qwen3827b,S037,annex_iii,none,none,False,True,True
qwen3827b,S037,derogation,not_applicable,not_applicable,False,True,True
qwen3827b,S037,profiling,not_applicable,not_applicable,False,True,True
qwen3827b,S037,art50,no,no,False,True,True
qwen3827b,S038,art5,no,no,False,True,True
qwen3827b,S038,annex_i,no,no,False,True,True
qwen3827b,S038,annex_iii,none,none,False,True,True
qwen3827b,S038,derogation,not_applicable,not_applicable,False,True,True
qwen3827b,S038,profiling,not_applicable,not_applicable,False,True,True
qwen3827b,S038,art50,no,no,False,True,True
qwen3827b,S039,art5,no,no,False,True,True
qwen3827b,S039,annex_i,no,no,False,True,True
qwen3827b,S039,annex_iii,migration,migration,False,True,True
qwen3827b,S039,derogation,does_not_apply,does_not_apply,False,True,True
qwen3827b,S039,profiling,yes,yes,False,True,True
qwen3827b,S039,art50,no,no,False,True,True
qwen3827b,S040,art5,no,no,False,True,True
qwen3827b,S040,annex_i,no,no,False,True,True
qwen3827b,S040,annex_iii,none,none,False,True,True
qwen3827b,S040,derogation,not_applicable,not_applicable,False,True,True
qwen3827b,S040,profiling,not_applicable,not_applicable,False,True,True
qwen3827b,S040,art50,no,no,False,True,True
qwen3827b,S042,art5,no,no,False,True,True
qwen3827b,S042,annex_i,yes,yes,False,True,True
qwen3827b,S042,annex_iii,none,none,False,True,True
qwen3827b,S042,derogation,not_applicable,not_applicable,False,True,True
qwen3827b,S042,profiling,not_applicable,not_applicable,False,True,True
qwen3827b,S042,art50,no,no,False,True,True
qwen3827b,S043,art5,no,no,False,True,True
qwen3827b,S043,annex_i,no,no,False,True,True
qwen3827b,S043,annex_iii,migration,migration,False,True,True
qwen3827b,S043,derogation,does_not_apply,does_not_apply,False,True,True
qwen3827b,S043,profiling,no,no,False,True,True
qwen3827b,S043,art50,no,yes,False,False,True
qwen3827b,S044,art5,no,no,False,True,True
qwen3827b,S044,annex_i,no,no,False,True,True
qwen3827b,S044,annex_iii,none,none,False,True,True
qwen3827b,S044,derogation,not_applicable,not_applicable,False,True,True
qwen3827b,S044,profiling,not_applicable,not_applicable,False,True,True
qwen3827b,S044,art50,yes,yes,False,True,True
qwen3827b,S045,art5,no,no,False,True,True
qwen3827b,S045,annex_i,no,no,False,True,True
qwen3827b,S045,annex_iii,none,none,False,True,True
qwen3827b,S045,derogation,not_applicable,not_applicable,False,True,True
qwen3827b,S045,profiling,not_applicable,not_applicable,False,True,True
qwen3827b,S045,art50,yes,yes,False,True,True
qwen3827b,S046,art5,no,no,False,True,True
qwen3827b,S046,annex_i,no,no,False,True,True
qwen3827b,S046,annex_iii,essential_services,essential_services,False,True,True
qwen3827b,S046,derogation,does_not_apply,does_not_apply,False,True,True
qwen3827b,S046,profiling,not_applicable,yes,False,False,True
qwen3827b,S046,art50,no,no,False,True,True
qwen3827b,S047,art5,no,no,False,True,True
qwen3827b,S047,annex_i,no,no,False,True,True
qwen3827b,S047,annex_iii,biometrics,law_enforcement,False,False,True
qwen3827b,S047,derogation,does_not_apply,does_not_apply,False,True,True
qwen3827b,S047,profiling,no,no,False,True,True
qwen3827b,S047,art50,no,no,False,True,True
qwen3827b,S048,art5,no,no,False,True,True
qwen3827b,S048,annex_i,no,no,False,True,True
qwen3827b,S048,annex_iii,none,none,False,True,True
qwen3827b,S048,derogation,not_applicable,not_applicable,False,True,True
qwen3827b,S048,profiling,not_applicable,not_applicable,False,True,True
qwen3827b,S048,art50,yes,yes,False,True,True
qwen3827b,S049,art5,no,no,False,True,True
qwen3827b,S049,annex_i,no,no,False,True,True
qwen3827b,S049,annex_iii,migration,migration,False,True,True
qwen3827b,S049,derogation,does_not_apply,does_not_apply,False,True,True
qwen3827b,S049,profiling,no,no,False,True,True
qwen3827b,S049,art50,yes,yes,False,True,True
qwen3827b,S050,art5,no,no,False,True,True
qwen3827b,S050,annex_i,yes,yes,False,True,True
qwen3827b,S050,annex_iii,none,none,False,True,True
qwen3827b,S050,derogation,not_applicable,not_applicable,False,True,True
qwen3827b,S050,profiling,not_applicable,not_applicable,False,True,True
qwen3827b,S050,art50,no,no,False,True,True
qwen3827b,S051,art5,no,no,False,True,True
qwen3827b,S051,annex_i,no,no,False,True,True
qwen3827b,S051,annex_iii,essential_services,essential_services,False,True,True
qwen3827b,S051,derogation,does_not_apply,does_not_apply,False,True,True
qwen3827b,S051,profiling,yes,yes,False,True,True
qwen3827b,S051,art50,no,no,False,True,True
qwen3827b,S052,art5,no,no,False,True,True
qwen3827b,S052,annex_i,yes,yes,False,True,True
qwen3827b,S052,annex_iii,none,none,False,True,True
qwen3827b,S052,derogation,not_applicable,not_applicable,False,True,True
qwen3827b,S052,profiling,not_applicable,not_applicable,False,True,True
qwen3827b,S052,art50,no,no,False,True,True
qwen3827b,S053,art5,unclear,no,False,False,True
qwen3827b,S053,annex_i,no,no,False,True,True
qwen3827b,S053,annex_iii,none,none,False,True,True
qwen3827b,S053,derogation,not_applicable,not_applicable,False,True,True
qwen3827b,S053,profiling,not_applicable,not_applicable,False,True,True
qwen3827b,S053,art50,yes,yes,False,True,True
qwen3827b,S054,art5,no,no,False,True,True
qwen3827b,S054,annex_i,no,no,False,True,True
qwen3827b,S054,annex_iii,employment,employment,False,True,True
qwen3827b,S054,derogation,does_not_apply,does_not_apply,False,True,True
qwen3827b,S054,profiling,yes,yes,False,True,True
qwen3827b,S054,art50,no,no,False,True,True
qwen3827b,S055,art5,no,no,False,True,True
qwen3827b,S055,annex_i,no,no,False,True,True
qwen3827b,S055,annex_iii,none,none,False,True,True
qwen3827b,S055,derogation,not_applicable,not_applicable,False,True,True
qwen3827b,S055,profiling,not_applicable,not_applicable,False,True,True
qwen3827b,S055,art50,no,no,False,True,True
qwen3827b,S056,art5,unclear,no,False,False,True
qwen3827b,S056,annex_i,no,no,False,True,True
qwen3827b,S056,annex_iii,none,none,False,True,True
qwen3827b,S056,derogation,not_applicable,not_applicable,False,True,True
qwen3827b,S056,profiling,not_applicable,not_applicable,False,True,True
qwen3827b,S056,art50,yes,yes,False,True,True
qwen3827b,S057,art5,no,no,False,True,True
qwen3827b,S057,annex_i,no,no,False,True,True
qwen3827b,S057,annex_iii,none,none,False,True,True
qwen3827b,S057,derogation,not_applicable,not_applicable,False,True,True
qwen3827b,S057,profiling,not_applicable,not_applicable,False,True,True
qwen3827b,S057,art50,yes,yes,False,True,True
qwen3827b,S058,art5,no,no,False,True,True
qwen3827b,S058,annex_i,no,no,False,True,True
qwen3827b,S058,annex_iii,none,none,False,True,True
qwen3827b,S058,derogation,not_applicable,not_applicable,False,True,True
qwen3827b,S058,profiling,not_applicable,not_applicable,False,True,True
qwen3827b,S058,art50,no,no,False,True,True
qwen3827b,S060,art5,no,no,False,True,True
qwen3827b,S060,annex_i,no,no,False,True,True
qwen3827b,S060,annex_iii,biometrics,biometrics,False,True,True
qwen3827b,S060,derogation,does_not_apply,does_not_apply,False,True,True
qwen3827b,S060,profiling,yes,no,False,False,True
qwen3827b,S060,art50,no,no,False,True,True
qwen3827b,S061,art5,no,no,False,True,True
qwen3827b,S061,annex_i,no,no,False,True,True
qwen3827b,S061,annex_iii,biometrics,biometrics,False,True,True
qwen3827b,S061,derogation,does_not_apply,does_not_apply,False,True,True
qwen3827b,S061,profiling,yes,no,False,False,True
qwen3827b,S061,art50,no,no,False,True,True
qwen3827b,S062,art5,no,no,False,True,True
qwen3827b,S062,annex_i,yes,yes,False,True,True
qwen3827b,S062,annex_iii,none,none,False,True,True
qwen3827b,S062,derogation,not_applicable,not_applicable,False,True,True
qwen3827b,S062,profiling,not_applicable,not_applicable,False,True,True
qwen3827b,S062,art50,no,no,False,True,True
qwen3827b,S063,art5,no,no,False,True,True
qwen3827b,S063,annex_i,no,no,False,True,True
qwen3827b,S063,annex_iii,none,none,False,True,True
qwen3827b,S063,derogation,not_applicable,not_applicable,False,True,True
qwen3827b,S063,profiling,not_applicable,not_applicable,False,True,True
qwen3827b,S063,art50,yes,yes,False,True,True
qwen3827b,S064,art5,no,no,False,True,True
qwen3827b,S064,annex_i,no,no,False,True,True
qwen3827b,S064,annex_iii,none,none,False,True,True
qwen3827b,S064,derogation,not_applicable,not_applicable,False,True,True
qwen3827b,S064,profiling,not_applicable,not_applicable,False,True,True
qwen3827b,S064,art50,yes,yes,False,True,True
qwen3827b,S065,art5,no,no,False,True,True
qwen3827b,S065,annex_i,no,no,False,True,True
qwen3827b,S065,annex_iii,none,none,False,True,True
qwen3827b,S065,derogation,not_applicable,not_applicable,False,True,True
qwen3827b,S065,profiling,not_applicable,not_applicable,False,True,True
qwen3827b,S065,art50,yes,yes,False,True,True
qwen3827b,S066,art5,no,no,False,True,True
qwen3827b,S066,annex_i,no,no,False,True,True
qwen3827b,S066,annex_iii,justice_democracy,justice_democracy,False,True,True
qwen3827b,S066,derogation,does_not_apply,does_not_apply,False,True,True
qwen3827b,S066,profiling,no,no,False,True,True
qwen3827b,S066,art50,yes,yes,False,True,True
qwen3827b,S068,art5,no,no,False,True,False
qwen3827b,S068,annex_i,no,no,False,True,False
qwen3827b,S068,annex_iii,none,justice_democracy,False,False,False
qwen3827b,S068,derogation,not_applicable,does_not_apply,False,False,False
qwen3827b,S068,profiling,not_applicable,no,False,False,False
qwen3827b,S068,art50,yes,yes,False,True,False
qwen3827b,S069,art5,yes,no,False,False,False
qwen3827b,S069,annex_i,no,no,False,True,False
qwen3827b,S069,annex_iii,none,none,False,True,False
qwen3827b,S069,derogation,not_applicable,not_applicable,False,True,False
qwen3827b,S069,profiling,not_applicable,not_applicable,False,True,False
qwen3827b,S069,art50,yes,yes,False,True,False
qwen3827b,S070,art5,no,no,False,True,True
qwen3827b,S070,annex_i,yes,yes,False,True,True
qwen3827b,S070,annex_iii,none,none,False,True,True
qwen3827b,S070,derogation,not_applicable,not_applicable,False,True,True
qwen3827b,S070,profiling,not_applicable,not_applicable,False,True,True
qwen3827b,S070,art50,no,no,False,True,True
qwen3827b,S071,art5,no,no,False,True,True
qwen3827b,S071,annex_i,yes,yes,False,True,True
qwen3827b,S071,annex_iii,none,none,False,True,True
qwen3827b,S071,derogation,not_applicable,not_applicable,False,True,True
qwen3827b,S071,profiling,not_applicable,not_applicable,False,True,True
qwen3827b,S071,art50,no,no,False,True,True
qwen3827b,S072,art5,unclear,no,False,False,True
qwen3827b,S072,annex_i,unclear,no,False,False,True
qwen3827b,S072,annex_iii,unclear,none,False,False,True
qwen3827b,S072,derogation,unclear,not_applicable,False,False,True
qwen3827b,S072,profiling,unclear,not_applicable,False,False,True
qwen3827b,S072,art50,unclear,unclear,False,True,True
qwen3827b,S073,art5,no,no,False,True,True
qwen3827b,S073,annex_i,no,no,False,True,True
qwen3827b,S073,annex_iii,essential_services,essential_services,False,True,True
qwen3827b,S073,derogation,does_not_apply,does_not_apply,False,True,True
qwen3827b,S073,profiling,yes,yes,False,True,True
qwen3827b,S073,art50,no,no,False,True,True
qwen3827b,S074,art5,no,no,False,True,True
qwen3827b,S074,annex_i,no,no,False,True,True
qwen3827b,S074,annex_iii,none,none,False,True,True
qwen3827b,S074,derogation,not_applicable,not_applicable,False,True,True
qwen3827b,S074,profiling,not_applicable,not_applicable,False,True,True
qwen3827b,S074,art50,yes,yes,False,True,True
qwen3827b,S075,art5,no,no,False,True,True
qwen3827b,S075,annex_i,no,no,False,True,True
qwen3827b,S075,annex_iii,none,none,False,True,True
qwen3827b,S075,derogation,not_applicable,not_applicable,False,True,True
qwen3827b,S075,profiling,not_applicable,not_applicable,False,True,True
qwen3827b,S075,art50,yes,yes,False,True,True
qwen3827b,S076,art5,no,no,False,True,True
qwen3827b,S076,annex_i,no,no,False,True,True
qwen3827b,S076,annex_iii,none,none,False,True,True
qwen3827b,S076,derogation,not_applicable,not_applicable,False,True,True
qwen3827b,S076,profiling,not_applicable,not_applicable,False,True,True
qwen3827b,S076,art50,yes,yes,False,True,True
qwen3827b,S077,art5,no,no,False,True,True
qwen3827b,S077,annex_i,no,no,False,True,True
qwen3827b,S077,annex_iii,none,none,False,True,True
qwen3827b,S077,derogation,not_applicable,not_applicable,False,True,True
qwen3827b,S077,profiling,not_applicable,not_applicable,False,True,True
qwen3827b,S077,art50,yes,yes,False,True,True
qwen3827b,S078,art5,no,yes,False,False,False
qwen3827b,S078,annex_i,no,no,False,True,False
qwen3827b,S078,annex_iii,none,none,False,True,False
qwen3827b,S078,derogation,not_applicable,not_applicable,False,True,False
qwen3827b,S078,profiling,not_applicable,not_applicable,False,True,False
qwen3827b,S078,art50,yes,yes,False,True,False
qwen3827b,S079,art5,no,no,False,True,True
qwen3827b,S079,annex_i,no,no,False,True,True
qwen3827b,S079,annex_iii,none,none,False,True,True
qwen3827b,S079,derogation,not_applicable,not_applicable,False,True,True
qwen3827b,S079,profiling,not_applicable,not_applicable,False,True,True
qwen3827b,S079,art50,yes,yes,False,True,True
qwen3827b,S080,art5,no,no,False,True,True
qwen3827b,S080,annex_i,no,no,False,True,True
qwen3827b,S080,annex_iii,none,none,False,True,True
qwen3827b,S080,derogation,not_applicable,not_applicable,False,True,True
qwen3827b,S080,profiling,not_applicable,not_applicable,False,True,True
qwen3827b,S080,art50,yes,yes,False,True,True
qwen3827b,S081,art5,no,no,False,True,True
qwen3827b,S081,annex_i,no,no,False,True,True
qwen3827b,S081,annex_iii,law_enforcement,law_enforcement,False,True,True
qwen3827b,S081,derogation,does_not_apply,does_not_apply,False,True,True
qwen3827b,S081,profiling,yes,no,False,False,True
qwen3827b,S081,art50,no,no,False,True,True
qwen3827b,S082,art5,no,no,False,True,True
qwen3827b,S082,annex_i,no,no,False,True,True
qwen3827b,S082,annex_iii,essential_services,essential_services,False,True,True
qwen3827b,S082,derogation,does_not_apply,does_not_apply,False,True,True
qwen3827b,S082,profiling,yes,yes,False,True,True
qwen3827b,S082,art50,no,no,False,True,True
qwen3827b,S083,art5,no,yes,False,False,False
qwen3827b,S083,annex_i,no,no,False,True,False
qwen3827b,S083,annex_iii,none,none,False,True,False
qwen3827b,S083,derogation,not_applicable,not_applicable,False,True,False
qwen3827b,S083,profiling,not_applicable,not_applicable,False,True,False
qwen3827b,S083,art50,yes,yes,False,True,False
qwen3827b,S084,art5,no,yes,False,False,False
qwen3827b,S084,annex_i,no,no,False,True,False
qwen3827b,S084,annex_iii,none,none,False,True,False
qwen3827b,S084,derogation,not_applicable,not_applicable,False,True,False
qwen3827b,S084,profiling,not_applicable,no,False,False,False
qwen3827b,S084,art50,yes,yes,False,True,False
qwen3827b,S085,art5,no,yes,False,False,False
qwen3827b,S085,annex_i,no,no,False,True,False
qwen3827b,S085,annex_iii,none,none,False,True,False
qwen3827b,S085,derogation,not_applicable,not_applicable,False,True,False
qwen3827b,S085,profiling,not_applicable,not_applicable,False,True,False
qwen3827b,S085,art50,yes,yes,False,True,False
qwen3827b,S086,art5,no,no,False,True,True
qwen3827b,S086,annex_i,no,no,False,True,True
qwen3827b,S086,annex_iii,none,none,False,True,True
qwen3827b,S086,derogation,not_applicable,not_applicable,False,True,True
qwen3827b,S086,profiling,not_applicable,not_applicable,False,True,True
qwen3827b,S086,art50,yes,yes,False,True,True
qwen3827b,S087,art5,no,yes,False,False,False
qwen3827b,S087,annex_i,no,no,False,True,False
qwen3827b,S087,annex_iii,none,none,False,True,False
qwen3827b,S087,derogation,not_applicable,not_applicable,False,True,False
qwen3827b,S087,profiling,not_applicable,not_applicable,False,True,False
qwen3827b,S087,art50,yes,yes,False,True,False
qwen3827b,S088,art5,no,yes,False,False,False
qwen3827b,S088,annex_i,no,no,False,True,False
qwen3827b,S088,annex_iii,none,none,False,True,False
qwen3827b,S088,derogation,not_applicable,not_applicable,False,True,False
qwen3827b,S088,profiling,not_applicable,no,False,False,False
qwen3827b,S088,art50,yes,yes,False,True,False
qwen3827b,S089,art5,no,no,False,True,True
qwen3827b,S089,annex_i,no,no,False,True,True
qwen3827b,S089,annex_iii,none,none,False,True,True
qwen3827b,S089,derogation,not_applicable,not_applicable,False,True,True
qwen3827b,S089,profiling,not_applicable,not_applicable,False,True,True
qwen3827b,S089,art50,yes,yes,False,True,True
qwen3827b,S090,art5,no,no,False,True,True
qwen3827b,S090,annex_i,yes,yes,False,True,True
qwen3827b,S090,annex_iii,none,none,False,True,True
qwen3827b,S090,derogation,not_applicable,not_applicable,False,True,True
qwen3827b,S090,profiling,not_applicable,not_applicable,False,True,True
qwen3827b,S090,art50,no,no,False,True,True
qwen3827b,S091,art5,no,yes,False,False,False
qwen3827b,S091,annex_i,no,no,False,True,False
qwen3827b,S091,annex_iii,none,none,False,True,False
qwen3827b,S091,derogation,not_applicable,not_applicable,False,True,False
qwen3827b,S091,profiling,not_applicable,not_applicable,False,True,False
qwen3827b,S091,art50,yes,yes,False,True,False
qwen3827b,S092,art5,unclear,no,False,False,True
qwen3827b,S092,annex_i,no,no,False,True,True
qwen3827b,S092,annex_iii,none,none,False,True,True
qwen3827b,S092,derogation,not_applicable,not_applicable,False,True,True
qwen3827b,S092,profiling,not_applicable,not_applicable,False,True,True
qwen3827b,S092,art50,yes,yes,False,True,True
qwen3827b,S093,art5,yes,no,False,False,False
qwen3827b,S093,annex_i,no,no,False,True,False
qwen3827b,S093,annex_iii,none,none,False,True,False
qwen3827b,S093,derogation,not_applicable,not_applicable,False,True,False
qwen3827b,S093,profiling,not_applicable,not_applicable,False,True,False
qwen3827b,S093,art50,yes,yes,False,True,False
qwen3827b,S094,art5,no,no,False,True,True
qwen3827b,S094,annex_i,no,no,False,True,True
qwen3827b,S094,annex_iii,none,none,False,True,True
qwen3827b,S094,derogation,not_applicable,not_applicable,False,True,True
qwen3827b,S094,profiling,not_applicable,not_applicable,False,True,True
qwen3827b,S094,art50,yes,yes,False,True,True
qwen3827b,S095,art5,yes,no,False,False,False
qwen3827b,S095,annex_i,no,no,False,True,False
qwen3827b,S095,annex_iii,none,none,False,True,False
qwen3827b,S095,derogation,not_applicable,not_applicable,False,True,False
qwen3827b,S095,profiling,not_applicable,not_applicable,False,True,False
qwen3827b,S095,art50,yes,yes,False,True,False
qwen3827b,S096,art5,no,no,False,True,True
qwen3827b,S096,annex_i,no,no,False,True,True
qwen3827b,S096,annex_iii,none,none,False,True,True
qwen3827b,S096,derogation,not_applicable,not_applicable,False,True,True
qwen3827b,S096,profiling,not_applicable,not_applicable,False,True,True
qwen3827b,S096,art50,yes,yes,False,True,True
qwen3827b,S097,art5,no,no,False,True,True
qwen3827b,S097,annex_i,no,no,False,True,True
qwen3827b,S097,annex_iii,none,none,False,True,True
qwen3827b,S097,derogation,not_applicable,not_applicable,False,True,True
qwen3827b,S097,profiling,not_applicable,not_applicable,False,True,True
qwen3827b,S097,art50,yes,yes,False,True,True
qwen3827b,S098,art5,no,no,False,True,True
qwen3827b,S098,annex_i,no,no,False,True,True
qwen3827b,S098,annex_iii,none,none,False,True,True
qwen3827b,S098,derogation,not_applicable,not_applicable,False,True,True
qwen3827b,S098,profiling,not_applicable,not_applicable,False,True,True
qwen3827b,S098,art50,yes,yes,False,True,True
qwen3827b,S099,art5,no,no,False,True,True
qwen3827b,S099,annex_i,no,no,False,True,True
qwen3827b,S099,annex_iii,none,none,False,True,True
qwen3827b,S099,derogation,not_applicable,not_applicable,False,True,True
qwen3827b,S099,profiling,not_applicable,not_applicable,False,True,True
qwen3827b,S099,art50,yes,yes,False,True,True
qwen3827b,S100,art5,no,no,False,True,True
qwen3827b,S100,annex_i,no,no,False,True,True
qwen3827b,S100,annex_iii,none,none,False,True,True
qwen3827b,S100,derogation,not_applicable,not_applicable,False,True,True
qwen3827b,S100,profiling,not_applicable,not_applicable,False,True,True
qwen3827b,S100,art50,no,no,False,True,True
qwen3827b,S101,art5,no,no,False,True,True
qwen3827b,S101,annex_i,no,no,False,True,True
qwen3827b,S101,annex_iii,none,none,False,True,True
qwen3827b,S101,derogation,not_applicable,not_applicable,False,True,True
qwen3827b,S101,profiling,not_applicable,not_applicable,False,True,True
qwen3827b,S101,art50,yes,yes,False,True,True
qwen3827b,S102,art5,no,no,False,True,True
qwen3827b,S102,annex_i,no,no,False,True,True
qwen3827b,S102,annex_iii,none,none,False,True,True
qwen3827b,S102,derogation,not_applicable,not_applicable,False,True,True
qwen3827b,S102,profiling,not_applicable,not_applicable,False,True,True
qwen3827b,S102,art50,yes,yes,False,True,True
qwen3827b,S103,art5,no,no,False,True,True
qwen3827b,S103,annex_i,no,no,False,True,True
qwen3827b,S103,annex_iii,none,none,False,True,True
qwen3827b,S103,derogation,not_applicable,not_applicable,False,True,True
qwen3827b,S103,profiling,not_applicable,not_applicable,False,True,True
qwen3827b,S103,art50,yes,yes,False,True,True
qwen3827b,S104,art5,no,no,False,True,True
qwen3827b,S104,annex_i,no,no,False,True,True
qwen3827b,S104,annex_iii,none,none,False,True,True
qwen3827b,S104,derogation,not_applicable,not_applicable,False,True,True
qwen3827b,S104,profiling,not_applicable,not_applicable,False,True,True
qwen3827b,S104,art50,yes,yes,False,True,True
qwen3827b,S105,art5,no,no,False,True,True
qwen3827b,S105,annex_i,no,no,False,True,True
qwen3827b,S105,annex_iii,none,none,False,True,True
qwen3827b,S105,derogation,not_applicable,not_applicable,False,True,True
qwen3827b,S105,profiling,not_applicable,not_applicable,False,True,True
qwen3827b,S105,art50,yes,yes,False,True,True
qwen3827b,S106,art5,yes,no,False,False,False
qwen3827b,S106,annex_i,no,no,False,True,False
qwen3827b,S106,annex_iii,none,none,False,True,False
qwen3827b,S106,derogation,not_applicable,not_applicable,False,True,False
qwen3827b,S106,profiling,not_applicable,not_applicable,False,True,False
qwen3827b,S106,art50,yes,yes,False,True,False
qwen3827b,S107,art5,no,no,False,True,True
qwen3827b,S107,annex_i,no,no,False,True,True
qwen3827b,S107,annex_iii,none,none,False,True,True
qwen3827b,S107,derogation,not_applicable,not_applicable,False,True,True
qwen3827b,S107,profiling,not_applicable,not_applicable,False,True,True
qwen3827b,S107,art50,yes,yes,False,True,True
qwen3827b,S108,art5,no,no,False,True,True
qwen3827b,S108,annex_i,no,no,False,True,True
qwen3827b,S108,annex_iii,none,none,False,True,True
qwen3827b,S108,derogation,not_applicable,not_applicable,False,True,True
qwen3827b,S108,profiling,not_applicable,not_applicable,False,True,True
qwen3827b,S108,art50,yes,yes,False,True,True
qwen3827b,S109,art5,no,no,False,True,True
qwen3827b,S109,annex_i,no,no,False,True,True
qwen3827b,S109,annex_iii,none,none,False,True,True
qwen3827b,S109,derogation,not_applicable,not_applicable,False,True,True
qwen3827b,S109,profiling,not_applicable,not_applicable,False,True,True
qwen3827b,S109,art50,yes,yes,False,True,True
qwen3827b,S110,art5,no,no,False,True,False
qwen3827b,S110,annex_i,unclear,yes,False,False,False
qwen3827b,S110,annex_iii,none,none,False,True,False
qwen3827b,S110,derogation,not_applicable,not_applicable,False,True,False
qwen3827b,S110,profiling,not_applicable,not_applicable,False,True,False
qwen3827b,S110,art50,yes,yes,False,True,False
qwen3827b,S111,art5,no,no,False,True,True
qwen3827b,S111,annex_i,no,no,False,True,True
qwen3827b,S111,annex_iii,none,none,False,True,True
qwen3827b,S111,derogation,not_applicable,not_applicable,False,True,True
qwen3827b,S111,profiling,not_applicable,not_applicable,False,True,True
qwen3827b,S111,art50,yes,yes,False,True,True
qwen3827b,S112,art5,no,no,False,True,True
qwen3827b,S112,annex_i,no,no,False,True,True
qwen3827b,S112,annex_iii,none,none,False,True,True
qwen3827b,S112,derogation,not_applicable,not_applicable,False,True,True
qwen3827b,S112,profiling,not_applicable,not_applicable,False,True,True
qwen3827b,S112,art50,yes,yes,False,True,True
qwen3827b,S113,art5,no,no,False,True,True
qwen3827b,S113,annex_i,no,no,False,True,True
qwen3827b,S113,annex_iii,none,none,False,True,True
qwen3827b,S113,derogation,not_applicable,not_applicable,False,True,True
qwen3827b,S113,profiling,not_applicable,not_applicable,False,True,True
qwen3827b,S113,art50,yes,yes,False,True,True
qwen3827b,S114,art5,no,no,False,True,True
qwen3827b,S114,annex_i,no,no,False,True,True
qwen3827b,S114,annex_iii,none,none,False,True,True
qwen3827b,S114,derogation,not_applicable,not_applicable,False,True,True
qwen3827b,S114,profiling,not_applicable,not_applicable,False,True,True
qwen3827b,S114,art50,yes,yes,False,True,True
qwen3827b,S115,art5,no,no,False,True,True
qwen3827b,S115,annex_i,no,no,False,True,True
qwen3827b,S115,annex_iii,none,none,False,True,True
qwen3827b,S115,derogation,not_applicable,not_applicable,False,True,True
qwen3827b,S115,profiling,not_applicable,not_applicable,False,True,True
qwen3827b,S115,art50,yes,yes,False,True,True
qwen3827b,S116,art5,no,no,False,True,True
qwen3827b,S116,annex_i,no,no,False,True,True
qwen3827b,S116,annex_iii,none,none,False,True,True
qwen3827b,S116,derogation,not_applicable,not_applicable,False,True,True
qwen3827b,S116,profiling,not_applicable,not_applicable,False,True,True
qwen3827b,S116,art50,yes,yes,False,True,True
qwen3827b,S117,art5,no,no,False,True,True
qwen3827b,S117,annex_i,no,no,False,True,True
qwen3827b,S117,annex_iii,none,none,False,True,True
qwen3827b,S117,derogation,not_applicable,not_applicable,False,True,True
qwen3827b,S117,profiling,not_applicable,not_applicable,False,True,True
qwen3827b,S117,art50,yes,yes,False,True,True
qwen3827b,S118,art5,no,unclear,False,False,True
qwen3827b,S118,annex_i,no,no,False,True,True
qwen3827b,S118,annex_iii,none,none,False,True,True
qwen3827b,S118,derogation,not_applicable,not_applicable,False,True,True
qwen3827b,S118,profiling,not_applicable,not_applicable,False,True,True
qwen3827b,S118,art50,yes,yes,False,True,True
qwen3827b,S119,art5,no,no,False,True,True
qwen3827b,S119,annex_i,no,no,False,True,True
qwen3827b,S119,annex_iii,none,none,False,True,True
qwen3827b,S119,derogation,not_applicable,not_applicable,False,True,True
qwen3827b,S119,profiling,not_applicable,not_applicable,False,True,True
qwen3827b,S119,art50,yes,yes,False,True,True
qwen3827b,S120,art5,no,no,False,True,True
qwen3827b,S120,annex_i,no,no,False,True,True
qwen3827b,S120,annex_iii,law_enforcement,none,False,False,True
qwen3827b,S120,derogation,applies,not_applicable,False,False,True
qwen3827b,S120,profiling,no,not_applicable,False,False,True
qwen3827b,S120,art50,yes,yes,False,True,True
qwen3827b,S121,art5,no,no,False,True,True
qwen3827b,S121,annex_i,no,no,False,True,True
qwen3827b,S121,annex_iii,none,none,False,True,True
qwen3827b,S121,derogation,not_applicable,not_applicable,False,True,True
qwen3827b,S121,profiling,not_applicable,not_applicable,False,True,True
qwen3827b,S121,art50,yes,yes,False,True,True
qwen3827b,S122,art5,no,no,False,True,True
qwen3827b,S122,annex_i,no,no,False,True,True
qwen3827b,S122,annex_iii,none,none,False,True,True
qwen3827b,S122,derogation,not_applicable,not_applicable,False,True,True
qwen3827b,S122,profiling,not_applicable,not_applicable,False,True,True
qwen3827b,S122,art50,yes,yes,False,True,True
qwen3827b,S123,art5,yes,no,False,False,False
qwen3827b,S123,annex_i,no,no,False,True,False
qwen3827b,S123,annex_iii,biometrics,migration,False,False,False
qwen3827b,S123,derogation,not_applicable,does_not_apply,False,False,False
qwen3827b,S123,profiling,not_applicable,no,False,False,False
qwen3827b,S123,art50,no,no,False,True,False
qwen3827b,S124,art5,no,no,False,True,True
qwen3827b,S124,annex_i,no,no,False,True,True
qwen3827b,S124,annex_iii,none,none,False,True,True
qwen3827b,S124,derogation,not_applicable,not_applicable,False,True,True
qwen3827b,S124,profiling,not_applicable,not_applicable,False,True,True
qwen3827b,S124,art50,yes,yes,False,True,True
qwen3827b,S125,art5,no,no,False,True,True
qwen3827b,S125,annex_i,no,no,False,True,True
qwen3827b,S125,annex_iii,none,none,False,True,True
qwen3827b,S125,derogation,not_applicable,not_applicable,False,True,True
qwen3827b,S125,profiling,not_applicable,no,False,False,True
qwen3827b,S125,art50,yes,yes,False,True,True
qwen3827b,S126,art5,no,no,False,True,True
qwen3827b,S126,annex_i,no,no,False,True,True
qwen3827b,S126,annex_iii,none,none,False,True,True
qwen3827b,S126,derogation,not_applicable,not_applicable,False,True,True
qwen3827b,S126,profiling,not_applicable,not_applicable,False,True,True
qwen3827b,S126,art50,yes,yes,False,True,True
qwen3827b,S127,art5,yes,yes,False,True,True
qwen3827b,S127,annex_i,no,no,False,True,True
qwen3827b,S127,annex_iii,none,none,False,True,True
qwen3827b,S127,derogation,not_applicable,not_applicable,False,True,True
qwen3827b,S127,profiling,not_applicable,yes,False,False,True
qwen3827b,S127,art50,no,no,False,True,True
qwen3827b,S128,art5,no,no,False,True,True
qwen3827b,S128,annex_i,no,no,False,True,True
qwen3827b,S128,annex_iii,none,none,False,True,True
qwen3827b,S128,derogation,not_applicable,not_applicable,False,True,True
qwen3827b,S128,profiling,not_applicable,not_applicable,False,True,True
qwen3827b,S128,art50,yes,yes,False,True,True
qwen3827b,S129,art5,no,no,False,True,True
qwen3827b,S129,annex_i,no,no,False,True,True
qwen3827b,S129,annex_iii,none,none,False,True,True
qwen3827b,S129,derogation,not_applicable,not_applicable,False,True,True
qwen3827b,S129,profiling,not_applicable,not_applicable,False,True,True
qwen3827b,S129,art50,yes,yes,False,True,True
qwen3827b,S130,art5,no,no,False,True,True
qwen3827b,S130,annex_i,no,no,False,True,True
qwen3827b,S130,annex_iii,none,none,False,True,True
qwen3827b,S130,derogation,not_applicable,not_applicable,False,True,True
qwen3827b,S130,profiling,not_applicable,not_applicable,False,True,True
qwen3827b,S130,art50,yes,yes,False,True,True
qwen3827b,S131,art5,yes,yes,False,True,True
qwen3827b,S131,annex_i,no,no,False,True,True
qwen3827b,S131,annex_iii,none,none,False,True,True
qwen3827b,S131,derogation,not_applicable,not_applicable,False,True,True
qwen3827b,S131,profiling,not_applicable,not_applicable,False,True,True
qwen3827b,S131,art50,yes,yes,False,True,True
qwen3827b,S132,art5,no,no,False,True,True
qwen3827b,S132,annex_i,no,no,False,True,True
qwen3827b,S132,annex_iii,none,none,False,True,True
qwen3827b,S132,derogation,not_applicable,not_applicable,False,True,True
qwen3827b,S132,profiling,not_applicable,not_applicable,False,True,True
qwen3827b,S132,art50,yes,yes,False,True,True
qwen3827b,S133,art5,no,no,False,True,True
qwen3827b,S133,annex_i,no,no,False,True,True
qwen3827b,S133,annex_iii,none,none,False,True,True
qwen3827b,S133,derogation,not_applicable,not_applicable,False,True,True
qwen3827b,S133,profiling,not_applicable,not_applicable,False,True,True
qwen3827b,S133,art50,yes,yes,False,True,True
qwen3827b,S134,art5,no,yes,False,False,False
qwen3827b,S134,annex_i,no,no,False,True,False
qwen3827b,S134,annex_iii,none,justice_democracy,False,False,False
qwen3827b,S134,derogation,not_applicable,does_not_apply,False,False,False
qwen3827b,S134,profiling,not_applicable,no,False,False,False
qwen3827b,S134,art50,yes,yes,False,True,False
qwen3827b,S135,art5,no,unclear,False,False,True
qwen3827b,S135,annex_i,no,no,False,True,True
qwen3827b,S135,annex_iii,none,none,False,True,True
qwen3827b,S135,derogation,not_applicable,not_applicable,False,True,True
qwen3827b,S135,profiling,not_applicable,not_applicable,False,True,True
qwen3827b,S135,art50,yes,yes,False,True,True
qwen3827b,S136,art5,no,no,False,True,True
qwen3827b,S136,annex_i,no,no,False,True,True
qwen3827b,S136,annex_iii,none,none,False,True,True
qwen3827b,S136,derogation,not_applicable,not_applicable,False,True,True
qwen3827b,S136,profiling,not_applicable,not_applicable,False,True,True
qwen3827b,S136,art50,yes,yes,False,True,True
qwen3827b,S137,art5,no,no,False,True,True
qwen3827b,S137,annex_i,no,no,False,True,True
qwen3827b,S137,annex_iii,none,none,False,True,True
qwen3827b,S137,derogation,not_applicable,not_applicable,False,True,True
qwen3827b,S137,profiling,not_applicable,not_applicable,False,True,True
qwen3827b,S137,art50,yes,yes,False,True,True
qwen3827b,S138,art5,no,no,False,True,True
qwen3827b,S138,annex_i,yes,yes,False,True,True
qwen3827b,S138,annex_iii,none,none,False,True,True
qwen3827b,S138,derogation,not_applicable,not_applicable,False,True,True
qwen3827b,S138,profiling,not_applicable,not_applicable,False,True,True
qwen3827b,S138,art50,no,no,False,True,True
qwen3827b,S139,art5,no,no,False,True,True
qwen3827b,S139,annex_i,no,no,False,True,True
qwen3827b,S139,annex_iii,none,none,False,True,True
qwen3827b,S139,derogation,not_applicable,not_applicable,False,True,True
qwen3827b,S139,profiling,not_applicable,not_applicable,False,True,True
qwen3827b,S139,art50,yes,yes,False,True,True
qwen3827b,S140,art5,no,no,False,True,False
qwen3827b,S140,annex_i,unclear,no,False,False,False
qwen3827b,S140,annex_iii,unclear,none,False,False,False
qwen3827b,S140,derogation,unclear,not_applicable,False,False,False
qwen3827b,S140,profiling,unclear,not_applicable,False,False,False
qwen3827b,S140,art50,unclear,yes,False,False,False
qwen3827b,S141,art5,no,no,False,True,True
qwen3827b,S141,annex_i,no,no,False,True,True
qwen3827b,S141,annex_iii,none,none,False,True,True
qwen3827b,S141,derogation,not_applicable,not_applicable,False,True,True
qwen3827b,S141,profiling,not_applicable,not_applicable,False,True,True
qwen3827b,S141,art50,yes,yes,False,True,True
qwen3827b,S142,art5,no,no,False,True,True
qwen3827b,S142,annex_i,yes,yes,False,True,True
qwen3827b,S142,annex_iii,none,none,False,True,True
qwen3827b,S142,derogation,not_applicable,not_applicable,False,True,True
qwen3827b,S142,profiling,not_applicable,not_applicable,False,True,True
qwen3827b,S142,art50,no,no,False,True,True
qwen3827b,S143,art5,yes,unclear,False,False,False
qwen3827b,S143,annex_i,no,no,False,True,False
qwen3827b,S143,annex_iii,none,none,False,True,False
qwen3827b,S143,derogation,not_applicable,not_applicable,False,True,False
qwen3827b,S143,profiling,not_applicable,not_applicable,False,True,False
qwen3827b,S143,art50,yes,yes,False,True,False
qwen3827b,S144,art5,no,no,False,True,True
qwen3827b,S144,annex_i,no,no,False,True,True
qwen3827b,S144,annex_iii,none,none,False,True,True
qwen3827b,S144,derogation,not_applicable,not_applicable,False,True,True
qwen3827b,S144,profiling,not_applicable,not_applicable,False,True,True
qwen3827b,S144,art50,no,no,False,True,True
qwen3827b,S145,art5,no,no,False,True,True
qwen3827b,S145,annex_i,no,no,False,True,True
qwen3827b,S145,annex_iii,none,none,False,True,True
qwen3827b,S145,derogation,not_applicable,not_applicable,False,True,True
qwen3827b,S145,profiling,not_applicable,not_applicable,False,True,True
qwen3827b,S145,art50,yes,yes,False,True,True
qwen3827b,S146,art5,no,no,False,True,True
qwen3827b,S146,annex_i,yes,yes,False,True,True
qwen3827b,S146,annex_iii,none,critical_infrastructure,False,False,True
qwen3827b,S146,derogation,not_applicable,not_applicable,False,True,True
qwen3827b,S146,profiling,not_applicable,not_applicable,False,True,True
qwen3827b,S146,art50,no,no,False,True,True
qwen3827b,S147,art5,no,no,False,True,True
qwen3827b,S147,annex_i,no,no,False,True,True
qwen3827b,S147,annex_iii,none,none,False,True,True
qwen3827b,S147,derogation,not_applicable,not_applicable,False,True,True
qwen3827b,S147,profiling,not_applicable,not_applicable,False,True,True
qwen3827b,S147,art50,yes,yes,False,True,True
qwen3827b,S148,art5,no,no,False,True,True
qwen3827b,S148,annex_i,no,no,False,True,True
qwen3827b,S148,annex_iii,none,none,False,True,True
qwen3827b,S148,derogation,not_applicable,not_applicable,False,True,True
qwen3827b,S148,profiling,not_applicable,not_applicable,False,True,True
qwen3827b,S148,art50,yes,yes,False,True,True
qwen3827b,S149,art5,no,no,False,True,True
qwen3827b,S149,annex_i,no,no,False,True,True
qwen3827b,S149,annex_iii,none,none,False,True,True
qwen3827b,S149,derogation,not_applicable,not_applicable,False,True,True
qwen3827b,S149,profiling,not_applicable,not_applicable,False,True,True
qwen3827b,S149,art50,yes,yes,False,True,True
qwen3827b,S150,art5,no,no,False,True,True
qwen3827b,S150,annex_i,no,no,False,True,True
qwen3827b,S150,annex_iii,none,none,False,True,True
qwen3827b,S150,derogation,not_applicable,not_applicable,False,True,True
qwen3827b,S150,profiling,not_applicable,not_applicable,False,True,True
qwen3827b,S150,art50,yes,yes,False,True,True
qwen38max,S001,art5,no,no,False,True,True
qwen38max,S001,annex_i,no,no,False,True,True
qwen38max,S001,annex_iii,none,none,False,True,True
qwen38max,S001,derogation,not_applicable,not_applicable,False,True,True
qwen38max,S001,profiling,not_applicable,not_applicable,False,True,True
qwen38max,S001,art50,no,no,False,True,True
qwen38max,S002,art5,no,no,False,True,True
qwen38max,S002,annex_i,no,no,False,True,True
qwen38max,S002,annex_iii,none,none,False,True,True
qwen38max,S002,derogation,not_applicable,not_applicable,False,True,True
qwen38max,S002,profiling,not_applicable,not_applicable,False,True,True
qwen38max,S002,art50,yes,yes,False,True,True
qwen38max,S003,art5,no,no,False,True,True
qwen38max,S003,annex_i,no,no,False,True,True
qwen38max,S003,annex_iii,none,none,False,True,True
qwen38max,S003,derogation,not_applicable,not_applicable,False,True,True
qwen38max,S003,profiling,not_applicable,not_applicable,False,True,True
qwen38max,S003,art50,yes,yes,False,True,True
qwen38max,S004,art5,no,no,False,True,True
qwen38max,S004,annex_i,no,no,False,True,True
qwen38max,S004,annex_iii,none,none,False,True,True
qwen38max,S004,derogation,not_applicable,not_applicable,False,True,True
qwen38max,S004,profiling,not_applicable,not_applicable,False,True,True
qwen38max,S004,art50,yes,yes,False,True,True
qwen38max,S005,art5,no,no,False,True,False
qwen38max,S005,annex_i,no,no,False,True,False
qwen38max,S005,annex_iii,migration,none,False,False,False
qwen38max,S005,derogation,does_not_apply,not_applicable,False,False,False
qwen38max,S005,profiling,no,not_applicable,False,False,False
qwen38max,S005,art50,no,no,False,True,False
qwen38max,S006,art5,no,no,False,True,True
qwen38max,S006,annex_i,no,no,False,True,True
qwen38max,S006,annex_iii,essential_services,essential_services,False,True,True
qwen38max,S006,derogation,does_not_apply,does_not_apply,False,True,True
qwen38max,S006,profiling,yes,yes,False,True,True
qwen38max,S006,art50,no,no,False,True,True
qwen38max,S007,art5,no,no,False,True,False
qwen38max,S007,annex_i,no,no,False,True,False
qwen38max,S007,annex_iii,migration,none,False,False,False
qwen38max,S007,derogation,does_not_apply,not_applicable,False,False,False
qwen38max,S007,profiling,no,not_applicable,False,False,False
qwen38max,S007,art50,no,no,False,True,False
qwen38max,S008,art5,no,no,False,True,True
qwen38max,S008,annex_i,yes,yes,False,True,True
qwen38max,S008,annex_iii,none,none,False,True,True
qwen38max,S008,derogation,not_applicable,not_applicable,False,True,True
qwen38max,S008,profiling,not_applicable,not_applicable,False,True,True
qwen38max,S008,art50,no,no,False,True,True
qwen38max,S009,art5,no,no,False,True,True
qwen38max,S009,annex_i,yes,yes,False,True,True
qwen38max,S009,annex_iii,none,none,False,True,True
qwen38max,S009,derogation,not_applicable,not_applicable,False,True,True
qwen38max,S009,profiling,not_applicable,not_applicable,False,True,True
qwen38max,S009,art50,no,no,False,True,True
qwen38max,S010,art5,yes,yes,False,True,True
qwen38max,S010,annex_i,no,no,False,True,True
qwen38max,S010,annex_iii,biometrics,biometrics,False,True,True
qwen38max,S010,derogation,not_applicable,not_applicable,False,True,True
qwen38max,S010,profiling,not_applicable,not_applicable,False,True,True
qwen38max,S010,art50,yes,yes,False,True,True
qwen38max,S011,art5,no,yes,False,False,False
qwen38max,S011,annex_i,no,no,False,True,False
qwen38max,S011,annex_iii,biometrics,biometrics,False,True,False
qwen38max,S011,derogation,does_not_apply,not_applicable,False,False,False
qwen38max,S011,profiling,no,not_applicable,False,False,False
qwen38max,S011,art50,no,no,False,True,False
qwen38max,S012,art5,no,no,False,True,True
qwen38max,S012,annex_i,no,no,False,True,True
qwen38max,S012,annex_iii,essential_services,essential_services,False,True,True
qwen38max,S012,derogation,does_not_apply,does_not_apply,False,True,True
qwen38max,S012,profiling,yes,yes,False,True,True
qwen38max,S012,art50,no,no,False,True,True
qwen38max,S013,art5,no,no,False,True,True
qwen38max,S013,annex_i,no,no,False,True,True
qwen38max,S013,annex_iii,law_enforcement,law_enforcement,False,True,True
qwen38max,S013,derogation,does_not_apply,does_not_apply,False,True,True
qwen38max,S013,profiling,no,no,False,True,True
qwen38max,S013,art50,no,no,False,True,True
qwen38max,S014,art5,no,no,False,True,True
qwen38max,S014,annex_i,no,no,False,True,True
qwen38max,S014,annex_iii,none,none,False,True,True
qwen38max,S014,derogation,not_applicable,not_applicable,False,True,True
qwen38max,S014,profiling,not_applicable,not_applicable,False,True,True
qwen38max,S014,art50,no,no,False,True,True
qwen38max,S015,art5,no,no,False,True,True
qwen38max,S015,annex_i,no,no,False,True,True
qwen38max,S015,annex_iii,none,none,False,True,True
qwen38max,S015,derogation,not_applicable,not_applicable,False,True,True
qwen38max,S015,profiling,not_applicable,not_applicable,False,True,True
qwen38max,S015,art50,no,no,False,True,True
qwen38max,S016,art5,no,no,False,True,True
qwen38max,S016,annex_i,yes,yes,False,True,True
qwen38max,S016,annex_iii,none,none,False,True,True
qwen38max,S016,derogation,not_applicable,not_applicable,False,True,True
qwen38max,S016,profiling,not_applicable,not_applicable,False,True,True
qwen38max,S016,art50,no,no,False,True,True
qwen38max,S017,art5,no,no,False,True,True
qwen38max,S017,annex_i,no,no,False,True,True
qwen38max,S017,annex_iii,biometrics,biometrics,False,True,True
qwen38max,S017,derogation,does_not_apply,does_not_apply,False,True,True
qwen38max,S017,profiling,no,no,False,True,True
qwen38max,S017,art50,no,no,False,True,True
qwen38max,S018,art5,no,no,False,True,True
qwen38max,S018,annex_i,no,no,False,True,True
qwen38max,S018,annex_iii,none,none,False,True,True
qwen38max,S018,derogation,not_applicable,not_applicable,False,True,True
qwen38max,S018,profiling,not_applicable,not_applicable,False,True,True
qwen38max,S018,art50,yes,yes,False,True,True
qwen38max,S020,art5,no,no,False,True,True
qwen38max,S020,annex_i,no,no,False,True,True
qwen38max,S020,annex_iii,none,none,False,True,True
qwen38max,S020,derogation,not_applicable,not_applicable,False,True,True
qwen38max,S020,profiling,not_applicable,not_applicable,False,True,True
qwen38max,S020,art50,no,no,False,True,True
qwen38max,S021,art5,no,no,False,True,True
qwen38max,S021,annex_i,no,no,False,True,True
qwen38max,S021,annex_iii,migration,migration,False,True,True
qwen38max,S021,derogation,does_not_apply,does_not_apply,False,True,True
qwen38max,S021,profiling,yes,yes,False,True,True
qwen38max,S021,art50,no,no,False,True,True
qwen38max,S022,art5,no,no,False,True,True
qwen38max,S022,annex_i,no,no,False,True,True
qwen38max,S022,annex_iii,biometrics,law_enforcement,False,False,True
qwen38max,S022,derogation,does_not_apply,does_not_apply,False,True,True
qwen38max,S022,profiling,no,yes,False,False,True
qwen38max,S022,art50,no,no,False,True,True
qwen38max,S023,art5,no,no,False,True,True
qwen38max,S023,annex_i,no,no,False,True,True
qwen38max,S023,annex_iii,biometrics,biometrics,False,True,True
qwen38max,S023,derogation,does_not_apply,does_not_apply,False,True,True
qwen38max,S023,profiling,no,yes,False,False,True
qwen38max,S023,art50,no,yes,False,False,True
qwen38max,S024,art5,no,no,False,True,True
qwen38max,S024,annex_i,no,no,False,True,True
qwen38max,S024,annex_iii,none,none,False,True,True
qwen38max,S024,derogation,not_applicable,not_applicable,False,True,True
qwen38max,S024,profiling,not_applicable,not_applicable,False,True,True
qwen38max,S024,art50,no,no,False,True,True
qwen38max,S025,art5,yes,yes,False,True,True
qwen38max,S025,annex_i,no,no,False,True,True
qwen38max,S025,annex_iii,biometrics,law_enforcement,False,False,True
qwen38max,S025,derogation,not_applicable,not_applicable,False,True,True
qwen38max,S025,profiling,not_applicable,not_applicable,False,True,True
qwen38max,S025,art50,no,no,False,True,True
qwen38max,S027,art5,no,no,False,True,True
qwen38max,S027,annex_i,no,no,False,True,True
qwen38max,S027,annex_iii,migration,migration,False,True,True
qwen38max,S027,derogation,does_not_apply,does_not_apply,False,True,True
qwen38max,S027,profiling,yes,yes,False,True,True
qwen38max,S027,art50,no,no,False,True,True
qwen38max,S029,art5,no,no,False,True,True
qwen38max,S029,annex_i,no,no,False,True,True
qwen38max,S029,annex_iii,none,none,False,True,True
qwen38max,S029,derogation,not_applicable,not_applicable,False,True,True
qwen38max,S029,profiling,not_applicable,not_applicable,False,True,True
qwen38max,S029,art50,yes,yes,False,True,True
qwen38max,S030,art5,no,no,False,True,True
qwen38max,S030,annex_i,yes,yes,False,True,True
qwen38max,S030,annex_iii,none,none,False,True,True
qwen38max,S030,derogation,not_applicable,not_applicable,False,True,True
qwen38max,S030,profiling,not_applicable,not_applicable,False,True,True
qwen38max,S030,art50,no,no,False,True,True
qwen38max,S031,art5,no,no,False,True,True
qwen38max,S031,annex_i,no,no,False,True,True
qwen38max,S031,annex_iii,biometrics,biometrics,False,True,True
qwen38max,S031,derogation,does_not_apply,does_not_apply,False,True,True
qwen38max,S031,profiling,yes,yes,False,True,True
qwen38max,S031,art50,yes,yes,False,True,True
qwen38max,S032,art5,unclear,yes,False,False,False
qwen38max,S032,annex_i,no,no,False,True,False
qwen38max,S032,annex_iii,biometrics,law_enforcement,False,False,False
qwen38max,S032,derogation,does_not_apply,not_applicable,False,False,False
qwen38max,S032,profiling,no,not_applicable,False,False,False
qwen38max,S032,art50,no,no,False,True,False
qwen38max,S033,art5,no,yes,False,False,False
qwen38max,S033,annex_i,no,no,False,True,False
qwen38max,S033,annex_iii,biometrics,law_enforcement,False,False,False
qwen38max,S033,derogation,does_not_apply,not_applicable,False,False,False
qwen38max,S033,profiling,no,not_applicable,False,False,False
qwen38max,S033,art50,no,no,False,True,False
qwen38max,S034,art5,no,no,False,True,True
qwen38max,S034,annex_i,no,no,False,True,True
qwen38max,S034,annex_iii,employment,employment,False,True,True
qwen38max,S034,derogation,does_not_apply,does_not_apply,False,True,True
qwen38max,S034,profiling,yes,yes,False,True,True
qwen38max,S034,art50,no,no,False,True,True
qwen38max,S035,art5,no,no,False,True,True
qwen38max,S035,annex_i,no,no,False,True,True
qwen38max,S035,annex_iii,none,none,False,True,True
qwen38max,S035,derogation,not_applicable,not_applicable,False,True,True
qwen38max,S035,profiling,not_applicable,not_applicable,False,True,True
qwen38max,S035,art50,yes,yes,False,True,True
qwen38max,S036,art5,no,no,False,True,True
qwen38max,S036,annex_i,no,no,False,True,True
qwen38max,S036,annex_iii,education,education,False,True,True
qwen38max,S036,derogation,does_not_apply,does_not_apply,False,True,True
qwen38max,S036,profiling,yes,yes,False,True,True
qwen38max,S036,art50,no,yes,False,False,True
qwen38max,S037,art5,no,no,False,True,True
qwen38max,S037,annex_i,yes,yes,False,True,True
qwen38max,S037,annex_iii,none,none,False,True,True
qwen38max,S037,derogation,not_applicable,not_applicable,False,True,True
qwen38max,S037,profiling,not_applicable,not_applicable,False,True,True
qwen38max,S037,art50,no,no,False,True,True
qwen38max,S038,art5,no,no,False,True,True
qwen38max,S038,annex_i,no,no,False,True,True
qwen38max,S038,annex_iii,none,none,False,True,True
qwen38max,S038,derogation,not_applicable,not_applicable,False,True,True
qwen38max,S038,profiling,not_applicable,not_applicable,False,True,True
qwen38max,S038,art50,no,no,False,True,True
qwen38max,S039,art5,no,no,False,True,True
qwen38max,S039,annex_i,no,no,False,True,True
qwen38max,S039,annex_iii,migration,migration,False,True,True
qwen38max,S039,derogation,does_not_apply,does_not_apply,False,True,True
qwen38max,S039,profiling,yes,yes,False,True,True
qwen38max,S039,art50,no,no,False,True,True
qwen38max,S040,art5,no,no,False,True,False
qwen38max,S040,annex_i,no,no,False,True,False
qwen38max,S040,annex_iii,none,essential_services,False,False,False
qwen38max,S040,derogation,not_applicable,does_not_apply,False,False,False
qwen38max,S040,profiling,not_applicable,yes,False,False,False
qwen38max,S040,art50,no,no,False,True,False
qwen38max,S042,art5,no,no,False,True,True
qwen38max,S042,annex_i,yes,yes,False,True,True
qwen38max,S042,annex_iii,none,none,False,True,True
qwen38max,S042,derogation,not_applicable,not_applicable,False,True,True
qwen38max,S042,profiling,not_applicable,not_applicable,False,True,True
qwen38max,S042,art50,no,no,False,True,True
qwen38max,S043,art5,no,no,False,True,True
qwen38max,S043,annex_i,no,no,False,True,True
qwen38max,S043,annex_iii,migration,migration,False,True,True
qwen38max,S043,derogation,does_not_apply,does_not_apply,False,True,True
qwen38max,S043,profiling,no,no,False,True,True
qwen38max,S043,art50,no,no,False,True,True
qwen38max,S044,art5,no,no,False,True,True
qwen38max,S044,annex_i,no,no,False,True,True
qwen38max,S044,annex_iii,none,none,False,True,True
qwen38max,S044,derogation,not_applicable,not_applicable,False,True,True
qwen38max,S044,profiling,not_applicable,not_applicable,False,True,True
qwen38max,S044,art50,yes,yes,False,True,True
qwen38max,S045,art5,no,unclear,False,False,True
qwen38max,S045,annex_i,no,no,False,True,True
qwen38max,S045,annex_iii,none,none,False,True,True
qwen38max,S045,derogation,not_applicable,not_applicable,False,True,True
qwen38max,S045,profiling,not_applicable,not_applicable,False,True,True
qwen38max,S045,art50,yes,yes,False,True,True
qwen38max,S046,art5,no,no,False,True,True
qwen38max,S046,annex_i,no,no,False,True,True
qwen38max,S046,annex_iii,essential_services,essential_services,False,True,True
qwen38max,S046,derogation,does_not_apply,does_not_apply,False,True,True
qwen38max,S046,profiling,not_applicable,yes,False,False,True
qwen38max,S046,art50,no,no,False,True,True
qwen38max,S047,art5,no,no,False,True,True
qwen38max,S047,annex_i,no,no,False,True,True
qwen38max,S047,annex_iii,biometrics,law_enforcement,False,False,True
qwen38max,S047,derogation,does_not_apply,does_not_apply,False,True,True
qwen38max,S047,profiling,no,no,False,True,True
qwen38max,S047,art50,no,no,False,True,True
qwen38max,S048,art5,no,no,False,True,True
qwen38max,S048,annex_i,no,no,False,True,True
qwen38max,S048,annex_iii,none,none,False,True,True
qwen38max,S048,derogation,not_applicable,not_applicable,False,True,True
qwen38max,S048,profiling,not_applicable,not_applicable,False,True,True
qwen38max,S048,art50,yes,yes,False,True,True
qwen38max,S049,art5,no,no,False,True,True
qwen38max,S049,annex_i,no,no,False,True,True
qwen38max,S049,annex_iii,migration,migration,False,True,True
qwen38max,S049,derogation,does_not_apply,does_not_apply,False,True,True
qwen38max,S049,profiling,no,no,False,True,True
qwen38max,S049,art50,yes,yes,False,True,True
qwen38max,S050,art5,no,no,False,True,True
qwen38max,S050,annex_i,yes,yes,False,True,True
qwen38max,S050,annex_iii,none,none,False,True,True
qwen38max,S050,derogation,not_applicable,not_applicable,False,True,True
qwen38max,S050,profiling,not_applicable,not_applicable,False,True,True
qwen38max,S050,art50,no,no,False,True,True
qwen38max,S051,art5,no,no,False,True,True
qwen38max,S051,annex_i,no,no,False,True,True
qwen38max,S051,annex_iii,essential_services,essential_services,False,True,True
qwen38max,S051,derogation,does_not_apply,does_not_apply,False,True,True
qwen38max,S051,profiling,yes,yes,False,True,True
qwen38max,S051,art50,no,no,False,True,True
qwen38max,S052,art5,no,no,False,True,True
qwen38max,S052,annex_i,yes,yes,False,True,True
qwen38max,S052,annex_iii,none,none,False,True,True
qwen38max,S052,derogation,not_applicable,not_applicable,False,True,True
qwen38max,S052,profiling,not_applicable,not_applicable,False,True,True
qwen38max,S052,art50,no,no,False,True,True
qwen38max,S053,art5,unclear,no,False,False,True
qwen38max,S053,annex_i,no,no,False,True,True
qwen38max,S053,annex_iii,none,none,False,True,True
qwen38max,S053,derogation,not_applicable,not_applicable,False,True,True
qwen38max,S053,profiling,not_applicable,not_applicable,False,True,True
qwen38max,S053,art50,yes,yes,False,True,True
qwen38max,S054,art5,no,no,False,True,True
qwen38max,S054,annex_i,no,no,False,True,True
qwen38max,S054,annex_iii,employment,employment,False,True,True
qwen38max,S054,derogation,does_not_apply,does_not_apply,False,True,True
qwen38max,S054,profiling,yes,yes,False,True,True
qwen38max,S054,art50,no,no,False,True,True
qwen38max,S055,art5,no,no,False,True,True
qwen38max,S055,annex_i,no,no,False,True,True
qwen38max,S055,annex_iii,none,none,False,True,True
qwen38max,S055,derogation,not_applicable,not_applicable,False,True,True
qwen38max,S055,profiling,not_applicable,not_applicable,False,True,True
qwen38max,S055,art50,no,no,False,True,True
qwen38max,S056,art5,unclear,no,False,False,True
qwen38max,S056,annex_i,no,no,False,True,True
qwen38max,S056,annex_iii,none,none,False,True,True
qwen38max,S056,derogation,not_applicable,not_applicable,False,True,True
qwen38max,S056,profiling,not_applicable,not_applicable,False,True,True
qwen38max,S056,art50,yes,yes,False,True,True
qwen38max,S057,art5,no,no,False,True,True
qwen38max,S057,annex_i,no,no,False,True,True
qwen38max,S057,annex_iii,none,none,False,True,True
qwen38max,S057,derogation,not_applicable,not_applicable,False,True,True
qwen38max,S057,profiling,not_applicable,not_applicable,False,True,True
qwen38max,S057,art50,yes,yes,False,True,True
qwen38max,S058,art5,no,no,False,True,True
qwen38max,S058,annex_i,no,no,False,True,True
qwen38max,S058,annex_iii,none,none,False,True,True
qwen38max,S058,derogation,not_applicable,not_applicable,False,True,True
qwen38max,S058,profiling,not_applicable,not_applicable,False,True,True
qwen38max,S058,art50,no,no,False,True,True
qwen38max,S060,art5,no,no,False,True,True
qwen38max,S060,annex_i,no,no,False,True,True
qwen38max,S060,annex_iii,biometrics,biometrics,False,True,True
qwen38max,S060,derogation,does_not_apply,does_not_apply,False,True,True
qwen38max,S060,profiling,yes,yes,False,True,True
qwen38max,S060,art50,no,no,False,True,True
qwen38max,S061,art5,no,no,False,True,True
qwen38max,S061,annex_i,no,no,False,True,True
qwen38max,S061,annex_iii,biometrics,biometrics,False,True,True
qwen38max,S061,derogation,does_not_apply,does_not_apply,False,True,True
qwen38max,S061,profiling,yes,no,False,False,True
qwen38max,S061,art50,no,no,False,True,True
qwen38max,S062,art5,no,no,False,True,True
qwen38max,S062,annex_i,yes,yes,False,True,True
qwen38max,S062,annex_iii,none,none,False,True,True
qwen38max,S062,derogation,not_applicable,not_applicable,False,True,True
qwen38max,S062,profiling,not_applicable,not_applicable,False,True,True
qwen38max,S062,art50,no,no,False,True,True
qwen38max,S063,art5,no,no,False,True,True
qwen38max,S063,annex_i,no,no,False,True,True
qwen38max,S063,annex_iii,none,none,False,True,True
qwen38max,S063,derogation,not_applicable,not_applicable,False,True,True
qwen38max,S063,profiling,not_applicable,not_applicable,False,True,True
qwen38max,S063,art50,yes,yes,False,True,True
qwen38max,S064,art5,no,no,False,True,True
qwen38max,S064,annex_i,no,no,False,True,True
qwen38max,S064,annex_iii,none,none,False,True,True
qwen38max,S064,derogation,not_applicable,not_applicable,False,True,True
qwen38max,S064,profiling,not_applicable,not_applicable,False,True,True
qwen38max,S064,art50,yes,yes,False,True,True
qwen38max,S065,art5,no,no,False,True,True
qwen38max,S065,annex_i,no,no,False,True,True
qwen38max,S065,annex_iii,none,none,False,True,True
qwen38max,S065,derogation,not_applicable,not_applicable,False,True,True
qwen38max,S065,profiling,not_applicable,not_applicable,False,True,True
qwen38max,S065,art50,yes,yes,False,True,True
qwen38max,S066,art5,no,no,False,True,True
qwen38max,S066,annex_i,no,no,False,True,True
qwen38max,S066,annex_iii,justice_democracy,justice_democracy,False,True,True
qwen38max,S066,derogation,does_not_apply,does_not_apply,False,True,True
qwen38max,S066,profiling,no,no,False,True,True
qwen38max,S066,art50,yes,yes,False,True,True
qwen38max,S068,art5,no,no,False,True,True
qwen38max,S068,annex_i,no,no,False,True,True
qwen38max,S068,annex_iii,none,none,False,True,True
qwen38max,S068,derogation,not_applicable,not_applicable,False,True,True
qwen38max,S068,profiling,not_applicable,not_applicable,False,True,True
qwen38max,S068,art50,yes,yes,False,True,True
qwen38max,S069,art5,yes,no,False,False,False
qwen38max,S069,annex_i,no,no,False,True,False
qwen38max,S069,annex_iii,none,none,False,True,False
qwen38max,S069,derogation,not_applicable,not_applicable,False,True,False
qwen38max,S069,profiling,not_applicable,not_applicable,False,True,False
qwen38max,S069,art50,yes,yes,False,True,False
qwen38max,S070,art5,no,no,False,True,True
qwen38max,S070,annex_i,yes,yes,False,True,True
qwen38max,S070,annex_iii,none,none,False,True,True
qwen38max,S070,derogation,not_applicable,not_applicable,False,True,True
qwen38max,S070,profiling,not_applicable,not_applicable,False,True,True
qwen38max,S070,art50,no,no,False,True,True
qwen38max,S071,art5,no,no,False,True,True
qwen38max,S071,annex_i,yes,yes,False,True,True
qwen38max,S071,annex_iii,none,none,False,True,True
qwen38max,S071,derogation,not_applicable,not_applicable,False,True,True
qwen38max,S071,profiling,not_applicable,not_applicable,False,True,True
qwen38max,S071,art50,no,no,False,True,True
qwen38max,S072,art5,unclear,unclear,False,True,True
qwen38max,S072,annex_i,unclear,unclear,False,True,True
qwen38max,S072,annex_iii,unclear,none,False,False,True
qwen38max,S072,derogation,unclear,not_applicable,False,False,True
qwen38max,S072,profiling,unclear,not_applicable,False,False,True
qwen38max,S072,art50,unclear,unclear,False,True,True
qwen38max,S073,art5,no,no,False,True,True
qwen38max,S073,annex_i,no,no,False,True,True
qwen38max,S073,annex_iii,essential_services,essential_services,False,True,True
qwen38max,S073,derogation,does_not_apply,does_not_apply,False,True,True
qwen38max,S073,profiling,yes,yes,False,True,True
qwen38max,S073,art50,no,no,False,True,True
qwen38max,S074,art5,no,no,False,True,True
qwen38max,S074,annex_i,no,no,False,True,True
qwen38max,S074,annex_iii,none,none,False,True,True
qwen38max,S074,derogation,not_applicable,not_applicable,False,True,True
qwen38max,S074,profiling,not_applicable,not_applicable,False,True,True
qwen38max,S074,art50,yes,yes,False,True,True
qwen38max,S075,art5,no,no,False,True,True
qwen38max,S075,annex_i,no,no,False,True,True
qwen38max,S075,annex_iii,none,none,False,True,True
qwen38max,S075,derogation,not_applicable,not_applicable,False,True,True
qwen38max,S075,profiling,not_applicable,not_applicable,False,True,True
qwen38max,S075,art50,yes,yes,False,True,True
qwen38max,S076,art5,no,no,False,True,True
qwen38max,S076,annex_i,no,no,False,True,True
qwen38max,S076,annex_iii,none,none,False,True,True
qwen38max,S076,derogation,not_applicable,not_applicable,False,True,True
qwen38max,S076,profiling,not_applicable,not_applicable,False,True,True
qwen38max,S076,art50,yes,yes,False,True,True
qwen38max,S077,art5,no,no,False,True,True
qwen38max,S077,annex_i,no,no,False,True,True
qwen38max,S077,annex_iii,none,none,False,True,True
qwen38max,S077,derogation,not_applicable,not_applicable,False,True,True
qwen38max,S077,profiling,not_applicable,not_applicable,False,True,True
qwen38max,S077,art50,yes,yes,False,True,True
qwen38max,S078,art5,no,unclear,False,False,True
qwen38max,S078,annex_i,no,no,False,True,True
qwen38max,S078,annex_iii,none,none,False,True,True
qwen38max,S078,derogation,not_applicable,not_applicable,False,True,True
qwen38max,S078,profiling,not_applicable,not_applicable,False,True,True
qwen38max,S078,art50,yes,yes,False,True,True
qwen38max,S079,art5,no,no,False,True,True
qwen38max,S079,annex_i,no,no,False,True,True
qwen38max,S079,annex_iii,none,none,False,True,True
qwen38max,S079,derogation,not_applicable,not_applicable,False,True,True
qwen38max,S079,profiling,not_applicable,not_applicable,False,True,True
qwen38max,S079,art50,yes,yes,False,True,True
qwen38max,S080,art5,no,no,False,True,True
qwen38max,S080,annex_i,no,no,False,True,True
qwen38max,S080,annex_iii,none,none,False,True,True
qwen38max,S080,derogation,not_applicable,not_applicable,False,True,True
qwen38max,S080,profiling,not_applicable,not_applicable,False,True,True
qwen38max,S080,art50,yes,yes,False,True,True
qwen38max,S081,art5,no,no,False,True,True
qwen38max,S081,annex_i,no,no,False,True,True
qwen38max,S081,annex_iii,law_enforcement,law_enforcement,False,True,True
qwen38max,S081,derogation,does_not_apply,does_not_apply,False,True,True
qwen38max,S081,profiling,yes,yes,False,True,True
qwen38max,S081,art50,no,no,False,True,True
qwen38max,S082,art5,no,no,False,True,True
qwen38max,S082,annex_i,no,no,False,True,True
qwen38max,S082,annex_iii,essential_services,essential_services,False,True,True
qwen38max,S082,derogation,does_not_apply,does_not_apply,False,True,True
qwen38max,S082,profiling,yes,yes,False,True,True
qwen38max,S082,art50,no,no,False,True,True
qwen38max,S083,art5,no,unclear,False,False,True
qwen38max,S083,annex_i,no,no,False,True,True
qwen38max,S083,annex_iii,none,none,False,True,True
qwen38max,S083,derogation,not_applicable,not_applicable,False,True,True
qwen38max,S083,profiling,not_applicable,not_applicable,False,True,True
qwen38max,S083,art50,yes,yes,False,True,True
qwen38max,S084,art5,no,yes,False,False,False
qwen38max,S084,annex_i,no,no,False,True,False
qwen38max,S084,annex_iii,none,none,False,True,False
qwen38max,S084,derogation,not_applicable,not_applicable,False,True,False
qwen38max,S084,profiling,not_applicable,not_applicable,False,True,False
qwen38max,S084,art50,yes,yes,False,True,False
qwen38max,S085,art5,no,yes,False,False,False
qwen38max,S085,annex_i,no,no,False,True,False
qwen38max,S085,annex_iii,none,none,False,True,False
qwen38max,S085,derogation,not_applicable,not_applicable,False,True,False
qwen38max,S085,profiling,not_applicable,not_applicable,False,True,False
qwen38max,S085,art50,yes,yes,False,True,False
qwen38max,S086,art5,no,unclear,False,False,True
qwen38max,S086,annex_i,no,no,False,True,True
qwen38max,S086,annex_iii,none,none,False,True,True
qwen38max,S086,derogation,not_applicable,not_applicable,False,True,True
qwen38max,S086,profiling,not_applicable,not_applicable,False,True,True
qwen38max,S086,art50,yes,yes,False,True,True
qwen38max,S087,art5,no,no,False,True,True
qwen38max,S087,annex_i,no,no,False,True,True
qwen38max,S087,annex_iii,none,none,False,True,True
qwen38max,S087,derogation,not_applicable,not_applicable,False,True,True
qwen38max,S087,profiling,not_applicable,not_applicable,False,True,True
qwen38max,S087,art50,yes,yes,False,True,True
qwen38max,S088,art5,no,yes,False,False,False
qwen38max,S088,annex_i,no,no,False,True,False
qwen38max,S088,annex_iii,none,none,False,True,False
qwen38max,S088,derogation,not_applicable,not_applicable,False,True,False
qwen38max,S088,profiling,not_applicable,not_applicable,False,True,False
qwen38max,S088,art50,yes,yes,False,True,False
qwen38max,S089,art5,no,no,False,True,True
qwen38max,S089,annex_i,no,no,False,True,True
qwen38max,S089,annex_iii,none,none,False,True,True
qwen38max,S089,derogation,not_applicable,not_applicable,False,True,True
qwen38max,S089,profiling,not_applicable,not_applicable,False,True,True
qwen38max,S089,art50,yes,yes,False,True,True
qwen38max,S090,art5,no,no,False,True,True
qwen38max,S090,annex_i,yes,yes,False,True,True
qwen38max,S090,annex_iii,none,none,False,True,True
qwen38max,S090,derogation,not_applicable,not_applicable,False,True,True
qwen38max,S090,profiling,not_applicable,not_applicable,False,True,True
qwen38max,S090,art50,no,no,False,True,True
qwen38max,S091,art5,no,unclear,False,False,True
qwen38max,S091,annex_i,no,no,False,True,True
qwen38max,S091,annex_iii,none,none,False,True,True
qwen38max,S091,derogation,not_applicable,not_applicable,False,True,True
qwen38max,S091,profiling,not_applicable,not_applicable,False,True,True
qwen38max,S091,art50,yes,yes,False,True,True
qwen38max,S092,art5,unclear,no,False,False,True
qwen38max,S092,annex_i,no,no,False,True,True
qwen38max,S092,annex_iii,none,none,False,True,True
qwen38max,S092,derogation,not_applicable,not_applicable,False,True,True
qwen38max,S092,profiling,not_applicable,not_applicable,False,True,True
qwen38max,S092,art50,yes,yes,False,True,True
qwen38max,S093,art5,yes,no,False,False,False
qwen38max,S093,annex_i,no,no,False,True,False
qwen38max,S093,annex_iii,none,none,False,True,False
qwen38max,S093,derogation,not_applicable,not_applicable,False,True,False
qwen38max,S093,profiling,not_applicable,not_applicable,False,True,False
qwen38max,S093,art50,yes,yes,False,True,False
qwen38max,S094,art5,no,no,False,True,True
qwen38max,S094,annex_i,no,no,False,True,True
qwen38max,S094,annex_iii,none,none,False,True,True
qwen38max,S094,derogation,not_applicable,not_applicable,False,True,True
qwen38max,S094,profiling,not_applicable,not_applicable,False,True,True
qwen38max,S094,art50,yes,yes,False,True,True
qwen38max,S095,art5,yes,unclear,False,False,False
qwen38max,S095,annex_i,no,no,False,True,False
qwen38max,S095,annex_iii,none,none,False,True,False
qwen38max,S095,derogation,not_applicable,not_applicable,False,True,False
qwen38max,S095,profiling,not_applicable,not_applicable,False,True,False
qwen38max,S095,art50,yes,yes,False,True,False
qwen38max,S096,art5,no,no,False,True,True
qwen38max,S096,annex_i,no,no,False,True,True
qwen38max,S096,annex_iii,none,none,False,True,True
qwen38max,S096,derogation,not_applicable,not_applicable,False,True,True
qwen38max,S096,profiling,not_applicable,not_applicable,False,True,True
qwen38max,S096,art50,yes,yes,False,True,True
qwen38max,S097,art5,no,no,False,True,True
qwen38max,S097,annex_i,no,no,False,True,True
qwen38max,S097,annex_iii,none,none,False,True,True
qwen38max,S097,derogation,not_applicable,not_applicable,False,True,True
qwen38max,S097,profiling,not_applicable,not_applicable,False,True,True
qwen38max,S097,art50,yes,yes,False,True,True
qwen38max,S098,art5,no,unclear,False,False,True
qwen38max,S098,annex_i,no,no,False,True,True
qwen38max,S098,annex_iii,none,none,False,True,True
qwen38max,S098,derogation,not_applicable,not_applicable,False,True,True
qwen38max,S098,profiling,not_applicable,not_applicable,False,True,True
qwen38max,S098,art50,yes,yes,False,True,True
qwen38max,S099,art5,no,no,False,True,True
qwen38max,S099,annex_i,no,no,False,True,True
qwen38max,S099,annex_iii,none,none,False,True,True
qwen38max,S099,derogation,not_applicable,not_applicable,False,True,True
qwen38max,S099,profiling,not_applicable,not_applicable,False,True,True
qwen38max,S099,art50,yes,yes,False,True,True
qwen38max,S100,art5,no,no,False,True,True
qwen38max,S100,annex_i,no,no,False,True,True
qwen38max,S100,annex_iii,none,none,False,True,True
qwen38max,S100,derogation,not_applicable,not_applicable,False,True,True
qwen38max,S100,profiling,not_applicable,not_applicable,False,True,True
qwen38max,S100,art50,no,no,False,True,True
qwen38max,S101,art5,no,no,False,True,True
qwen38max,S101,annex_i,no,no,False,True,True
qwen38max,S101,annex_iii,none,none,False,True,True
qwen38max,S101,derogation,not_applicable,not_applicable,False,True,True
qwen38max,S101,profiling,not_applicable,not_applicable,False,True,True
qwen38max,S101,art50,yes,yes,False,True,True
qwen38max,S102,art5,no,unclear,False,False,True
qwen38max,S102,annex_i,no,no,False,True,True
qwen38max,S102,annex_iii,none,none,False,True,True
qwen38max,S102,derogation,not_applicable,not_applicable,False,True,True
qwen38max,S102,profiling,not_applicable,not_applicable,False,True,True
qwen38max,S102,art50,yes,yes,False,True,True
qwen38max,S103,art5,no,yes,False,False,False
qwen38max,S103,annex_i,no,no,False,True,False
qwen38max,S103,annex_iii,none,none,False,True,False
qwen38max,S103,derogation,not_applicable,not_applicable,False,True,False
qwen38max,S103,profiling,not_applicable,not_applicable,False,True,False
qwen38max,S103,art50,yes,yes,False,True,False
qwen38max,S104,art5,no,unclear,False,False,True
qwen38max,S104,annex_i,no,no,False,True,True
qwen38max,S104,annex_iii,none,none,False,True,True
qwen38max,S104,derogation,not_applicable,not_applicable,False,True,True
qwen38max,S104,profiling,not_applicable,not_applicable,False,True,True
qwen38max,S104,art50,yes,yes,False,True,True
qwen38max,S105,art5,no,no,False,True,True
qwen38max,S105,annex_i,no,no,False,True,True
qwen38max,S105,annex_iii,none,none,False,True,True
qwen38max,S105,derogation,not_applicable,not_applicable,False,True,True
qwen38max,S105,profiling,not_applicable,not_applicable,False,True,True
qwen38max,S105,art50,yes,yes,False,True,True
qwen38max,S106,art5,yes,no,False,False,False
qwen38max,S106,annex_i,no,no,False,True,False
qwen38max,S106,annex_iii,none,none,False,True,False
qwen38max,S106,derogation,not_applicable,not_applicable,False,True,False
qwen38max,S106,profiling,not_applicable,not_applicable,False,True,False
qwen38max,S106,art50,yes,yes,False,True,False
qwen38max,S107,art5,no,no,False,True,True
qwen38max,S107,annex_i,no,no,False,True,True
qwen38max,S107,annex_iii,none,none,False,True,True
qwen38max,S107,derogation,not_applicable,not_applicable,False,True,True
qwen38max,S107,profiling,not_applicable,not_applicable,False,True,True
qwen38max,S107,art50,yes,yes,False,True,True
qwen38max,S108,art5,no,unclear,False,False,True
qwen38max,S108,annex_i,no,no,False,True,True
qwen38max,S108,annex_iii,none,none,False,True,True
qwen38max,S108,derogation,not_applicable,not_applicable,False,True,True
qwen38max,S108,profiling,not_applicable,not_applicable,False,True,True
qwen38max,S108,art50,yes,yes,False,True,True
qwen38max,S109,art5,no,no,False,True,True
qwen38max,S109,annex_i,no,no,False,True,True
qwen38max,S109,annex_iii,none,none,False,True,True
qwen38max,S109,derogation,not_applicable,not_applicable,False,True,True
qwen38max,S109,profiling,not_applicable,not_applicable,False,True,True
qwen38max,S109,art50,yes,yes,False,True,True
qwen38max,S110,art5,no,no,False,True,False
qwen38max,S110,annex_i,unclear,yes,False,False,False
qwen38max,S110,annex_iii,none,none,False,True,False
qwen38max,S110,derogation,not_applicable,not_applicable,False,True,False
qwen38max,S110,profiling,not_applicable,not_applicable,False,True,False
qwen38max,S110,art50,yes,yes,False,True,False
qwen38max,S111,art5,no,no,False,True,True
qwen38max,S111,annex_i,no,no,False,True,True
qwen38max,S111,annex_iii,none,none,False,True,True
qwen38max,S111,derogation,not_applicable,not_applicable,False,True,True
qwen38max,S111,profiling,not_applicable,not_applicable,False,True,True
qwen38max,S111,art50,yes,yes,False,True,True
qwen38max,S112,art5,no,no,False,True,True
qwen38max,S112,annex_i,no,no,False,True,True
qwen38max,S112,annex_iii,none,none,False,True,True
qwen38max,S112,derogation,not_applicable,not_applicable,False,True,True
qwen38max,S112,profiling,not_applicable,not_applicable,False,True,True
qwen38max,S112,art50,yes,yes,False,True,True
qwen38max,S113,art5,no,no,False,True,True
qwen38max,S113,annex_i,no,no,False,True,True
qwen38max,S113,annex_iii,none,none,False,True,True
qwen38max,S113,derogation,not_applicable,not_applicable,False,True,True
qwen38max,S113,profiling,not_applicable,not_applicable,False,True,True
qwen38max,S113,art50,yes,yes,False,True,True
qwen38max,S114,art5,no,unclear,False,False,True
qwen38max,S114,annex_i,no,no,False,True,True
qwen38max,S114,annex_iii,none,none,False,True,True
qwen38max,S114,derogation,not_applicable,not_applicable,False,True,True
qwen38max,S114,profiling,not_applicable,not_applicable,False,True,True
qwen38max,S114,art50,yes,yes,False,True,True
qwen38max,S115,art5,no,yes,False,False,False
qwen38max,S115,annex_i,no,no,False,True,False
qwen38max,S115,annex_iii,none,none,False,True,False
qwen38max,S115,derogation,not_applicable,not_applicable,False,True,False
qwen38max,S115,profiling,not_applicable,not_applicable,False,True,False
qwen38max,S115,art50,yes,yes,False,True,False
qwen38max,S116,art5,no,no,False,True,True
qwen38max,S116,annex_i,no,no,False,True,True
qwen38max,S116,annex_iii,none,none,False,True,True
qwen38max,S116,derogation,not_applicable,not_applicable,False,True,True
qwen38max,S116,profiling,not_applicable,not_applicable,False,True,True
qwen38max,S116,art50,yes,yes,False,True,True
qwen38max,S117,art5,no,no,False,True,True
qwen38max,S117,annex_i,no,no,False,True,True
qwen38max,S117,annex_iii,none,none,False,True,True
qwen38max,S117,derogation,not_applicable,not_applicable,False,True,True
qwen38max,S117,profiling,not_applicable,not_applicable,False,True,True
qwen38max,S117,art50,yes,yes,False,True,True
qwen38max,S118,art5,no,no,False,True,True
qwen38max,S118,annex_i,no,no,False,True,True
qwen38max,S118,annex_iii,none,none,False,True,True
qwen38max,S118,derogation,not_applicable,not_applicable,False,True,True
qwen38max,S118,profiling,not_applicable,not_applicable,False,True,True
qwen38max,S118,art50,yes,yes,False,True,True
qwen38max,S119,art5,no,no,False,True,True
qwen38max,S119,annex_i,no,no,False,True,True
qwen38max,S119,annex_iii,none,none,False,True,True
qwen38max,S119,derogation,not_applicable,not_applicable,False,True,True
qwen38max,S119,profiling,not_applicable,not_applicable,False,True,True
qwen38max,S119,art50,yes,yes,False,True,True
qwen38max,S120,art5,no,no,False,True,False
qwen38max,S120,annex_i,no,no,False,True,False
qwen38max,S120,annex_iii,law_enforcement,law_enforcement,False,True,False
qwen38max,S120,derogation,applies,does_not_apply,False,False,False
qwen38max,S120,profiling,no,no,False,True,False
qwen38max,S120,art50,yes,yes,False,True,False
qwen38max,S121,art5,no,no,False,True,True
qwen38max,S121,annex_i,no,no,False,True,True
qwen38max,S121,annex_iii,none,none,False,True,True
qwen38max,S121,derogation,not_applicable,not_applicable,False,True,True
qwen38max,S121,profiling,not_applicable,not_applicable,False,True,True
qwen38max,S121,art50,yes,yes,False,True,True
qwen38max,S122,art5,no,unclear,False,False,True
qwen38max,S122,annex_i,no,no,False,True,True
qwen38max,S122,annex_iii,none,none,False,True,True
qwen38max,S122,derogation,not_applicable,not_applicable,False,True,True
qwen38max,S122,profiling,not_applicable,not_applicable,False,True,True
qwen38max,S122,art50,yes,yes,False,True,True
qwen38max,S123,art5,yes,yes,False,True,True
qwen38max,S123,annex_i,no,no,False,True,True
qwen38max,S123,annex_iii,biometrics,biometrics,False,True,True
qwen38max,S123,derogation,not_applicable,not_applicable,False,True,True
qwen38max,S123,profiling,not_applicable,not_applicable,False,True,True
qwen38max,S123,art50,no,no,False,True,True
qwen38max,S124,art5,no,no,False,True,True
qwen38max,S124,annex_i,no,no,False,True,True
qwen38max,S124,annex_iii,none,none,False,True,True
qwen38max,S124,derogation,not_applicable,not_applicable,False,True,True
qwen38max,S124,profiling,not_applicable,not_applicable,False,True,True
qwen38max,S124,art50,yes,yes,False,True,True
qwen38max,S125,art5,no,unclear,False,False,True
qwen38max,S125,annex_i,no,no,False,True,True
qwen38max,S125,annex_iii,none,none,False,True,True
qwen38max,S125,derogation,not_applicable,not_applicable,False,True,True
qwen38max,S125,profiling,not_applicable,not_applicable,False,True,True
qwen38max,S125,art50,yes,yes,False,True,True
qwen38max,S126,art5,no,no,False,True,True
qwen38max,S126,annex_i,no,no,False,True,True
qwen38max,S126,annex_iii,none,none,False,True,True
qwen38max,S126,derogation,not_applicable,not_applicable,False,True,True
qwen38max,S126,profiling,not_applicable,not_applicable,False,True,True
qwen38max,S126,art50,yes,yes,False,True,True
qwen38max,S127,art5,yes,yes,False,True,True
qwen38max,S127,annex_i,no,no,False,True,True
qwen38max,S127,annex_iii,none,none,False,True,True
qwen38max,S127,derogation,not_applicable,not_applicable,False,True,True
qwen38max,S127,profiling,not_applicable,not_applicable,False,True,True
qwen38max,S127,art50,no,no,False,True,True
qwen38max,S128,art5,no,unclear,False,False,True
qwen38max,S128,annex_i,no,no,False,True,True
qwen38max,S128,annex_iii,none,none,False,True,True
qwen38max,S128,derogation,not_applicable,not_applicable,False,True,True
qwen38max,S128,profiling,not_applicable,not_applicable,False,True,True
qwen38max,S128,art50,yes,yes,False,True,True
qwen38max,S129,art5,no,unclear,False,False,True
qwen38max,S129,annex_i,no,no,False,True,True
qwen38max,S129,annex_iii,none,none,False,True,True
qwen38max,S129,derogation,not_applicable,not_applicable,False,True,True
qwen38max,S129,profiling,not_applicable,not_applicable,False,True,True
qwen38max,S129,art50,yes,yes,False,True,True
qwen38max,S130,art5,no,no,False,True,True
qwen38max,S130,annex_i,no,no,False,True,True
qwen38max,S130,annex_iii,none,none,False,True,True
qwen38max,S130,derogation,not_applicable,not_applicable,False,True,True
qwen38max,S130,profiling,not_applicable,not_applicable,False,True,True
qwen38max,S130,art50,yes,yes,False,True,True
qwen38max,S131,art5,yes,yes,False,True,True
qwen38max,S131,annex_i,no,no,False,True,True
qwen38max,S131,annex_iii,none,none,False,True,True
qwen38max,S131,derogation,not_applicable,not_applicable,False,True,True
qwen38max,S131,profiling,not_applicable,not_applicable,False,True,True
qwen38max,S131,art50,yes,yes,False,True,True
qwen38max,S132,art5,no,no,False,True,True
qwen38max,S132,annex_i,no,no,False,True,True
qwen38max,S132,annex_iii,none,none,False,True,True
qwen38max,S132,derogation,not_applicable,not_applicable,False,True,True
qwen38max,S132,profiling,not_applicable,not_applicable,False,True,True
qwen38max,S132,art50,yes,yes,False,True,True
qwen38max,S133,art5,no,no,False,True,True
qwen38max,S133,annex_i,no,no,False,True,True
qwen38max,S133,annex_iii,none,none,False,True,True
qwen38max,S133,derogation,not_applicable,not_applicable,False,True,True
qwen38max,S133,profiling,not_applicable,not_applicable,False,True,True
qwen38max,S133,art50,yes,yes,False,True,True
qwen38max,S134,art5,no,unclear,False,False,True
qwen38max,S134,annex_i,no,no,False,True,True
qwen38max,S134,annex_iii,none,none,False,True,True
qwen38max,S134,derogation,not_applicable,not_applicable,False,True,True
qwen38max,S134,profiling,not_applicable,not_applicable,False,True,True
qwen38max,S134,art50,yes,yes,False,True,True
qwen38max,S135,art5,no,yes,False,False,False
qwen38max,S135,annex_i,no,no,False,True,False
qwen38max,S135,annex_iii,none,none,False,True,False
qwen38max,S135,derogation,not_applicable,not_applicable,False,True,False
qwen38max,S135,profiling,not_applicable,not_applicable,False,True,False
qwen38max,S135,art50,yes,yes,False,True,False
qwen38max,S136,art5,no,no,False,True,True
qwen38max,S136,annex_i,no,no,False,True,True
qwen38max,S136,annex_iii,none,none,False,True,True
qwen38max,S136,derogation,not_applicable,not_applicable,False,True,True
qwen38max,S136,profiling,not_applicable,not_applicable,False,True,True
qwen38max,S136,art50,yes,yes,False,True,True
qwen38max,S137,art5,no,yes,False,False,False
qwen38max,S137,annex_i,no,no,False,True,False
qwen38max,S137,annex_iii,none,none,False,True,False
qwen38max,S137,derogation,not_applicable,not_applicable,False,True,False
qwen38max,S137,profiling,not_applicable,not_applicable,False,True,False
qwen38max,S137,art50,yes,yes,False,True,False
qwen38max,S138,art5,no,no,False,True,True
qwen38max,S138,annex_i,yes,yes,False,True,True
qwen38max,S138,annex_iii,none,none,False,True,True
qwen38max,S138,derogation,not_applicable,not_applicable,False,True,True
qwen38max,S138,profiling,not_applicable,not_applicable,False,True,True
qwen38max,S138,art50,no,no,False,True,True
qwen38max,S139,art5,no,no,False,True,True
qwen38max,S139,annex_i,no,no,False,True,True
qwen38max,S139,annex_iii,none,none,False,True,True
qwen38max,S139,derogation,not_applicable,not_applicable,False,True,True
qwen38max,S139,profiling,not_applicable,not_applicable,False,True,True
qwen38max,S139,art50,yes,yes,False,True,True
qwen38max,S140,art5,no,no,False,True,False
qwen38max,S140,annex_i,unclear,no,False,False,False
qwen38max,S140,annex_iii,unclear,none,False,False,False
qwen38max,S140,derogation,unclear,not_applicable,False,False,False
qwen38max,S140,profiling,unclear,not_applicable,False,False,False
qwen38max,S140,art50,unclear,yes,False,False,False
qwen38max,S141,art5,no,unclear,False,False,True
qwen38max,S141,annex_i,no,no,False,True,True
qwen38max,S141,annex_iii,none,none,False,True,True
qwen38max,S141,derogation,not_applicable,not_applicable,False,True,True
qwen38max,S141,profiling,not_applicable,not_applicable,False,True,True
qwen38max,S141,art50,yes,yes,False,True,True
qwen38max,S142,art5,no,no,False,True,True
qwen38max,S142,annex_i,yes,yes,False,True,True
qwen38max,S142,annex_iii,none,none,False,True,True
qwen38max,S142,derogation,not_applicable,not_applicable,False,True,True
qwen38max,S142,profiling,not_applicable,not_applicable,False,True,True
qwen38max,S142,art50,no,no,False,True,True
qwen38max,S143,art5,yes,unclear,False,False,False
qwen38max,S143,annex_i,no,no,False,True,False
qwen38max,S143,annex_iii,none,none,False,True,False
qwen38max,S143,derogation,not_applicable,not_applicable,False,True,False
qwen38max,S143,profiling,not_applicable,not_applicable,False,True,False
qwen38max,S143,art50,yes,yes,False,True,False
qwen38max,S144,art5,no,no,False,True,True
qwen38max,S144,annex_i,no,no,False,True,True
qwen38max,S144,annex_iii,none,none,False,True,True
qwen38max,S144,derogation,not_applicable,not_applicable,False,True,True
qwen38max,S144,profiling,not_applicable,not_applicable,False,True,True
qwen38max,S144,art50,no,no,False,True,True
qwen38max,S145,art5,no,no,False,True,True
qwen38max,S145,annex_i,no,no,False,True,True
qwen38max,S145,annex_iii,none,none,False,True,True
qwen38max,S145,derogation,not_applicable,not_applicable,False,True,True
qwen38max,S145,profiling,not_applicable,not_applicable,False,True,True
qwen38max,S145,art50,yes,yes,False,True,True
qwen38max,S146,art5,no,no,False,True,True
qwen38max,S146,annex_i,yes,yes,False,True,True
qwen38max,S146,annex_iii,none,none,False,True,True
qwen38max,S146,derogation,not_applicable,not_applicable,False,True,True
qwen38max,S146,profiling,not_applicable,not_applicable,False,True,True
qwen38max,S146,art50,no,no,False,True,True
qwen38max,S147,art5,no,no,False,True,True
qwen38max,S147,annex_i,no,no,False,True,True
qwen38max,S147,annex_iii,none,none,False,True,True
qwen38max,S147,derogation,not_applicable,not_applicable,False,True,True
qwen38max,S147,profiling,not_applicable,not_applicable,False,True,True
qwen38max,S147,art50,yes,yes,False,True,True
qwen38max,S148,art5,no,no,False,True,True
qwen38max,S148,annex_i,no,no,False,True,True
qwen38max,S148,annex_iii,none,none,False,True,True
qwen38max,S148,derogation,not_applicable,not_applicable,False,True,True
qwen38max,S148,profiling,not_applicable,not_applicable,False,True,True
qwen38max,S148,art50,yes,yes,False,True,True
qwen38max,S149,art5,no,no,False,True,True
qwen38max,S149,annex_i,no,no,False,True,True
qwen38max,S149,annex_iii,none,none,False,True,True
qwen38max,S149,derogation,not_applicable,not_applicable,False,True,True
qwen38max,S149,profiling,not_applicable,not_applicable,False,True,True
qwen38max,S149,art50,yes,yes,False,True,True
qwen38max,S150,art5,no,no,False,True,True
qwen38max,S150,annex_i,no,no,False,True,True
qwen38max,S150,annex_iii,none,none,False,True,True
qwen38max,S150,derogation,not_applicable,not_applicable,False,True,True
qwen38max,S150,profiling,not_applicable,not_applicable,False,True,True
qwen38max,S150,art50,yes,yes,False,True,True
sonnet46,S001,art5,no,no,False,True,True
sonnet46,S001,annex_i,no,no,False,True,True
sonnet46,S001,annex_iii,none,none,False,True,True
sonnet46,S001,derogation,not_applicable,not_applicable,False,True,True
sonnet46,S001,profiling,not_applicable,not_applicable,False,True,True
sonnet46,S001,art50,no,no,False,True,True
sonnet46,S002,art5,no,no,False,True,True
sonnet46,S002,annex_i,no,no,False,True,True
sonnet46,S002,annex_iii,none,none,False,True,True
sonnet46,S002,derogation,not_applicable,not_applicable,False,True,True
sonnet46,S002,profiling,not_applicable,not_applicable,False,True,True
sonnet46,S002,art50,yes,yes,False,True,True
sonnet46,S003,art5,no,no,False,True,True
sonnet46,S003,annex_i,no,no,False,True,True
sonnet46,S003,annex_iii,none,none,False,True,True
sonnet46,S003,derogation,not_applicable,not_applicable,False,True,True
sonnet46,S003,profiling,not_applicable,not_applicable,False,True,True
sonnet46,S003,art50,yes,yes,False,True,True
sonnet46,S004,art5,no,no,False,True,True
sonnet46,S004,annex_i,no,no,False,True,True
sonnet46,S004,annex_iii,none,none,False,True,True
sonnet46,S004,derogation,not_applicable,not_applicable,False,True,True
sonnet46,S004,profiling,not_applicable,not_applicable,False,True,True
sonnet46,S004,art50,yes,yes,False,True,True
sonnet46,S005,art5,no,no,False,True,True
sonnet46,S005,annex_i,no,no,False,True,True
sonnet46,S005,annex_iii,migration,migration,False,True,True
sonnet46,S005,derogation,does_not_apply,does_not_apply,False,True,True
sonnet46,S005,profiling,no,no,False,True,True
sonnet46,S005,art50,no,no,False,True,True
sonnet46,S006,art5,no,no,False,True,True
sonnet46,S006,annex_i,no,no,False,True,True
sonnet46,S006,annex_iii,essential_services,essential_services,False,True,True
sonnet46,S006,derogation,does_not_apply,does_not_apply,False,True,True
sonnet46,S006,profiling,yes,yes,False,True,True
sonnet46,S006,art50,no,no,False,True,True
sonnet46,S007,art5,no,unclear,False,False,True
sonnet46,S007,annex_i,no,no,False,True,True
sonnet46,S007,annex_iii,migration,migration,False,True,True
sonnet46,S007,derogation,does_not_apply,does_not_apply,False,True,True
sonnet46,S007,profiling,no,no,False,True,True
sonnet46,S007,art50,no,no,False,True,True
sonnet46,S008,art5,no,no,False,True,True
sonnet46,S008,annex_i,yes,yes,False,True,True
sonnet46,S008,annex_iii,none,none,False,True,True
sonnet46,S008,derogation,not_applicable,not_applicable,False,True,True
sonnet46,S008,profiling,not_applicable,not_applicable,False,True,True
sonnet46,S008,art50,no,no,False,True,True
sonnet46,S009,art5,no,no,False,True,True
sonnet46,S009,annex_i,yes,yes,False,True,True
sonnet46,S009,annex_iii,none,none,False,True,True
sonnet46,S009,derogation,not_applicable,not_applicable,False,True,True
sonnet46,S009,profiling,not_applicable,not_applicable,False,True,True
sonnet46,S009,art50,no,no,False,True,True
sonnet46,S010,art5,yes,yes,False,True,True
sonnet46,S010,annex_i,no,no,False,True,True
sonnet46,S010,annex_iii,biometrics,none,False,False,True
sonnet46,S010,derogation,not_applicable,not_applicable,False,True,True
sonnet46,S010,profiling,not_applicable,not_applicable,False,True,True
sonnet46,S010,art50,yes,no,False,False,True
sonnet46,S011,art5,no,unclear,False,False,True
sonnet46,S011,annex_i,no,no,False,True,True
sonnet46,S011,annex_iii,biometrics,biometrics,False,True,True
sonnet46,S011,derogation,does_not_apply,does_not_apply,False,True,True
sonnet46,S011,profiling,no,yes,False,False,True
sonnet46,S011,art50,no,yes,False,False,True
sonnet46,S012,art5,no,no,False,True,True
sonnet46,S012,annex_i,no,no,False,True,True
sonnet46,S012,annex_iii,essential_services,essential_services,False,True,True
sonnet46,S012,derogation,does_not_apply,does_not_apply,False,True,True
sonnet46,S012,profiling,yes,yes,False,True,True
sonnet46,S012,art50,no,no,False,True,True
sonnet46,S013,art5,no,no,False,True,True
sonnet46,S013,annex_i,no,no,False,True,True
sonnet46,S013,annex_iii,law_enforcement,law_enforcement,False,True,True
sonnet46,S013,derogation,does_not_apply,does_not_apply,False,True,True
sonnet46,S013,profiling,no,no,False,True,True
sonnet46,S013,art50,no,no,False,True,True
sonnet46,S014,art5,no,no,False,True,True
sonnet46,S014,annex_i,no,no,False,True,True
sonnet46,S014,annex_iii,none,none,False,True,True
sonnet46,S014,derogation,not_applicable,not_applicable,False,True,True
sonnet46,S014,profiling,not_applicable,not_applicable,False,True,True
sonnet46,S014,art50,no,no,False,True,True
sonnet46,S015,art5,no,unclear,False,False,True
sonnet46,S015,annex_i,no,no,False,True,True
sonnet46,S015,annex_iii,none,none,False,True,True
sonnet46,S015,derogation,not_applicable,not_applicable,False,True,True
sonnet46,S015,profiling,not_applicable,not_applicable,False,True,True
sonnet46,S015,art50,no,no,False,True,True
sonnet46,S016,art5,no,no,False,True,True
sonnet46,S016,annex_i,yes,yes,False,True,True
sonnet46,S016,annex_iii,none,none,False,True,True
sonnet46,S016,derogation,not_applicable,not_applicable,False,True,True
sonnet46,S016,profiling,not_applicable,not_applicable,False,True,True
sonnet46,S016,art50,no,no,False,True,True
sonnet46,S017,art5,no,no,False,True,True
sonnet46,S017,annex_i,no,no,False,True,True
sonnet46,S017,annex_iii,biometrics,biometrics,False,True,True
sonnet46,S017,derogation,does_not_apply,does_not_apply,False,True,True
sonnet46,S017,profiling,no,yes,False,False,True
sonnet46,S017,art50,no,no,False,True,True
sonnet46,S018,art5,no,no,False,True,True
sonnet46,S018,annex_i,no,no,False,True,True
sonnet46,S018,annex_iii,none,none,False,True,True
sonnet46,S018,derogation,not_applicable,not_applicable,False,True,True
sonnet46,S018,profiling,not_applicable,not_applicable,False,True,True
sonnet46,S018,art50,yes,yes,False,True,True
sonnet46,S020,art5,no,no,False,True,True
sonnet46,S020,annex_i,no,no,False,True,True
sonnet46,S020,annex_iii,none,none,False,True,True
sonnet46,S020,derogation,not_applicable,not_applicable,False,True,True
sonnet46,S020,profiling,not_applicable,not_applicable,False,True,True
sonnet46,S020,art50,no,no,False,True,True
sonnet46,S021,art5,no,no,False,True,True
sonnet46,S021,annex_i,no,no,False,True,True
sonnet46,S021,annex_iii,migration,migration,False,True,True
sonnet46,S021,derogation,does_not_apply,does_not_apply,False,True,True
sonnet46,S021,profiling,yes,yes,False,True,True
sonnet46,S021,art50,no,no,False,True,True
sonnet46,S022,art5,no,no,False,True,True
sonnet46,S022,annex_i,no,no,False,True,True
sonnet46,S022,annex_iii,biometrics,law_enforcement,False,False,True
sonnet46,S022,derogation,does_not_apply,does_not_apply,False,True,True
sonnet46,S022,profiling,no,not_applicable,False,False,True
sonnet46,S022,art50,no,no,False,True,True
sonnet46,S023,art5,no,unclear,False,False,True
sonnet46,S023,annex_i,no,no,False,True,True
sonnet46,S023,annex_iii,biometrics,biometrics,False,True,True
sonnet46,S023,derogation,does_not_apply,does_not_apply,False,True,True
sonnet46,S023,profiling,no,yes,False,False,True
sonnet46,S023,art50,no,yes,False,False,True
sonnet46,S024,art5,no,no,False,True,False
sonnet46,S024,annex_i,no,no,False,True,False
sonnet46,S024,annex_iii,none,education,False,False,False
sonnet46,S024,derogation,not_applicable,does_not_apply,False,False,False
sonnet46,S024,profiling,not_applicable,yes,False,False,False
sonnet46,S024,art50,no,no,False,True,False
sonnet46,S025,art5,yes,yes,False,True,True
sonnet46,S025,annex_i,no,no,False,True,True
sonnet46,S025,annex_iii,biometrics,law_enforcement,False,False,True
sonnet46,S025,derogation,not_applicable,not_applicable,False,True,True
sonnet46,S025,profiling,not_applicable,not_applicable,False,True,True
sonnet46,S025,art50,no,no,False,True,True
sonnet46,S027,art5,no,no,False,True,True
sonnet46,S027,annex_i,no,no,False,True,True
sonnet46,S027,annex_iii,migration,migration,False,True,True
sonnet46,S027,derogation,does_not_apply,does_not_apply,False,True,True
sonnet46,S027,profiling,yes,yes,False,True,True
sonnet46,S027,art50,no,no,False,True,True
sonnet46,S029,art5,no,no,False,True,True
sonnet46,S029,annex_i,no,no,False,True,True
sonnet46,S029,annex_iii,none,none,False,True,True
sonnet46,S029,derogation,not_applicable,not_applicable,False,True,True
sonnet46,S029,profiling,not_applicable,not_applicable,False,True,True
sonnet46,S029,art50,yes,yes,False,True,True
sonnet46,S030,art5,no,no,False,True,True
sonnet46,S030,annex_i,yes,yes,False,True,True
sonnet46,S030,annex_iii,none,none,False,True,True
sonnet46,S030,derogation,not_applicable,not_applicable,False,True,True
sonnet46,S030,profiling,not_applicable,not_applicable,False,True,True
sonnet46,S030,art50,no,no,False,True,True
sonnet46,S031,art5,no,unclear,False,False,True
sonnet46,S031,annex_i,no,no,False,True,True
sonnet46,S031,annex_iii,biometrics,biometrics,False,True,True
sonnet46,S031,derogation,does_not_apply,does_not_apply,False,True,True
sonnet46,S031,profiling,yes,yes,False,True,True
sonnet46,S031,art50,yes,yes,False,True,True
sonnet46,S032,art5,unclear,unclear,False,True,True
sonnet46,S032,annex_i,no,no,False,True,True
sonnet46,S032,annex_iii,biometrics,law_enforcement,False,False,True
sonnet46,S032,derogation,does_not_apply,does_not_apply,False,True,True
sonnet46,S032,profiling,no,not_applicable,False,False,True
sonnet46,S032,art50,no,yes,False,False,True
sonnet46,S033,art5,no,unclear,False,False,True
sonnet46,S033,annex_i,no,no,False,True,True
sonnet46,S033,annex_iii,biometrics,law_enforcement,False,False,True
sonnet46,S033,derogation,does_not_apply,does_not_apply,False,True,True
sonnet46,S033,profiling,no,yes,False,False,True
sonnet46,S033,art50,no,yes,False,False,True
sonnet46,S034,art5,no,no,False,True,True
sonnet46,S034,annex_i,no,no,False,True,True
sonnet46,S034,annex_iii,employment,employment,False,True,True
sonnet46,S034,derogation,does_not_apply,does_not_apply,False,True,True
sonnet46,S034,profiling,yes,yes,False,True,True
sonnet46,S034,art50,no,no,False,True,True
sonnet46,S035,art5,no,unclear,False,False,True
sonnet46,S035,annex_i,no,no,False,True,True
sonnet46,S035,annex_iii,none,none,False,True,True
sonnet46,S035,derogation,not_applicable,not_applicable,False,True,True
sonnet46,S035,profiling,not_applicable,not_applicable,False,True,True
sonnet46,S035,art50,yes,yes,False,True,True
sonnet46,S036,art5,no,no,False,True,True
sonnet46,S036,annex_i,no,no,False,True,True
sonnet46,S036,annex_iii,education,education,False,True,True
sonnet46,S036,derogation,does_not_apply,does_not_apply,False,True,True
sonnet46,S036,profiling,yes,yes,False,True,True
sonnet46,S036,art50,no,yes,False,False,True
sonnet46,S037,art5,no,no,False,True,True
sonnet46,S037,annex_i,yes,yes,False,True,True
sonnet46,S037,annex_iii,none,none,False,True,True
sonnet46,S037,derogation,not_applicable,not_applicable,False,True,True
sonnet46,S037,profiling,not_applicable,not_applicable,False,True,True
sonnet46,S037,art50,no,no,False,True,True
sonnet46,S038,art5,no,no,False,True,True
sonnet46,S038,annex_i,no,no,False,True,True
sonnet46,S038,annex_iii,none,none,False,True,True
sonnet46,S038,derogation,not_applicable,not_applicable,False,True,True
sonnet46,S038,profiling,not_applicable,not_applicable,False,True,True
sonnet46,S038,art50,no,no,False,True,True
sonnet46,S039,art5,no,unclear,False,False,True
sonnet46,S039,annex_i,no,no,False,True,True
sonnet46,S039,annex_iii,migration,migration,False,True,True
sonnet46,S039,derogation,does_not_apply,does_not_apply,False,True,True
sonnet46,S039,profiling,yes,yes,False,True,True
sonnet46,S039,art50,no,yes,False,False,True
sonnet46,S040,art5,no,no,False,True,False
sonnet46,S040,annex_i,no,unclear,False,False,False
sonnet46,S040,annex_iii,none,essential_services,False,False,False
sonnet46,S040,derogation,not_applicable,does_not_apply,False,False,False
sonnet46,S040,profiling,not_applicable,no,False,False,False
sonnet46,S040,art50,no,no,False,True,False
sonnet46,S042,art5,no,no,False,True,True
sonnet46,S042,annex_i,yes,yes,False,True,True
sonnet46,S042,annex_iii,none,none,False,True,True
sonnet46,S042,derogation,not_applicable,not_applicable,False,True,True
sonnet46,S042,profiling,not_applicable,not_applicable,False,True,True
sonnet46,S042,art50,no,no,False,True,True
sonnet46,S043,art5,no,unclear,False,False,True
sonnet46,S043,annex_i,no,no,False,True,True
sonnet46,S043,annex_iii,migration,migration,False,True,True
sonnet46,S043,derogation,does_not_apply,does_not_apply,False,True,True
sonnet46,S043,profiling,no,no,False,True,True
sonnet46,S043,art50,no,yes,False,False,True
sonnet46,S044,art5,no,no,False,True,True
sonnet46,S044,annex_i,no,no,False,True,True
sonnet46,S044,annex_iii,none,none,False,True,True
sonnet46,S044,derogation,not_applicable,not_applicable,False,True,True
sonnet46,S044,profiling,not_applicable,not_applicable,False,True,True
sonnet46,S044,art50,yes,yes,False,True,True
sonnet46,S045,art5,no,unclear,False,False,True
sonnet46,S045,annex_i,no,no,False,True,True
sonnet46,S045,annex_iii,none,none,False,True,True
sonnet46,S045,derogation,not_applicable,not_applicable,False,True,True
sonnet46,S045,profiling,not_applicable,not_applicable,False,True,True
sonnet46,S045,art50,yes,yes,False,True,True
sonnet46,S046,art5,no,no,False,True,True
sonnet46,S046,annex_i,no,no,False,True,True
sonnet46,S046,annex_iii,essential_services,essential_services,False,True,True
sonnet46,S046,derogation,does_not_apply,does_not_apply,False,True,True
sonnet46,S046,profiling,not_applicable,yes,False,False,True
sonnet46,S046,art50,no,no,False,True,True
sonnet46,S047,art5,no,no,False,True,True
sonnet46,S047,annex_i,no,no,False,True,True
sonnet46,S047,annex_iii,biometrics,law_enforcement,False,False,True
sonnet46,S047,derogation,does_not_apply,does_not_apply,False,True,True
sonnet46,S047,profiling,no,yes,False,False,True
sonnet46,S047,art50,no,no,False,True,True
sonnet46,S048,art5,no,no,False,True,True
sonnet46,S048,annex_i,no,no,False,True,True
sonnet46,S048,annex_iii,none,none,False,True,True
sonnet46,S048,derogation,not_applicable,not_applicable,False,True,True
sonnet46,S048,profiling,not_applicable,not_applicable,False,True,True
sonnet46,S048,art50,yes,yes,False,True,True
sonnet46,S049,art5,no,no,False,True,True
sonnet46,S049,annex_i,no,no,False,True,True
sonnet46,S049,annex_iii,migration,migration,False,True,True
sonnet46,S049,derogation,does_not_apply,does_not_apply,False,True,True
sonnet46,S049,profiling,no,no,False,True,True
sonnet46,S049,art50,yes,no,False,False,True
sonnet46,S050,art5,no,no,False,True,True
sonnet46,S050,annex_i,yes,yes,False,True,True
sonnet46,S050,annex_iii,none,none,False,True,True
sonnet46,S050,derogation,not_applicable,not_applicable,False,True,True
sonnet46,S050,profiling,not_applicable,not_applicable,False,True,True
sonnet46,S050,art50,no,no,False,True,True
sonnet46,S051,art5,no,no,False,True,True
sonnet46,S051,annex_i,no,no,False,True,True
sonnet46,S051,annex_iii,essential_services,essential_services,False,True,True
sonnet46,S051,derogation,does_not_apply,does_not_apply,False,True,True
sonnet46,S051,profiling,yes,yes,False,True,True
sonnet46,S051,art50,no,no,False,True,True
sonnet46,S052,art5,no,no,False,True,True
sonnet46,S052,annex_i,yes,yes,False,True,True
sonnet46,S052,annex_iii,none,not_applicable,False,False,True
sonnet46,S052,derogation,not_applicable,not_applicable,False,True,True
sonnet46,S052,profiling,not_applicable,not_applicable,False,True,True
sonnet46,S052,art50,no,no,False,True,True
sonnet46,S053,art5,unclear,no,False,False,True
sonnet46,S053,annex_i,no,no,False,True,True
sonnet46,S053,annex_iii,none,none,False,True,True
sonnet46,S053,derogation,not_applicable,not_applicable,False,True,True
sonnet46,S053,profiling,not_applicable,not_applicable,False,True,True
sonnet46,S053,art50,yes,yes,False,True,True
sonnet46,S054,art5,no,no,False,True,True
sonnet46,S054,annex_i,no,no,False,True,True
sonnet46,S054,annex_iii,employment,employment,False,True,True
sonnet46,S054,derogation,does_not_apply,does_not_apply,False,True,True
sonnet46,S054,profiling,yes,yes,False,True,True
sonnet46,S054,art50,no,no,False,True,True
sonnet46,S055,art5,no,no,False,True,True
sonnet46,S055,annex_i,no,no,False,True,True
sonnet46,S055,annex_iii,none,none,False,True,True
sonnet46,S055,derogation,not_applicable,not_applicable,False,True,True
sonnet46,S055,profiling,not_applicable,not_applicable,False,True,True
sonnet46,S055,art50,no,no,False,True,True
sonnet46,S056,art5,unclear,no,False,False,True
sonnet46,S056,annex_i,no,no,False,True,True
sonnet46,S056,annex_iii,none,none,False,True,True
sonnet46,S056,derogation,not_applicable,not_applicable,False,True,True
sonnet46,S056,profiling,not_applicable,not_applicable,False,True,True
sonnet46,S056,art50,yes,yes,False,True,True
sonnet46,S057,art5,no,unclear,False,False,True
sonnet46,S057,annex_i,no,no,False,True,True
sonnet46,S057,annex_iii,none,none,False,True,True
sonnet46,S057,derogation,not_applicable,not_applicable,False,True,True
sonnet46,S057,profiling,not_applicable,not_applicable,False,True,True
sonnet46,S057,art50,yes,yes,False,True,True
sonnet46,S058,art5,no,no,False,True,False
sonnet46,S058,annex_i,no,yes,False,False,False
sonnet46,S058,annex_iii,none,none,False,True,False
sonnet46,S058,derogation,not_applicable,not_applicable,False,True,False
sonnet46,S058,profiling,not_applicable,not_applicable,False,True,False
sonnet46,S058,art50,no,no,False,True,False
sonnet46,S060,art5,no,unclear,False,False,True
sonnet46,S060,annex_i,no,no,False,True,True
sonnet46,S060,annex_iii,biometrics,biometrics,False,True,True
sonnet46,S060,derogation,does_not_apply,does_not_apply,False,True,True
sonnet46,S060,profiling,yes,yes,False,True,True
sonnet46,S060,art50,no,yes,False,False,True
sonnet46,S061,art5,no,no,False,True,True
sonnet46,S061,annex_i,no,no,False,True,True
sonnet46,S061,annex_iii,biometrics,biometrics,False,True,True
sonnet46,S061,derogation,does_not_apply,does_not_apply,False,True,True
sonnet46,S061,profiling,yes,not_applicable,False,False,True
sonnet46,S061,art50,no,yes,False,False,True
sonnet46,S062,art5,no,no,False,True,True
sonnet46,S062,annex_i,yes,yes,False,True,True
sonnet46,S062,annex_iii,none,not_applicable,False,False,True
sonnet46,S062,derogation,not_applicable,not_applicable,False,True,True
sonnet46,S062,profiling,not_applicable,not_applicable,False,True,True
sonnet46,S062,art50,no,no,False,True,True
sonnet46,S063,art5,no,no,False,True,True
sonnet46,S063,annex_i,no,no,False,True,True
sonnet46,S063,annex_iii,none,none,False,True,True
sonnet46,S063,derogation,not_applicable,not_applicable,False,True,True
sonnet46,S063,profiling,not_applicable,not_applicable,False,True,True
sonnet46,S063,art50,yes,yes,False,True,True
sonnet46,S064,art5,no,no,False,True,True
sonnet46,S064,annex_i,no,no,False,True,True
sonnet46,S064,annex_iii,none,none,False,True,True
sonnet46,S064,derogation,not_applicable,not_applicable,False,True,True
sonnet46,S064,profiling,not_applicable,not_applicable,False,True,True
sonnet46,S064,art50,yes,yes,False,True,True
sonnet46,S065,art5,no,no,False,True,True
sonnet46,S065,annex_i,no,no,False,True,True
sonnet46,S065,annex_iii,none,none,False,True,True
sonnet46,S065,derogation,not_applicable,not_applicable,False,True,True
sonnet46,S065,profiling,not_applicable,not_applicable,False,True,True
sonnet46,S065,art50,yes,yes,False,True,True
sonnet46,S066,art5,no,no,False,True,False
sonnet46,S066,annex_i,no,no,False,True,False
sonnet46,S066,annex_iii,justice_democracy,none,False,False,False
sonnet46,S066,derogation,does_not_apply,not_applicable,False,False,False
sonnet46,S066,profiling,no,not_applicable,False,False,False
sonnet46,S066,art50,yes,yes,False,True,False
sonnet46,S068,art5,no,no,False,True,False
sonnet46,S068,annex_i,no,no,False,True,False
sonnet46,S068,annex_iii,none,justice_democracy,False,False,False
sonnet46,S068,derogation,not_applicable,does_not_apply,False,False,False
sonnet46,S068,profiling,not_applicable,no,False,False,False
sonnet46,S068,art50,yes,yes,False,True,False
sonnet46,S069,art5,yes,unclear,False,False,False
sonnet46,S069,annex_i,no,no,False,True,False
sonnet46,S069,annex_iii,none,none,False,True,False
sonnet46,S069,derogation,not_applicable,not_applicable,False,True,False
sonnet46,S069,profiling,not_applicable,not_applicable,False,True,False
sonnet46,S069,art50,yes,yes,False,True,False
sonnet46,S070,art5,no,no,False,True,True
sonnet46,S070,annex_i,yes,yes,False,True,True
sonnet46,S070,annex_iii,none,none,False,True,True
sonnet46,S070,derogation,not_applicable,not_applicable,False,True,True
sonnet46,S070,profiling,not_applicable,not_applicable,False,True,True
sonnet46,S070,art50,no,no,False,True,True
sonnet46,S071,art5,no,no,False,True,True
sonnet46,S071,annex_i,yes,yes,False,True,True
sonnet46,S071,annex_iii,none,none,False,True,True
sonnet46,S071,derogation,not_applicable,not_applicable,False,True,True
sonnet46,S071,profiling,not_applicable,not_applicable,False,True,True
sonnet46,S071,art50,no,no,False,True,True
sonnet46,S072,art5,unclear,unclear,False,True,False
sonnet46,S072,annex_i,unclear,no,False,False,False
sonnet46,S072,annex_iii,unclear,none,False,False,False
sonnet46,S072,derogation,unclear,not_applicable,False,False,False
sonnet46,S072,profiling,unclear,not_applicable,False,False,False
sonnet46,S072,art50,unclear,unclear,False,True,False
sonnet46,S073,art5,no,no,False,True,True
sonnet46,S073,annex_i,no,no,False,True,True
sonnet46,S073,annex_iii,essential_services,essential_services,False,True,True
sonnet46,S073,derogation,does_not_apply,does_not_apply,False,True,True
sonnet46,S073,profiling,yes,yes,False,True,True
sonnet46,S073,art50,no,no,False,True,True
sonnet46,S074,art5,no,unclear,False,False,True
sonnet46,S074,annex_i,no,no,False,True,True
sonnet46,S074,annex_iii,none,none,False,True,True
sonnet46,S074,derogation,not_applicable,not_applicable,False,True,True
sonnet46,S074,profiling,not_applicable,not_applicable,False,True,True
sonnet46,S074,art50,yes,yes,False,True,True
sonnet46,S075,art5,no,no,False,True,True
sonnet46,S075,annex_i,no,no,False,True,True
sonnet46,S075,annex_iii,none,none,False,True,True
sonnet46,S075,derogation,not_applicable,not_applicable,False,True,True
sonnet46,S075,profiling,not_applicable,not_applicable,False,True,True
sonnet46,S075,art50,yes,yes,False,True,True
sonnet46,S076,art5,no,no,False,True,True
sonnet46,S076,annex_i,no,no,False,True,True
sonnet46,S076,annex_iii,none,none,False,True,True
sonnet46,S076,derogation,not_applicable,not_applicable,False,True,True
sonnet46,S076,profiling,not_applicable,not_applicable,False,True,True
sonnet46,S076,art50,yes,yes,False,True,True
sonnet46,S077,art5,no,no,False,True,True
sonnet46,S077,annex_i,no,no,False,True,True
sonnet46,S077,annex_iii,none,none,False,True,True
sonnet46,S077,derogation,not_applicable,not_applicable,False,True,True
sonnet46,S077,profiling,not_applicable,not_applicable,False,True,True
sonnet46,S077,art50,yes,yes,False,True,True
sonnet46,S078,art5,no,no,False,True,True
sonnet46,S078,annex_i,no,no,False,True,True
sonnet46,S078,annex_iii,none,none,False,True,True
sonnet46,S078,derogation,not_applicable,not_applicable,False,True,True
sonnet46,S078,profiling,not_applicable,not_applicable,False,True,True
sonnet46,S078,art50,yes,yes,False,True,True
sonnet46,S079,art5,no,no,False,True,True
sonnet46,S079,annex_i,no,no,False,True,True
sonnet46,S079,annex_iii,none,none,False,True,True
sonnet46,S079,derogation,not_applicable,not_applicable,False,True,True
sonnet46,S079,profiling,not_applicable,not_applicable,False,True,True
sonnet46,S079,art50,yes,yes,False,True,True
sonnet46,S080,art5,no,unclear,False,False,True
sonnet46,S080,annex_i,no,no,False,True,True
sonnet46,S080,annex_iii,none,none,False,True,True
sonnet46,S080,derogation,not_applicable,not_applicable,False,True,True
sonnet46,S080,profiling,not_applicable,not_applicable,False,True,True
sonnet46,S080,art50,yes,yes,False,True,True
sonnet46,S081,art5,no,no,False,True,True
sonnet46,S081,annex_i,no,unclear,False,False,True
sonnet46,S081,annex_iii,law_enforcement,law_enforcement,False,True,True
sonnet46,S081,derogation,does_not_apply,does_not_apply,False,True,True
sonnet46,S081,profiling,yes,no,False,False,True
sonnet46,S081,art50,no,no,False,True,True
sonnet46,S082,art5,no,no,False,True,True
sonnet46,S082,annex_i,no,no,False,True,True
sonnet46,S082,annex_iii,essential_services,essential_services,False,True,True
sonnet46,S082,derogation,does_not_apply,does_not_apply,False,True,True
sonnet46,S082,profiling,yes,yes,False,True,True
sonnet46,S082,art50,no,no,False,True,True
sonnet46,S083,art5,no,no,False,True,True
sonnet46,S083,annex_i,no,no,False,True,True
sonnet46,S083,annex_iii,none,none,False,True,True
sonnet46,S083,derogation,not_applicable,not_applicable,False,True,True
sonnet46,S083,profiling,not_applicable,not_applicable,False,True,True
sonnet46,S083,art50,yes,yes,False,True,True
sonnet46,S084,art5,no,yes,False,False,False
sonnet46,S084,annex_i,no,no,False,True,False
sonnet46,S084,annex_iii,none,none,False,True,False
sonnet46,S084,derogation,not_applicable,not_applicable,False,True,False
sonnet46,S084,profiling,not_applicable,not_applicable,False,True,False
sonnet46,S084,art50,yes,yes,False,True,False
sonnet46,S085,art5,no,unclear,False,False,True
sonnet46,S085,annex_i,no,no,False,True,True
sonnet46,S085,annex_iii,none,none,False,True,True
sonnet46,S085,derogation,not_applicable,not_applicable,False,True,True
sonnet46,S085,profiling,not_applicable,not_applicable,False,True,True
sonnet46,S085,art50,yes,yes,False,True,True
sonnet46,S086,art5,no,unclear,False,False,True
sonnet46,S086,annex_i,no,no,False,True,True
sonnet46,S086,annex_iii,none,none,False,True,True
sonnet46,S086,derogation,not_applicable,not_applicable,False,True,True
sonnet46,S086,profiling,not_applicable,not_applicable,False,True,True
sonnet46,S086,art50,yes,yes,False,True,True
sonnet46,S087,art5,no,yes,False,False,False
sonnet46,S087,annex_i,no,no,False,True,False
sonnet46,S087,annex_iii,none,none,False,True,False
sonnet46,S087,derogation,not_applicable,not_applicable,False,True,False
sonnet46,S087,profiling,not_applicable,not_applicable,False,True,False
sonnet46,S087,art50,yes,yes,False,True,False
sonnet46,S088,art5,no,yes,False,False,False
sonnet46,S088,annex_i,no,no,False,True,False
sonnet46,S088,annex_iii,none,none,False,True,False
sonnet46,S088,derogation,not_applicable,not_applicable,False,True,False
sonnet46,S088,profiling,not_applicable,not_applicable,False,True,False
sonnet46,S088,art50,yes,yes,False,True,False
sonnet46,S089,art5,no,no,False,True,True
sonnet46,S089,annex_i,no,no,False,True,True
sonnet46,S089,annex_iii,none,none,False,True,True
sonnet46,S089,derogation,not_applicable,not_applicable,False,True,True
sonnet46,S089,profiling,not_applicable,not_applicable,False,True,True
sonnet46,S089,art50,yes,yes,False,True,True
sonnet46,S090,art5,no,no,False,True,True
sonnet46,S090,annex_i,yes,yes,False,True,True
sonnet46,S090,annex_iii,none,none,False,True,True
sonnet46,S090,derogation,not_applicable,not_applicable,False,True,True
sonnet46,S090,profiling,not_applicable,not_applicable,False,True,True
sonnet46,S090,art50,no,no,False,True,True
sonnet46,S091,art5,no,unclear,False,False,True
sonnet46,S091,annex_i,no,no,False,True,True
sonnet46,S091,annex_iii,none,none,False,True,True
sonnet46,S091,derogation,not_applicable,not_applicable,False,True,True
sonnet46,S091,profiling,not_applicable,not_applicable,False,True,True
sonnet46,S091,art50,yes,yes,False,True,True
sonnet46,S092,art5,unclear,unclear,False,True,True
sonnet46,S092,annex_i,no,no,False,True,True
sonnet46,S092,annex_iii,none,none,False,True,True
sonnet46,S092,derogation,not_applicable,not_applicable,False,True,True
sonnet46,S092,profiling,not_applicable,not_applicable,False,True,True
sonnet46,S092,art50,yes,yes,False,True,True
sonnet46,S093,art5,yes,unclear,False,False,False
sonnet46,S093,annex_i,no,no,False,True,False
sonnet46,S093,annex_iii,none,none,False,True,False
sonnet46,S093,derogation,not_applicable,not_applicable,False,True,False
sonnet46,S093,profiling,not_applicable,not_applicable,False,True,False
sonnet46,S093,art50,yes,yes,False,True,False
sonnet46,S094,art5,no,unclear,False,False,True
sonnet46,S094,annex_i,no,no,False,True,True
sonnet46,S094,annex_iii,none,none,False,True,True
sonnet46,S094,derogation,not_applicable,not_applicable,False,True,True
sonnet46,S094,profiling,not_applicable,not_applicable,False,True,True
sonnet46,S094,art50,yes,yes,False,True,True
sonnet46,S095,art5,yes,unclear,False,False,False
sonnet46,S095,annex_i,no,no,False,True,False
sonnet46,S095,annex_iii,none,none,False,True,False
sonnet46,S095,derogation,not_applicable,not_applicable,False,True,False
sonnet46,S095,profiling,not_applicable,not_applicable,False,True,False
sonnet46,S095,art50,yes,yes,False,True,False
sonnet46,S096,art5,no,no,False,True,False
sonnet46,S096,annex_i,no,no,False,True,False
sonnet46,S096,annex_iii,none,justice_democracy,False,False,False
sonnet46,S096,derogation,not_applicable,does_not_apply,False,False,False
sonnet46,S096,profiling,not_applicable,no,False,False,False
sonnet46,S096,art50,yes,yes,False,True,False
sonnet46,S097,art5,no,no,False,True,True
sonnet46,S097,annex_i,no,no,False,True,True
sonnet46,S097,annex_iii,none,none,False,True,True
sonnet46,S097,derogation,not_applicable,not_applicable,False,True,True
sonnet46,S097,profiling,not_applicable,not_applicable,False,True,True
sonnet46,S097,art50,yes,yes,False,True,True
sonnet46,S098,art5,no,no,False,True,True
sonnet46,S098,annex_i,no,no,False,True,True
sonnet46,S098,annex_iii,none,none,False,True,True
sonnet46,S098,derogation,not_applicable,not_applicable,False,True,True
sonnet46,S098,profiling,not_applicable,not_applicable,False,True,True
sonnet46,S098,art50,yes,yes,False,True,True
sonnet46,S099,art5,no,no,False,True,True
sonnet46,S099,annex_i,no,no,False,True,True
sonnet46,S099,annex_iii,none,none,False,True,True
sonnet46,S099,derogation,not_applicable,not_applicable,False,True,True
sonnet46,S099,profiling,not_applicable,not_applicable,False,True,True
sonnet46,S099,art50,yes,yes,False,True,True
sonnet46,S100,art5,no,no,False,True,False
sonnet46,S100,annex_i,no,no,False,True,False
sonnet46,S100,annex_iii,none,essential_services,False,False,False
sonnet46,S100,derogation,not_applicable,does_not_apply,False,False,False
sonnet46,S100,profiling,not_applicable,yes,False,False,False
sonnet46,S100,art50,no,no,False,True,False
sonnet46,S101,art5,no,unclear,False,False,True
sonnet46,S101,annex_i,no,no,False,True,True
sonnet46,S101,annex_iii,none,none,False,True,True
sonnet46,S101,derogation,not_applicable,not_applicable,False,True,True
sonnet46,S101,profiling,not_applicable,not_applicable,False,True,True
sonnet46,S101,art50,yes,yes,False,True,True
sonnet46,S102,art5,no,unclear,False,False,True
sonnet46,S102,annex_i,no,no,False,True,True
sonnet46,S102,annex_iii,none,none,False,True,True
sonnet46,S102,derogation,not_applicable,not_applicable,False,True,True
sonnet46,S102,profiling,not_applicable,not_applicable,False,True,True
sonnet46,S102,art50,yes,yes,False,True,True
sonnet46,S103,art5,no,unclear,False,False,True
sonnet46,S103,annex_i,no,no,False,True,True
sonnet46,S103,annex_iii,none,none,False,True,True
sonnet46,S103,derogation,not_applicable,not_applicable,False,True,True
sonnet46,S103,profiling,not_applicable,not_applicable,False,True,True
sonnet46,S103,art50,yes,yes,False,True,True
sonnet46,S104,art5,no,yes,False,False,False
sonnet46,S104,annex_i,no,no,False,True,False
sonnet46,S104,annex_iii,none,none,False,True,False
sonnet46,S104,derogation,not_applicable,not_applicable,False,True,False
sonnet46,S104,profiling,not_applicable,not_applicable,False,True,False
sonnet46,S104,art50,yes,yes,False,True,False
sonnet46,S105,art5,no,unclear,False,False,False
sonnet46,S105,annex_i,no,no,False,True,False
sonnet46,S105,annex_iii,none,justice_democracy,False,False,False
sonnet46,S105,derogation,not_applicable,does_not_apply,False,False,False
sonnet46,S105,profiling,not_applicable,no,False,False,False
sonnet46,S105,art50,yes,yes,False,True,False
sonnet46,S106,art5,yes,unclear,False,False,False
sonnet46,S106,annex_i,no,no,False,True,False
sonnet46,S106,annex_iii,none,education,False,False,False
sonnet46,S106,derogation,not_applicable,does_not_apply,False,False,False
sonnet46,S106,profiling,not_applicable,no,False,False,False
sonnet46,S106,art50,yes,no,False,False,False
sonnet46,S107,art5,no,no,False,True,True
sonnet46,S107,annex_i,no,no,False,True,True
sonnet46,S107,annex_iii,none,none,False,True,True
sonnet46,S107,derogation,not_applicable,not_applicable,False,True,True
sonnet46,S107,profiling,not_applicable,not_applicable,False,True,True
sonnet46,S107,art50,yes,yes,False,True,True
sonnet46,S108,art5,no,yes,False,False,False
sonnet46,S108,annex_i,no,no,False,True,False
sonnet46,S108,annex_iii,none,none,False,True,False
sonnet46,S108,derogation,not_applicable,not_applicable,False,True,False
sonnet46,S108,profiling,not_applicable,not_applicable,False,True,False
sonnet46,S108,art50,yes,yes,False,True,False
sonnet46,S109,art5,no,no,False,True,True
sonnet46,S109,annex_i,no,no,False,True,True
sonnet46,S109,annex_iii,none,none,False,True,True
sonnet46,S109,derogation,not_applicable,not_applicable,False,True,True
sonnet46,S109,profiling,not_applicable,not_applicable,False,True,True
sonnet46,S109,art50,yes,yes,False,True,True
sonnet46,S110,art5,no,no,False,True,False
sonnet46,S110,annex_i,unclear,no,False,False,False
sonnet46,S110,annex_iii,none,essential_services,False,False,False
sonnet46,S110,derogation,not_applicable,does_not_apply,False,False,False
sonnet46,S110,profiling,not_applicable,no,False,False,False
sonnet46,S110,art50,yes,no,False,False,False
sonnet46,S111,art5,no,no,False,True,True
sonnet46,S111,annex_i,no,no,False,True,True
sonnet46,S111,annex_iii,none,none,False,True,True
sonnet46,S111,derogation,not_applicable,not_applicable,False,True,True
sonnet46,S111,profiling,not_applicable,not_applicable,False,True,True
sonnet46,S111,art50,yes,yes,False,True,True
sonnet46,S112,art5,no,no,False,True,False
sonnet46,S112,annex_i,no,no,False,True,False
sonnet46,S112,annex_iii,none,none,False,True,False
sonnet46,S112,derogation,not_applicable,not_applicable,False,True,False
sonnet46,S112,profiling,not_applicable,not_applicable,False,True,False
sonnet46,S112,art50,yes,no,False,False,False
sonnet46,S113,art5,no,no,False,True,False
sonnet46,S113,annex_i,no,no,False,True,False
sonnet46,S113,annex_iii,none,none,False,True,False
sonnet46,S113,derogation,not_applicable,not_applicable,False,True,False
sonnet46,S113,profiling,not_applicable,not_applicable,False,True,False
sonnet46,S113,art50,yes,no,False,False,False
sonnet46,S114,art5,no,unclear,False,False,True
sonnet46,S114,annex_i,no,no,False,True,True
sonnet46,S114,annex_iii,none,none,False,True,True
sonnet46,S114,derogation,not_applicable,not_applicable,False,True,True
sonnet46,S114,profiling,not_applicable,not_applicable,False,True,True
sonnet46,S114,art50,yes,yes,False,True,True
sonnet46,S115,art5,no,yes,False,False,False
sonnet46,S115,annex_i,no,no,False,True,False
sonnet46,S115,annex_iii,none,none,False,True,False
sonnet46,S115,derogation,not_applicable,not_applicable,False,True,False
sonnet46,S115,profiling,not_applicable,not_applicable,False,True,False
sonnet46,S115,art50,yes,yes,False,True,False
sonnet46,S116,art5,no,unclear,False,False,True
sonnet46,S116,annex_i,no,no,False,True,True
sonnet46,S116,annex_iii,none,none,False,True,True
sonnet46,S116,derogation,not_applicable,not_applicable,False,True,True
sonnet46,S116,profiling,not_applicable,not_applicable,False,True,True
sonnet46,S116,art50,yes,yes,False,True,True
sonnet46,S117,art5,no,no,False,True,True
sonnet46,S117,annex_i,no,no,False,True,True
sonnet46,S117,annex_iii,none,none,False,True,True
sonnet46,S117,derogation,not_applicable,not_applicable,False,True,True
sonnet46,S117,profiling,not_applicable,not_applicable,False,True,True
sonnet46,S117,art50,yes,yes,False,True,True
sonnet46,S118,art5,no,unclear,False,False,True
sonnet46,S118,annex_i,no,no,False,True,True
sonnet46,S118,annex_iii,none,none,False,True,True
sonnet46,S118,derogation,not_applicable,not_applicable,False,True,True
sonnet46,S118,profiling,not_applicable,not_applicable,False,True,True
sonnet46,S118,art50,yes,yes,False,True,True
sonnet46,S119,art5,no,no,False,True,True
sonnet46,S119,annex_i,no,no,False,True,True
sonnet46,S119,annex_iii,none,none,False,True,True
sonnet46,S119,derogation,not_applicable,not_applicable,False,True,True
sonnet46,S119,profiling,not_applicable,not_applicable,False,True,True
sonnet46,S119,art50,yes,yes,False,True,True
sonnet46,S120,art5,no,no,False,True,False
sonnet46,S120,annex_i,no,no,False,True,False
sonnet46,S120,annex_iii,law_enforcement,law_enforcement,False,True,False
sonnet46,S120,derogation,applies,does_not_apply,False,False,False
sonnet46,S120,profiling,no,no,False,True,False
sonnet46,S120,art50,yes,yes,False,True,False
sonnet46,S121,art5,no,unclear,False,False,True
sonnet46,S121,annex_i,no,no,False,True,True
sonnet46,S121,annex_iii,none,none,False,True,True
sonnet46,S121,derogation,not_applicable,not_applicable,False,True,True
sonnet46,S121,profiling,not_applicable,not_applicable,False,True,True
sonnet46,S121,art50,yes,yes,False,True,True
sonnet46,S122,art5,no,unclear,False,False,True
sonnet46,S122,annex_i,no,no,False,True,True
sonnet46,S122,annex_iii,none,none,False,True,True
sonnet46,S122,derogation,not_applicable,not_applicable,False,True,True
sonnet46,S122,profiling,not_applicable,not_applicable,False,True,True
sonnet46,S122,art50,yes,yes,False,True,True
sonnet46,S123,art5,yes,unclear,False,False,False
sonnet46,S123,annex_i,no,no,False,True,False
sonnet46,S123,annex_iii,biometrics,migration,False,False,False
sonnet46,S123,derogation,not_applicable,does_not_apply,False,False,False
sonnet46,S123,profiling,not_applicable,yes,False,False,False
sonnet46,S123,art50,no,yes,False,False,False
sonnet46,S124,art5,no,unclear,False,False,True
sonnet46,S124,annex_i,no,no,False,True,True
sonnet46,S124,annex_iii,none,none,False,True,True
sonnet46,S124,derogation,not_applicable,not_applicable,False,True,True
sonnet46,S124,profiling,not_applicable,not_applicable,False,True,True
sonnet46,S124,art50,yes,yes,False,True,True
sonnet46,S125,art5,no,yes,False,False,False
sonnet46,S125,annex_i,no,no,False,True,False
sonnet46,S125,annex_iii,none,none,False,True,False
sonnet46,S125,derogation,not_applicable,not_applicable,False,True,False
sonnet46,S125,profiling,not_applicable,not_applicable,False,True,False
sonnet46,S125,art50,yes,yes,False,True,False
sonnet46,S126,art5,no,no,False,True,True
sonnet46,S126,annex_i,no,no,False,True,True
sonnet46,S126,annex_iii,none,none,False,True,True
sonnet46,S126,derogation,not_applicable,not_applicable,False,True,True
sonnet46,S126,profiling,not_applicable,not_applicable,False,True,True
sonnet46,S126,art50,yes,yes,False,True,True
sonnet46,S127,art5,yes,unclear,False,False,False
sonnet46,S127,annex_i,no,no,False,True,False
sonnet46,S127,annex_iii,none,none,False,True,False
sonnet46,S127,derogation,not_applicable,not_applicable,False,True,False
sonnet46,S127,profiling,not_applicable,not_applicable,False,True,False
sonnet46,S127,art50,no,no,False,True,False
sonnet46,S128,art5,no,no,False,True,True
sonnet46,S128,annex_i,no,no,False,True,True
sonnet46,S128,annex_iii,none,none,False,True,True
sonnet46,S128,derogation,not_applicable,not_applicable,False,True,True
sonnet46,S128,profiling,not_applicable,not_applicable,False,True,True
sonnet46,S128,art50,yes,yes,False,True,True
sonnet46,S129,art5,no,yes,False,False,False
sonnet46,S129,annex_i,no,no,False,True,False
sonnet46,S129,annex_iii,none,none,False,True,False
sonnet46,S129,derogation,not_applicable,not_applicable,False,True,False
sonnet46,S129,profiling,not_applicable,not_applicable,False,True,False
sonnet46,S129,art50,yes,yes,False,True,False
sonnet46,S130,art5,no,no,False,True,False
sonnet46,S130,annex_i,no,no,False,True,False
sonnet46,S130,annex_iii,none,none,False,True,False
sonnet46,S130,derogation,not_applicable,not_applicable,False,True,False
sonnet46,S130,profiling,not_applicable,not_applicable,False,True,False
sonnet46,S130,art50,yes,no,False,False,False
sonnet46,S131,art5,yes,unclear,False,False,False
sonnet46,S131,annex_i,no,no,False,True,False
sonnet46,S131,annex_iii,none,none,False,True,False
sonnet46,S131,derogation,not_applicable,not_applicable,False,True,False
sonnet46,S131,profiling,not_applicable,not_applicable,False,True,False
sonnet46,S131,art50,yes,yes,False,True,False
sonnet46,S132,art5,no,unclear,False,False,True
sonnet46,S132,annex_i,no,no,False,True,True
sonnet46,S132,annex_iii,none,none,False,True,True
sonnet46,S132,derogation,not_applicable,not_applicable,False,True,True
sonnet46,S132,profiling,not_applicable,not_applicable,False,True,True
sonnet46,S132,art50,yes,yes,False,True,True
sonnet46,S133,art5,no,no,False,True,True
sonnet46,S133,annex_i,no,no,False,True,True
sonnet46,S133,annex_iii,none,none,False,True,True
sonnet46,S133,derogation,not_applicable,not_applicable,False,True,True
sonnet46,S133,profiling,not_applicable,not_applicable,False,True,True
sonnet46,S133,art50,yes,yes,False,True,True
sonnet46,S134,art5,no,unclear,False,False,False
sonnet46,S134,annex_i,no,no,False,True,False
sonnet46,S134,annex_iii,none,justice_democracy,False,False,False
sonnet46,S134,derogation,not_applicable,does_not_apply,False,False,False
sonnet46,S134,profiling,not_applicable,no,False,False,False
sonnet46,S134,art50,yes,yes,False,True,False
sonnet46,S135,art5,no,unclear,False,False,True
sonnet46,S135,annex_i,no,no,False,True,True
sonnet46,S135,annex_iii,none,none,False,True,True
sonnet46,S135,derogation,not_applicable,not_applicable,False,True,True
sonnet46,S135,profiling,not_applicable,not_applicable,False,True,True
sonnet46,S135,art50,yes,yes,False,True,True
sonnet46,S136,art5,no,unclear,False,False,False
sonnet46,S136,annex_i,no,no,False,True,False
sonnet46,S136,annex_iii,none,justice_democracy,False,False,False
sonnet46,S136,derogation,not_applicable,does_not_apply,False,False,False
sonnet46,S136,profiling,not_applicable,no,False,False,False
sonnet46,S136,art50,yes,yes,False,True,False
sonnet46,S137,art5,no,unclear,False,False,True
sonnet46,S137,annex_i,no,no,False,True,True
sonnet46,S137,annex_iii,none,none,False,True,True
sonnet46,S137,derogation,not_applicable,not_applicable,False,True,True
sonnet46,S137,profiling,not_applicable,not_applicable,False,True,True
sonnet46,S137,art50,yes,yes,False,True,True
sonnet46,S138,art5,no,no,False,True,True
sonnet46,S138,annex_i,yes,yes,False,True,True
sonnet46,S138,annex_iii,none,none,False,True,True
sonnet46,S138,derogation,not_applicable,not_applicable,False,True,True
sonnet46,S138,profiling,not_applicable,not_applicable,False,True,True
sonnet46,S138,art50,no,no,False,True,True
sonnet46,S139,art5,no,no,False,True,True
sonnet46,S139,annex_i,no,no,False,True,True
sonnet46,S139,annex_iii,none,none,False,True,True
sonnet46,S139,derogation,not_applicable,not_applicable,False,True,True
sonnet46,S139,profiling,not_applicable,not_applicable,False,True,True
sonnet46,S139,art50,yes,yes,False,True,True
sonnet46,S140,art5,no,no,False,True,False
sonnet46,S140,annex_i,unclear,no,False,False,False
sonnet46,S140,annex_iii,unclear,none,False,False,False
sonnet46,S140,derogation,unclear,not_applicable,False,False,False
sonnet46,S140,profiling,unclear,not_applicable,False,False,False
sonnet46,S140,art50,unclear,yes,False,False,False
sonnet46,S141,art5,no,unclear,False,False,True
sonnet46,S141,annex_i,no,no,False,True,True
sonnet46,S141,annex_iii,none,none,False,True,True
sonnet46,S141,derogation,not_applicable,not_applicable,False,True,True
sonnet46,S141,profiling,not_applicable,not_applicable,False,True,True
sonnet46,S141,art50,yes,yes,False,True,True
sonnet46,S142,art5,no,no,False,True,True
sonnet46,S142,annex_i,yes,yes,False,True,True
sonnet46,S142,annex_iii,none,none,False,True,True
sonnet46,S142,derogation,not_applicable,not_applicable,False,True,True
sonnet46,S142,profiling,not_applicable,not_applicable,False,True,True
sonnet46,S142,art50,no,no,False,True,True
sonnet46,S143,art5,yes,unclear,False,False,False
sonnet46,S143,annex_i,no,no,False,True,False
sonnet46,S143,annex_iii,none,justice_democracy,False,False,False
sonnet46,S143,derogation,not_applicable,does_not_apply,False,False,False
sonnet46,S143,profiling,not_applicable,no,False,False,False
sonnet46,S143,art50,yes,yes,False,True,False
sonnet46,S144,art5,no,no,False,True,False
sonnet46,S144,annex_i,no,no,False,True,False
sonnet46,S144,annex_iii,none,employment,False,False,False
sonnet46,S144,derogation,not_applicable,does_not_apply,False,False,False
sonnet46,S144,profiling,not_applicable,yes,False,False,False
sonnet46,S144,art50,no,no,False,True,False
sonnet46,S145,art5,no,no,False,True,True
sonnet46,S145,annex_i,no,no,False,True,True
sonnet46,S145,annex_iii,none,none,False,True,True
sonnet46,S145,derogation,not_applicable,not_applicable,False,True,True
sonnet46,S145,profiling,not_applicable,not_applicable,False,True,True
sonnet46,S145,art50,yes,yes,False,True,True
sonnet46,S146,art5,no,no,False,True,True
sonnet46,S146,annex_i,yes,yes,False,True,True
sonnet46,S146,annex_iii,none,none,False,True,True
sonnet46,S146,derogation,not_applicable,not_applicable,False,True,True
sonnet46,S146,profiling,not_applicable,not_applicable,False,True,True
sonnet46,S146,art50,no,no,False,True,True
sonnet46,S147,art5,no,no,False,True,True
sonnet46,S147,annex_i,no,no,False,True,True
sonnet46,S147,annex_iii,none,none,False,True,True
sonnet46,S147,derogation,not_applicable,not_applicable,False,True,True
sonnet46,S147,profiling,not_applicable,not_applicable,False,True,True
sonnet46,S147,art50,yes,yes,False,True,True
sonnet46,S148,art5,no,no,False,True,True
sonnet46,S148,annex_i,no,no,False,True,True
sonnet46,S148,annex_iii,none,none,False,True,True
sonnet46,S148,derogation,not_applicable,not_applicable,False,True,True
sonnet46,S148,profiling,not_applicable,not_applicable,False,True,True
sonnet46,S148,art50,yes,yes,False,True,True
sonnet46,S149,art5,no,no,False,True,True
sonnet46,S149,annex_i,no,no,False,True,True
sonnet46,S149,annex_iii,none,none,False,True,True
sonnet46,S149,derogation,not_applicable,not_applicable,False,True,True
sonnet46,S149,profiling,not_applicable,not_applicable,False,True,True
sonnet46,S149,art50,yes,yes,False,True,True
sonnet46,S150,art5,no,no,False,True,True
sonnet46,S150,annex_i,no,no,False,True,True
sonnet46,S150,annex_iii,none,none,False,True,True
sonnet46,S150,derogation,not_applicable,not_applicable,False,True,True
sonnet46,S150,profiling,not_applicable,not_applicable,False,True,True
sonnet46,S150,art50,yes,yes,False,True,True
sonnet5,S001,art5,no,no,False,True,True
sonnet5,S001,annex_i,no,no,False,True,True
sonnet5,S001,annex_iii,none,none,False,True,True
sonnet5,S001,derogation,not_applicable,not_applicable,False,True,True
sonnet5,S001,profiling,not_applicable,no,False,False,True
sonnet5,S001,art50,no,no,False,True,True
sonnet5,S002,art5,no,no,False,True,True
sonnet5,S002,annex_i,no,no,False,True,True
sonnet5,S002,annex_iii,none,none,False,True,True
sonnet5,S002,derogation,not_applicable,not_applicable,False,True,True
sonnet5,S002,profiling,not_applicable,not_applicable,False,True,True
sonnet5,S002,art50,yes,yes,False,True,True
sonnet5,S003,art5,no,no,False,True,True
sonnet5,S003,annex_i,no,no,False,True,True
sonnet5,S003,annex_iii,none,none,False,True,True
sonnet5,S003,derogation,not_applicable,not_applicable,False,True,True
sonnet5,S003,profiling,not_applicable,not_applicable,False,True,True
sonnet5,S003,art50,yes,yes,False,True,True
sonnet5,S004,art5,no,no,False,True,False
sonnet5,S004,annex_i,no,no,False,True,False
sonnet5,S004,annex_iii,none,none,False,True,False
sonnet5,S004,derogation,not_applicable,not_applicable,False,True,False
sonnet5,S004,profiling,not_applicable,not_applicable,False,True,False
sonnet5,S004,art50,yes,no,False,False,False
sonnet5,S005,art5,no,no,False,True,False
sonnet5,S005,annex_i,no,no,False,True,False
sonnet5,S005,annex_iii,migration,none,False,False,False
sonnet5,S005,derogation,does_not_apply,not_applicable,False,False,False
sonnet5,S005,profiling,no,no,False,True,False
sonnet5,S005,art50,no,no,False,True,False
sonnet5,S006,art5,no,no,False,True,True
sonnet5,S006,annex_i,no,no,False,True,True
sonnet5,S006,annex_iii,essential_services,essential_services,False,True,True
sonnet5,S006,derogation,does_not_apply,does_not_apply,False,True,True
sonnet5,S006,profiling,yes,yes,False,True,True
sonnet5,S006,art50,no,no,False,True,True
sonnet5,S007,art5,no,no,False,True,False
sonnet5,S007,annex_i,no,no,False,True,False
sonnet5,S007,annex_iii,migration,none,False,False,False
sonnet5,S007,derogation,does_not_apply,not_applicable,False,False,False
sonnet5,S007,profiling,no,not_applicable,False,False,False
sonnet5,S007,art50,no,no,False,True,False
sonnet5,S008,art5,no,no,False,True,True
sonnet5,S008,annex_i,yes,yes,False,True,True
sonnet5,S008,annex_iii,none,none,False,True,True
sonnet5,S008,derogation,not_applicable,not_applicable,False,True,True
sonnet5,S008,profiling,not_applicable,not_applicable,False,True,True
sonnet5,S008,art50,no,no,False,True,True
sonnet5,S009,art5,no,no,False,True,True
sonnet5,S009,annex_i,yes,yes,False,True,True
sonnet5,S009,annex_iii,none,none,False,True,True
sonnet5,S009,derogation,not_applicable,not_applicable,False,True,True
sonnet5,S009,profiling,not_applicable,not_applicable,False,True,True
sonnet5,S009,art50,no,no,False,True,True
sonnet5,S010,art5,yes,yes,False,True,True
sonnet5,S010,annex_i,no,not_applicable,False,False,True
sonnet5,S010,annex_iii,biometrics,not_applicable,False,False,True
sonnet5,S010,derogation,not_applicable,not_applicable,False,True,True
sonnet5,S010,profiling,not_applicable,not_applicable,False,True,True
sonnet5,S010,art50,yes,yes,False,True,True
sonnet5,S011,art5,no,yes,False,False,False
sonnet5,S011,annex_i,no,no,False,True,False
sonnet5,S011,annex_iii,biometrics,biometrics,False,True,False
sonnet5,S011,derogation,does_not_apply,not_applicable,False,False,False
sonnet5,S011,profiling,no,not_applicable,False,False,False
sonnet5,S011,art50,no,yes,False,False,False
sonnet5,S012,art5,no,no,False,True,True
sonnet5,S012,annex_i,no,no,False,True,True
sonnet5,S012,annex_iii,essential_services,essential_services,False,True,True
sonnet5,S012,derogation,does_not_apply,does_not_apply,False,True,True
sonnet5,S012,profiling,yes,yes,False,True,True
sonnet5,S012,art50,no,no,False,True,True
sonnet5,S013,art5,no,no,False,True,False
sonnet5,S013,annex_i,no,no,False,True,False
sonnet5,S013,annex_iii,law_enforcement,none,False,False,False
sonnet5,S013,derogation,does_not_apply,not_applicable,False,False,False
sonnet5,S013,profiling,no,not_applicable,False,False,False
sonnet5,S013,art50,no,no,False,True,False
sonnet5,S014,art5,no,no,False,True,True
sonnet5,S014,annex_i,no,no,False,True,True
sonnet5,S014,annex_iii,none,none,False,True,True
sonnet5,S014,derogation,not_applicable,not_applicable,False,True,True
sonnet5,S014,profiling,not_applicable,not_applicable,False,True,True
sonnet5,S014,art50,no,no,False,True,True
sonnet5,S015,art5,no,no,False,True,True
sonnet5,S015,annex_i,no,no,False,True,True
sonnet5,S015,annex_iii,none,none,False,True,True
sonnet5,S015,derogation,not_applicable,not_applicable,False,True,True
sonnet5,S015,profiling,not_applicable,not_applicable,False,True,True
sonnet5,S015,art50,no,no,False,True,True
sonnet5,S016,art5,no,no,False,True,True
sonnet5,S016,annex_i,yes,yes,False,True,True
sonnet5,S016,annex_iii,none,not_applicable,False,False,True
sonnet5,S016,derogation,not_applicable,not_applicable,False,True,True
sonnet5,S016,profiling,not_applicable,not_applicable,False,True,True
sonnet5,S016,art50,no,no,False,True,True
sonnet5,S017,art5,no,no,False,True,True
sonnet5,S017,annex_i,no,no,False,True,True
sonnet5,S017,annex_iii,biometrics,biometrics,False,True,True
sonnet5,S017,derogation,does_not_apply,does_not_apply,False,True,True
sonnet5,S017,profiling,no,no,False,True,True
sonnet5,S017,art50,no,no,False,True,True
sonnet5,S018,art5,no,no,False,True,True
sonnet5,S018,annex_i,no,no,False,True,True
sonnet5,S018,annex_iii,none,none,False,True,True
sonnet5,S018,derogation,not_applicable,not_applicable,False,True,True
sonnet5,S018,profiling,not_applicable,not_applicable,False,True,True
sonnet5,S018,art50,yes,yes,False,True,True
sonnet5,S020,art5,no,no,False,True,True
sonnet5,S020,annex_i,no,no,False,True,True
sonnet5,S020,annex_iii,none,none,False,True,True
sonnet5,S020,derogation,not_applicable,not_applicable,False,True,True
sonnet5,S020,profiling,not_applicable,not_applicable,False,True,True
sonnet5,S020,art50,no,no,False,True,True
sonnet5,S021,art5,no,no,False,True,True
sonnet5,S021,annex_i,no,no,False,True,True
sonnet5,S021,annex_iii,migration,migration,False,True,True
sonnet5,S021,derogation,does_not_apply,does_not_apply,False,True,True
sonnet5,S021,profiling,yes,yes,False,True,True
sonnet5,S021,art50,no,no,False,True,True
sonnet5,S022,art5,no,no,False,True,True
sonnet5,S022,annex_i,no,no,False,True,True
sonnet5,S022,annex_iii,biometrics,biometrics,False,True,True
sonnet5,S022,derogation,does_not_apply,does_not_apply,False,True,True
sonnet5,S022,profiling,no,yes,False,False,True
sonnet5,S022,art50,no,no,False,True,True
sonnet5,S023,art5,no,no,False,True,True
sonnet5,S023,annex_i,no,no,False,True,True
sonnet5,S023,annex_iii,biometrics,biometrics,False,True,True
sonnet5,S023,derogation,does_not_apply,does_not_apply,False,True,True
sonnet5,S023,profiling,no,no,False,True,True
sonnet5,S023,art50,no,no,False,True,True
sonnet5,S024,art5,no,no,False,True,True
sonnet5,S024,annex_i,no,no,False,True,True
sonnet5,S024,annex_iii,none,none,False,True,True
sonnet5,S024,derogation,not_applicable,not_applicable,False,True,True
sonnet5,S024,profiling,not_applicable,not_applicable,False,True,True
sonnet5,S024,art50,no,no,False,True,True
sonnet5,S025,art5,yes,yes,False,True,True
sonnet5,S025,annex_i,no,no,False,True,True
sonnet5,S025,annex_iii,biometrics,law_enforcement,False,False,True
sonnet5,S025,derogation,not_applicable,not_applicable,False,True,True
sonnet5,S025,profiling,not_applicable,not_applicable,False,True,True
sonnet5,S025,art50,no,yes,False,False,True
sonnet5,S027,art5,no,no,False,True,True
sonnet5,S027,annex_i,no,no,False,True,True
sonnet5,S027,annex_iii,migration,migration,False,True,True
sonnet5,S027,derogation,does_not_apply,does_not_apply,False,True,True
sonnet5,S027,profiling,yes,yes,False,True,True
sonnet5,S027,art50,no,no,False,True,True
sonnet5,S029,art5,no,no,False,True,True
sonnet5,S029,annex_i,no,no,False,True,True
sonnet5,S029,annex_iii,none,none,False,True,True
sonnet5,S029,derogation,not_applicable,not_applicable,False,True,True
sonnet5,S029,profiling,not_applicable,not_applicable,False,True,True
sonnet5,S029,art50,yes,yes,False,True,True
sonnet5,S030,art5,no,no,False,True,True
sonnet5,S030,annex_i,yes,yes,False,True,True
sonnet5,S030,annex_iii,none,none,False,True,True
sonnet5,S030,derogation,not_applicable,not_applicable,False,True,True
sonnet5,S030,profiling,not_applicable,not_applicable,False,True,True
sonnet5,S030,art50,no,no,False,True,True
sonnet5,S031,art5,no,no,False,True,False
sonnet5,S031,annex_i,no,no,False,True,False
sonnet5,S031,annex_iii,biometrics,none,False,False,False
sonnet5,S031,derogation,does_not_apply,not_applicable,False,False,False
sonnet5,S031,profiling,yes,no,False,False,False
sonnet5,S031,art50,yes,yes,False,True,False
sonnet5,S032,art5,unclear,yes,False,False,False
sonnet5,S032,annex_i,no,no,False,True,False
sonnet5,S032,annex_iii,biometrics,law_enforcement,False,False,False
sonnet5,S032,derogation,does_not_apply,not_applicable,False,False,False
sonnet5,S032,profiling,no,not_applicable,False,False,False
sonnet5,S032,art50,no,no,False,True,False
sonnet5,S033,art5,no,yes,False,False,False
sonnet5,S033,annex_i,no,no,False,True,False
sonnet5,S033,annex_iii,biometrics,law_enforcement,False,False,False
sonnet5,S033,derogation,does_not_apply,not_applicable,False,False,False
sonnet5,S033,profiling,no,not_applicable,False,False,False
sonnet5,S033,art50,no,no,False,True,False
sonnet5,S034,art5,no,no,False,True,True
sonnet5,S034,annex_i,no,no,False,True,True
sonnet5,S034,annex_iii,employment,employment,False,True,True
sonnet5,S034,derogation,does_not_apply,does_not_apply,False,True,True
sonnet5,S034,profiling,yes,yes,False,True,True
sonnet5,S034,art50,no,no,False,True,True
sonnet5,S035,art5,no,no,False,True,True
sonnet5,S035,annex_i,no,no,False,True,True
sonnet5,S035,annex_iii,none,none,False,True,True
sonnet5,S035,derogation,not_applicable,not_applicable,False,True,True
sonnet5,S035,profiling,not_applicable,not_applicable,False,True,True
sonnet5,S035,art50,yes,yes,False,True,True
sonnet5,S036,art5,no,no,False,True,True
sonnet5,S036,annex_i,no,no,False,True,True
sonnet5,S036,annex_iii,education,education,False,True,True
sonnet5,S036,derogation,does_not_apply,does_not_apply,False,True,True
sonnet5,S036,profiling,yes,yes,False,True,True
sonnet5,S036,art50,no,no,False,True,True
sonnet5,S037,art5,no,no,False,True,True
sonnet5,S037,annex_i,yes,yes,False,True,True
sonnet5,S037,annex_iii,none,none,False,True,True
sonnet5,S037,derogation,not_applicable,not_applicable,False,True,True
sonnet5,S037,profiling,not_applicable,not_applicable,False,True,True
sonnet5,S037,art50,no,no,False,True,True
sonnet5,S038,art5,no,no,False,True,True
sonnet5,S038,annex_i,no,no,False,True,True
sonnet5,S038,annex_iii,none,none,False,True,True
sonnet5,S038,derogation,not_applicable,not_applicable,False,True,True
sonnet5,S038,profiling,not_applicable,not_applicable,False,True,True
sonnet5,S038,art50,no,no,False,True,True
sonnet5,S039,art5,no,yes,False,False,False
sonnet5,S039,annex_i,no,no,False,True,False
sonnet5,S039,annex_iii,migration,none,False,False,False
sonnet5,S039,derogation,does_not_apply,not_applicable,False,False,False
sonnet5,S039,profiling,yes,not_applicable,False,False,False
sonnet5,S039,art50,no,no,False,True,False
sonnet5,S040,art5,no,no,False,True,True
sonnet5,S040,annex_i,no,no,False,True,True
sonnet5,S040,annex_iii,none,none,False,True,True
sonnet5,S040,derogation,not_applicable,not_applicable,False,True,True
sonnet5,S040,profiling,not_applicable,no,False,False,True
sonnet5,S040,art50,no,no,False,True,True
sonnet5,S042,art5,no,no,False,True,True
sonnet5,S042,annex_i,yes,yes,False,True,True
sonnet5,S042,annex_iii,none,not_applicable,False,False,True
sonnet5,S042,derogation,not_applicable,not_applicable,False,True,True
sonnet5,S042,profiling,not_applicable,not_applicable,False,True,True
sonnet5,S042,art50,no,no,False,True,True
sonnet5,S043,art5,no,no,False,True,True
sonnet5,S043,annex_i,no,no,False,True,True
sonnet5,S043,annex_iii,migration,migration,False,True,True
sonnet5,S043,derogation,does_not_apply,does_not_apply,False,True,True
sonnet5,S043,profiling,no,no,False,True,True
sonnet5,S043,art50,no,yes,False,False,True
sonnet5,S044,art5,no,no,False,True,True
sonnet5,S044,annex_i,no,no,False,True,True
sonnet5,S044,annex_iii,none,none,False,True,True
sonnet5,S044,derogation,not_applicable,not_applicable,False,True,True
sonnet5,S044,profiling,not_applicable,not_applicable,False,True,True
sonnet5,S044,art50,yes,yes,False,True,True
sonnet5,S045,art5,no,no,False,True,True
sonnet5,S045,annex_i,no,no,False,True,True
sonnet5,S045,annex_iii,none,none,False,True,True
sonnet5,S045,derogation,not_applicable,not_applicable,False,True,True
sonnet5,S045,profiling,not_applicable,not_applicable,False,True,True
sonnet5,S045,art50,yes,yes,False,True,True
sonnet5,S046,art5,no,no,False,True,True
sonnet5,S046,annex_i,no,no,False,True,True
sonnet5,S046,annex_iii,essential_services,essential_services,False,True,True
sonnet5,S046,derogation,does_not_apply,does_not_apply,False,True,True
sonnet5,S046,profiling,not_applicable,yes,False,False,True
sonnet5,S046,art50,no,no,False,True,True
sonnet5,S047,art5,no,no,False,True,True
sonnet5,S047,annex_i,no,no,False,True,True
sonnet5,S047,annex_iii,biometrics,biometrics,False,True,True
sonnet5,S047,derogation,does_not_apply,does_not_apply,False,True,True
sonnet5,S047,profiling,no,not_applicable,False,False,True
sonnet5,S047,art50,no,no,False,True,True
sonnet5,S048,art5,no,no,False,True,True
sonnet5,S048,annex_i,no,no,False,True,True
sonnet5,S048,annex_iii,none,none,False,True,True
sonnet5,S048,derogation,not_applicable,not_applicable,False,True,True
sonnet5,S048,profiling,not_applicable,not_applicable,False,True,True
sonnet5,S048,art50,yes,yes,False,True,True
sonnet5,S049,art5,no,no,False,True,False
sonnet5,S049,annex_i,no,no,False,True,False
sonnet5,S049,annex_iii,migration,migration,False,True,False
sonnet5,S049,derogation,does_not_apply,applies,False,False,False
sonnet5,S049,profiling,no,no,False,True,False
sonnet5,S049,art50,yes,no,False,False,False
sonnet5,S050,art5,no,no,False,True,True
sonnet5,S050,annex_i,yes,yes,False,True,True
sonnet5,S050,annex_iii,none,not_applicable,False,False,True
sonnet5,S050,derogation,not_applicable,not_applicable,False,True,True
sonnet5,S050,profiling,not_applicable,not_applicable,False,True,True
sonnet5,S050,art50,no,no,False,True,True
sonnet5,S051,art5,no,no,False,True,True
sonnet5,S051,annex_i,no,no,False,True,True
sonnet5,S051,annex_iii,essential_services,essential_services,False,True,True
sonnet5,S051,derogation,does_not_apply,does_not_apply,False,True,True
sonnet5,S051,profiling,yes,yes,False,True,True
sonnet5,S051,art50,no,no,False,True,True
sonnet5,S052,art5,no,no,False,True,True
sonnet5,S052,annex_i,yes,yes,False,True,True
sonnet5,S052,annex_iii,none,not_applicable,False,False,True
sonnet5,S052,derogation,not_applicable,not_applicable,False,True,True
sonnet5,S052,profiling,not_applicable,not_applicable,False,True,True
sonnet5,S052,art50,no,no,False,True,True
sonnet5,S053,art5,unclear,no,False,False,True
sonnet5,S053,annex_i,no,no,False,True,True
sonnet5,S053,annex_iii,none,none,False,True,True
sonnet5,S053,derogation,not_applicable,not_applicable,False,True,True
sonnet5,S053,profiling,not_applicable,not_applicable,False,True,True
sonnet5,S053,art50,yes,yes,False,True,True
sonnet5,S054,art5,no,no,False,True,True
sonnet5,S054,annex_i,no,no,False,True,True
sonnet5,S054,annex_iii,employment,employment,False,True,True
sonnet5,S054,derogation,does_not_apply,does_not_apply,False,True,True
sonnet5,S054,profiling,yes,yes,False,True,True
sonnet5,S054,art50,no,no,False,True,True
sonnet5,S055,art5,no,no,False,True,True
sonnet5,S055,annex_i,no,no,False,True,True
sonnet5,S055,annex_iii,none,none,False,True,True
sonnet5,S055,derogation,not_applicable,not_applicable,False,True,True
sonnet5,S055,profiling,not_applicable,not_applicable,False,True,True
sonnet5,S055,art50,no,no,False,True,True
sonnet5,S056,art5,unclear,no,False,False,True
sonnet5,S056,annex_i,no,no,False,True,True
sonnet5,S056,annex_iii,none,none,False,True,True
sonnet5,S056,derogation,not_applicable,not_applicable,False,True,True
sonnet5,S056,profiling,not_applicable,no,False,False,True
sonnet5,S056,art50,yes,yes,False,True,True
sonnet5,S057,art5,no,no,False,True,True
sonnet5,S057,annex_i,no,no,False,True,True
sonnet5,S057,annex_iii,none,none,False,True,True
sonnet5,S057,derogation,not_applicable,not_applicable,False,True,True
sonnet5,S057,profiling,not_applicable,not_applicable,False,True,True
sonnet5,S057,art50,yes,yes,False,True,True
sonnet5,S058,art5,no,no,False,True,True
sonnet5,S058,annex_i,no,no,False,True,True
sonnet5,S058,annex_iii,none,none,False,True,True
sonnet5,S058,derogation,not_applicable,not_applicable,False,True,True
sonnet5,S058,profiling,not_applicable,not_applicable,False,True,True
sonnet5,S058,art50,no,no,False,True,True
sonnet5,S060,art5,no,no,False,True,True
sonnet5,S060,annex_i,no,no,False,True,True
sonnet5,S060,annex_iii,biometrics,biometrics,False,True,True
sonnet5,S060,derogation,does_not_apply,does_not_apply,False,True,True
sonnet5,S060,profiling,yes,yes,False,True,True
sonnet5,S060,art50,no,no,False,True,True
sonnet5,S061,art5,no,no,False,True,True
sonnet5,S061,annex_i,no,no,False,True,True
sonnet5,S061,annex_iii,biometrics,biometrics,False,True,True
sonnet5,S061,derogation,does_not_apply,does_not_apply,False,True,True
sonnet5,S061,profiling,yes,no,False,False,True
sonnet5,S061,art50,no,no,False,True,True
sonnet5,S062,art5,no,no,False,True,True
sonnet5,S062,annex_i,yes,yes,False,True,True
sonnet5,S062,annex_iii,none,none,False,True,True
sonnet5,S062,derogation,not_applicable,not_applicable,False,True,True
sonnet5,S062,profiling,not_applicable,not_applicable,False,True,True
sonnet5,S062,art50,no,no,False,True,True
sonnet5,S063,art5,no,no,False,True,True
sonnet5,S063,annex_i,no,no,False,True,True
sonnet5,S063,annex_iii,none,none,False,True,True
sonnet5,S063,derogation,not_applicable,not_applicable,False,True,True
sonnet5,S063,profiling,not_applicable,not_applicable,False,True,True
sonnet5,S063,art50,yes,yes,False,True,True
sonnet5,S064,art5,no,no,False,True,True
sonnet5,S064,annex_i,no,no,False,True,True
sonnet5,S064,annex_iii,none,none,False,True,True
sonnet5,S064,derogation,not_applicable,not_applicable,False,True,True
sonnet5,S064,profiling,not_applicable,not_applicable,False,True,True
sonnet5,S064,art50,yes,yes,False,True,True
sonnet5,S065,art5,no,no,False,True,True
sonnet5,S065,annex_i,no,no,False,True,True
sonnet5,S065,annex_iii,none,none,False,True,True
sonnet5,S065,derogation,not_applicable,not_applicable,False,True,True
sonnet5,S065,profiling,not_applicable,not_applicable,False,True,True
sonnet5,S065,art50,yes,yes,False,True,True
sonnet5,S066,art5,no,no,False,True,True
sonnet5,S066,annex_i,no,no,False,True,True
sonnet5,S066,annex_iii,justice_democracy,justice_democracy,False,True,True
sonnet5,S066,derogation,does_not_apply,does_not_apply,False,True,True
sonnet5,S066,profiling,no,not_applicable,False,False,True
sonnet5,S066,art50,yes,yes,False,True,True
sonnet5,S068,art5,no,no,False,True,True
sonnet5,S068,annex_i,no,no,False,True,True
sonnet5,S068,annex_iii,none,none,False,True,True
sonnet5,S068,derogation,not_applicable,not_applicable,False,True,True
sonnet5,S068,profiling,not_applicable,not_applicable,False,True,True
sonnet5,S068,art50,yes,yes,False,True,True
sonnet5,S069,art5,yes,no,False,False,False
sonnet5,S069,annex_i,no,no,False,True,False
sonnet5,S069,annex_iii,none,none,False,True,False
sonnet5,S069,derogation,not_applicable,not_applicable,False,True,False
sonnet5,S069,profiling,not_applicable,no,False,False,False
sonnet5,S069,art50,yes,yes,False,True,False
sonnet5,S070,art5,no,no,False,True,True
sonnet5,S070,annex_i,yes,yes,False,True,True
sonnet5,S070,annex_iii,none,none,False,True,True
sonnet5,S070,derogation,not_applicable,not_applicable,False,True,True
sonnet5,S070,profiling,not_applicable,not_applicable,False,True,True
sonnet5,S070,art50,no,no,False,True,True
sonnet5,S071,art5,no,no,False,True,True
sonnet5,S071,annex_i,yes,yes,False,True,True
sonnet5,S071,annex_iii,none,not_applicable,False,False,True
sonnet5,S071,derogation,not_applicable,not_applicable,False,True,True
sonnet5,S071,profiling,not_applicable,not_applicable,False,True,True
sonnet5,S071,art50,no,no,False,True,True
sonnet5,S072,art5,unclear,no,False,False,False
sonnet5,S072,annex_i,unclear,no,False,False,False
sonnet5,S072,annex_iii,unclear,none,False,False,False
sonnet5,S072,derogation,unclear,not_applicable,False,False,False
sonnet5,S072,profiling,unclear,not_applicable,False,False,False
sonnet5,S072,art50,unclear,no,False,False,False
sonnet5,S073,art5,no,no,False,True,True
sonnet5,S073,annex_i,no,no,False,True,True
sonnet5,S073,annex_iii,essential_services,essential_services,False,True,True
sonnet5,S073,derogation,does_not_apply,does_not_apply,False,True,True
sonnet5,S073,profiling,yes,yes,False,True,True
sonnet5,S073,art50,no,no,False,True,True
sonnet5,S074,art5,no,no,False,True,True
sonnet5,S074,annex_i,no,no,False,True,True
sonnet5,S074,annex_iii,none,none,False,True,True
sonnet5,S074,derogation,not_applicable,not_applicable,False,True,True
sonnet5,S074,profiling,not_applicable,no,False,False,True
sonnet5,S074,art50,yes,yes,False,True,True
sonnet5,S075,art5,no,no,False,True,True
sonnet5,S075,annex_i,no,no,False,True,True
sonnet5,S075,annex_iii,none,none,False,True,True
sonnet5,S075,derogation,not_applicable,not_applicable,False,True,True
sonnet5,S075,profiling,not_applicable,not_applicable,False,True,True
sonnet5,S075,art50,yes,yes,False,True,True
sonnet5,S076,art5,no,no,False,True,True
sonnet5,S076,annex_i,no,no,False,True,True
sonnet5,S076,annex_iii,none,none,False,True,True
sonnet5,S076,derogation,not_applicable,not_applicable,False,True,True
sonnet5,S076,profiling,not_applicable,no,False,False,True
sonnet5,S076,art50,yes,yes,False,True,True
sonnet5,S077,art5,no,no,False,True,True
sonnet5,S077,annex_i,no,no,False,True,True
sonnet5,S077,annex_iii,none,none,False,True,True
sonnet5,S077,derogation,not_applicable,not_applicable,False,True,True
sonnet5,S077,profiling,not_applicable,not_applicable,False,True,True
sonnet5,S077,art50,yes,yes,False,True,True
sonnet5,S078,art5,no,no,False,True,True
sonnet5,S078,annex_i,no,no,False,True,True
sonnet5,S078,annex_iii,none,none,False,True,True
sonnet5,S078,derogation,not_applicable,not_applicable,False,True,True
sonnet5,S078,profiling,not_applicable,not_applicable,False,True,True
sonnet5,S078,art50,yes,yes,False,True,True
sonnet5,S079,art5,no,no,False,True,True
sonnet5,S079,annex_i,no,no,False,True,True
sonnet5,S079,annex_iii,none,none,False,True,True
sonnet5,S079,derogation,not_applicable,not_applicable,False,True,True
sonnet5,S079,profiling,not_applicable,not_applicable,False,True,True
sonnet5,S079,art50,yes,yes,False,True,True
sonnet5,S080,art5,no,no,False,True,True
sonnet5,S080,annex_i,no,no,False,True,True
sonnet5,S080,annex_iii,none,none,False,True,True
sonnet5,S080,derogation,not_applicable,not_applicable,False,True,True
sonnet5,S080,profiling,not_applicable,not_applicable,False,True,True
sonnet5,S080,art50,yes,yes,False,True,True
sonnet5,S081,art5,no,no,False,True,False
sonnet5,S081,annex_i,no,no,False,True,False
sonnet5,S081,annex_iii,law_enforcement,none,False,False,False
sonnet5,S081,derogation,does_not_apply,not_applicable,False,False,False
sonnet5,S081,profiling,yes,no,False,False,False
sonnet5,S081,art50,no,no,False,True,False
sonnet5,S082,art5,no,no,False,True,True
sonnet5,S082,annex_i,no,no,False,True,True
sonnet5,S082,annex_iii,essential_services,essential_services,False,True,True
sonnet5,S082,derogation,does_not_apply,does_not_apply,False,True,True
sonnet5,S082,profiling,yes,yes,False,True,True
sonnet5,S082,art50,no,no,False,True,True
sonnet5,S083,art5,no,yes,False,False,False
sonnet5,S083,annex_i,no,no,False,True,False
sonnet5,S083,annex_iii,none,none,False,True,False
sonnet5,S083,derogation,not_applicable,not_applicable,False,True,False
sonnet5,S083,profiling,not_applicable,not_applicable,False,True,False
sonnet5,S083,art50,yes,yes,False,True,False
sonnet5,S084,art5,no,yes,False,False,False
sonnet5,S084,annex_i,no,not_applicable,False,False,False
sonnet5,S084,annex_iii,none,not_applicable,False,False,False
sonnet5,S084,derogation,not_applicable,not_applicable,False,True,False
sonnet5,S084,profiling,not_applicable,not_applicable,False,True,False
sonnet5,S084,art50,yes,yes,False,True,False
sonnet5,S085,art5,no,no,False,True,True
sonnet5,S085,annex_i,no,no,False,True,True
sonnet5,S085,annex_iii,none,none,False,True,True
sonnet5,S085,derogation,not_applicable,not_applicable,False,True,True
sonnet5,S085,profiling,not_applicable,not_applicable,False,True,True
sonnet5,S085,art50,yes,yes,False,True,True
sonnet5,S086,art5,no,no,False,True,True
sonnet5,S086,annex_i,no,no,False,True,True
sonnet5,S086,annex_iii,none,none,False,True,True
sonnet5,S086,derogation,not_applicable,not_applicable,False,True,True
sonnet5,S086,profiling,not_applicable,not_applicable,False,True,True
sonnet5,S086,art50,yes,yes,False,True,True
sonnet5,S087,art5,no,no,False,True,True
sonnet5,S087,annex_i,no,no,False,True,True
sonnet5,S087,annex_iii,none,none,False,True,True
sonnet5,S087,derogation,not_applicable,not_applicable,False,True,True
sonnet5,S087,profiling,not_applicable,not_applicable,False,True,True
sonnet5,S087,art50,yes,yes,False,True,True
sonnet5,S088,art5,no,yes,False,False,False
sonnet5,S088,annex_i,no,no,False,True,False
sonnet5,S088,annex_iii,none,none,False,True,False
sonnet5,S088,derogation,not_applicable,not_applicable,False,True,False
sonnet5,S088,profiling,not_applicable,not_applicable,False,True,False
sonnet5,S088,art50,yes,yes,False,True,False
sonnet5,S089,art5,no,no,False,True,True
sonnet5,S089,annex_i,no,no,False,True,True
sonnet5,S089,annex_iii,none,none,False,True,True
sonnet5,S089,derogation,not_applicable,not_applicable,False,True,True
sonnet5,S089,profiling,not_applicable,not_applicable,False,True,True
sonnet5,S089,art50,yes,yes,False,True,True
sonnet5,S090,art5,no,no,False,True,True
sonnet5,S090,annex_i,yes,yes,False,True,True
sonnet5,S090,annex_iii,none,none,False,True,True
sonnet5,S090,derogation,not_applicable,not_applicable,False,True,True
sonnet5,S090,profiling,not_applicable,not_applicable,False,True,True
sonnet5,S090,art50,no,no,False,True,True
sonnet5,S091,art5,no,yes,False,False,False
sonnet5,S091,annex_i,no,no,False,True,False
sonnet5,S091,annex_iii,none,none,False,True,False
sonnet5,S091,derogation,not_applicable,not_applicable,False,True,False
sonnet5,S091,profiling,not_applicable,not_applicable,False,True,False
sonnet5,S091,art50,yes,yes,False,True,False
sonnet5,S092,art5,unclear,no,False,False,True
sonnet5,S092,annex_i,no,no,False,True,True
sonnet5,S092,annex_iii,none,none,False,True,True
sonnet5,S092,derogation,not_applicable,not_applicable,False,True,True
sonnet5,S092,profiling,not_applicable,not_applicable,False,True,True
sonnet5,S092,art50,yes,yes,False,True,True
sonnet5,S093,art5,yes,no,False,False,False
sonnet5,S093,annex_i,no,no,False,True,False
sonnet5,S093,annex_iii,none,none,False,True,False
sonnet5,S093,derogation,not_applicable,not_applicable,False,True,False
sonnet5,S093,profiling,not_applicable,no,False,False,False
sonnet5,S093,art50,yes,yes,False,True,False
sonnet5,S094,art5,no,no,False,True,True
sonnet5,S094,annex_i,no,no,False,True,True
sonnet5,S094,annex_iii,none,none,False,True,True
sonnet5,S094,derogation,not_applicable,not_applicable,False,True,True
sonnet5,S094,profiling,not_applicable,not_applicable,False,True,True
sonnet5,S094,art50,yes,yes,False,True,True
sonnet5,S095,art5,yes,no,False,False,False
sonnet5,S095,annex_i,no,no,False,True,False
sonnet5,S095,annex_iii,none,none,False,True,False
sonnet5,S095,derogation,not_applicable,not_applicable,False,True,False
sonnet5,S095,profiling,not_applicable,not_applicable,False,True,False
sonnet5,S095,art50,yes,yes,False,True,False
sonnet5,S096,art5,no,no,False,True,True
sonnet5,S096,annex_i,no,no,False,True,True
sonnet5,S096,annex_iii,none,none,False,True,True
sonnet5,S096,derogation,not_applicable,not_applicable,False,True,True
sonnet5,S096,profiling,not_applicable,not_applicable,False,True,True
sonnet5,S096,art50,yes,yes,False,True,True
sonnet5,S097,art5,no,no,False,True,True
sonnet5,S097,annex_i,no,no,False,True,True
sonnet5,S097,annex_iii,none,none,False,True,True
sonnet5,S097,derogation,not_applicable,not_applicable,False,True,True
sonnet5,S097,profiling,not_applicable,not_applicable,False,True,True
sonnet5,S097,art50,yes,yes,False,True,True
sonnet5,S098,art5,no,no,False,True,True
sonnet5,S098,annex_i,no,no,False,True,True
sonnet5,S098,annex_iii,none,none,False,True,True
sonnet5,S098,derogation,not_applicable,not_applicable,False,True,True
sonnet5,S098,profiling,not_applicable,not_applicable,False,True,True
sonnet5,S098,art50,yes,yes,False,True,True
sonnet5,S099,art5,no,no,False,True,True
sonnet5,S099,annex_i,no,no,False,True,True
sonnet5,S099,annex_iii,none,none,False,True,True
sonnet5,S099,derogation,not_applicable,not_applicable,False,True,True
sonnet5,S099,profiling,not_applicable,not_applicable,False,True,True
sonnet5,S099,art50,yes,yes,False,True,True
sonnet5,S100,art5,no,no,False,True,True
sonnet5,S100,annex_i,no,no,False,True,True
sonnet5,S100,annex_iii,none,none,False,True,True
sonnet5,S100,derogation,not_applicable,not_applicable,False,True,True
sonnet5,S100,profiling,not_applicable,not_applicable,False,True,True
sonnet5,S100,art50,no,no,False,True,True
sonnet5,S101,art5,no,no,False,True,True
sonnet5,S101,annex_i,no,no,False,True,True
sonnet5,S101,annex_iii,none,none,False,True,True
sonnet5,S101,derogation,not_applicable,not_applicable,False,True,True
sonnet5,S101,profiling,not_applicable,not_applicable,False,True,True
sonnet5,S101,art50,yes,yes,False,True,True
sonnet5,S102,art5,no,unclear,False,False,True
sonnet5,S102,annex_i,no,no,False,True,True
sonnet5,S102,annex_iii,none,none,False,True,True
sonnet5,S102,derogation,not_applicable,not_applicable,False,True,True
sonnet5,S102,profiling,not_applicable,not_applicable,False,True,True
sonnet5,S102,art50,yes,yes,False,True,True
sonnet5,S103,art5,no,yes,False,False,False
sonnet5,S103,annex_i,no,no,False,True,False
sonnet5,S103,annex_iii,none,none,False,True,False
sonnet5,S103,derogation,not_applicable,not_applicable,False,True,False
sonnet5,S103,profiling,not_applicable,not_applicable,False,True,False
sonnet5,S103,art50,yes,yes,False,True,False
sonnet5,S104,art5,no,yes,False,False,False
sonnet5,S104,annex_i,no,no,False,True,False
sonnet5,S104,annex_iii,none,none,False,True,False
sonnet5,S104,derogation,not_applicable,not_applicable,False,True,False
sonnet5,S104,profiling,not_applicable,not_applicable,False,True,False
sonnet5,S104,art50,yes,yes,False,True,False
sonnet5,S105,art5,no,no,False,True,True
sonnet5,S105,annex_i,no,no,False,True,True
sonnet5,S105,annex_iii,none,none,False,True,True
sonnet5,S105,derogation,not_applicable,not_applicable,False,True,True
sonnet5,S105,profiling,not_applicable,not_applicable,False,True,True
sonnet5,S105,art50,yes,yes,False,True,True
sonnet5,S106,art5,yes,no,False,False,False
sonnet5,S106,annex_i,no,no,False,True,False
sonnet5,S106,annex_iii,none,none,False,True,False
sonnet5,S106,derogation,not_applicable,not_applicable,False,True,False
sonnet5,S106,profiling,not_applicable,not_applicable,False,True,False
sonnet5,S106,art50,yes,yes,False,True,False
sonnet5,S107,art5,no,no,False,True,True
sonnet5,S107,annex_i,no,no,False,True,True
sonnet5,S107,annex_iii,none,none,False,True,True
sonnet5,S107,derogation,not_applicable,not_applicable,False,True,True
sonnet5,S107,profiling,not_applicable,not_applicable,False,True,True
sonnet5,S107,art50,yes,yes,False,True,True
sonnet5,S108,art5,no,yes,False,False,False
sonnet5,S108,annex_i,no,no,False,True,False
sonnet5,S108,annex_iii,none,none,False,True,False
sonnet5,S108,derogation,not_applicable,not_applicable,False,True,False
sonnet5,S108,profiling,not_applicable,not_applicable,False,True,False
sonnet5,S108,art50,yes,yes,False,True,False
sonnet5,S109,art5,no,no,False,True,True
sonnet5,S109,annex_i,no,no,False,True,True
sonnet5,S109,annex_iii,none,none,False,True,True
sonnet5,S109,derogation,not_applicable,not_applicable,False,True,True
sonnet5,S109,profiling,not_applicable,not_applicable,False,True,True
sonnet5,S109,art50,yes,yes,False,True,True
sonnet5,S110,art5,no,no,False,True,False
sonnet5,S110,annex_i,unclear,yes,False,False,False
sonnet5,S110,annex_iii,none,not_applicable,False,False,False
sonnet5,S110,derogation,not_applicable,not_applicable,False,True,False
sonnet5,S110,profiling,not_applicable,not_applicable,False,True,False
sonnet5,S110,art50,yes,yes,False,True,False
sonnet5,S111,art5,no,no,False,True,True
sonnet5,S111,annex_i,no,no,False,True,True
sonnet5,S111,annex_iii,none,none,False,True,True
sonnet5,S111,derogation,not_applicable,not_applicable,False,True,True
sonnet5,S111,profiling,not_applicable,not_applicable,False,True,True
sonnet5,S111,art50,yes,yes,False,True,True
sonnet5,S112,art5,no,no,False,True,False
sonnet5,S112,annex_i,no,no,False,True,False
sonnet5,S112,annex_iii,none,none,False,True,False
sonnet5,S112,derogation,not_applicable,not_applicable,False,True,False
sonnet5,S112,profiling,not_applicable,not_applicable,False,True,False
sonnet5,S112,art50,yes,no,False,False,False
sonnet5,S113,art5,no,no,False,True,True
sonnet5,S113,annex_i,no,no,False,True,True
sonnet5,S113,annex_iii,none,none,False,True,True
sonnet5,S113,derogation,not_applicable,not_applicable,False,True,True
sonnet5,S113,profiling,not_applicable,not_applicable,False,True,True
sonnet5,S113,art50,yes,yes,False,True,True
sonnet5,S114,art5,no,no,False,True,True
sonnet5,S114,annex_i,no,no,False,True,True
sonnet5,S114,annex_iii,none,none,False,True,True
sonnet5,S114,derogation,not_applicable,not_applicable,False,True,True
sonnet5,S114,profiling,not_applicable,not_applicable,False,True,True
sonnet5,S114,art50,yes,yes,False,True,True
sonnet5,S115,art5,no,yes,False,False,False
sonnet5,S115,annex_i,no,no,False,True,False
sonnet5,S115,annex_iii,none,none,False,True,False
sonnet5,S115,derogation,not_applicable,not_applicable,False,True,False
sonnet5,S115,profiling,not_applicable,not_applicable,False,True,False
sonnet5,S115,art50,yes,yes,False,True,False
sonnet5,S116,art5,no,yes,False,False,False
sonnet5,S116,annex_i,no,no,False,True,False
sonnet5,S116,annex_iii,none,none,False,True,False
sonnet5,S116,derogation,not_applicable,not_applicable,False,True,False
sonnet5,S116,profiling,not_applicable,not_applicable,False,True,False
sonnet5,S116,art50,yes,yes,False,True,False
sonnet5,S117,art5,no,no,False,True,True
sonnet5,S117,annex_i,no,no,False,True,True
sonnet5,S117,annex_iii,none,none,False,True,True
sonnet5,S117,derogation,not_applicable,not_applicable,False,True,True
sonnet5,S117,profiling,not_applicable,not_applicable,False,True,True
sonnet5,S117,art50,yes,yes,False,True,True
sonnet5,S118,art5,no,no,False,True,True
sonnet5,S118,annex_i,no,no,False,True,True
sonnet5,S118,annex_iii,none,none,False,True,True
sonnet5,S118,derogation,not_applicable,not_applicable,False,True,True
sonnet5,S118,profiling,not_applicable,not_applicable,False,True,True
sonnet5,S118,art50,yes,yes,False,True,True
sonnet5,S119,art5,no,no,False,True,True
sonnet5,S119,annex_i,no,no,False,True,True
sonnet5,S119,annex_iii,none,none,False,True,True
sonnet5,S119,derogation,not_applicable,not_applicable,False,True,True
sonnet5,S119,profiling,not_applicable,not_applicable,False,True,True
sonnet5,S119,art50,yes,yes,False,True,True
sonnet5,S120,art5,no,no,False,True,True
sonnet5,S120,annex_i,no,no,False,True,True
sonnet5,S120,annex_iii,law_enforcement,law_enforcement,False,True,True
sonnet5,S120,derogation,applies,applies,False,True,True
sonnet5,S120,profiling,no,no,False,True,True
sonnet5,S120,art50,yes,yes,False,True,True
sonnet5,S121,art5,no,no,False,True,True
sonnet5,S121,annex_i,no,no,False,True,True
sonnet5,S121,annex_iii,none,none,False,True,True
sonnet5,S121,derogation,not_applicable,not_applicable,False,True,True
sonnet5,S121,profiling,not_applicable,not_applicable,False,True,True
sonnet5,S121,art50,yes,yes,False,True,True
sonnet5,S122,art5,no,no,False,True,True
sonnet5,S122,annex_i,no,no,False,True,True
sonnet5,S122,annex_iii,none,none,False,True,True
sonnet5,S122,derogation,not_applicable,not_applicable,False,True,True
sonnet5,S122,profiling,not_applicable,not_applicable,False,True,True
sonnet5,S122,art50,yes,yes,False,True,True
sonnet5,S123,art5,yes,yes,False,True,True
sonnet5,S123,annex_i,no,not_applicable,False,False,True
sonnet5,S123,annex_iii,biometrics,not_applicable,False,False,True
sonnet5,S123,derogation,not_applicable,not_applicable,False,True,True
sonnet5,S123,profiling,not_applicable,not_applicable,False,True,True
sonnet5,S123,art50,no,no,False,True,True
sonnet5,S124,art5,no,yes,False,False,False
sonnet5,S124,annex_i,no,no,False,True,False
sonnet5,S124,annex_iii,none,none,False,True,False
sonnet5,S124,derogation,not_applicable,not_applicable,False,True,False
sonnet5,S124,profiling,not_applicable,not_applicable,False,True,False
sonnet5,S124,art50,yes,yes,False,True,False
sonnet5,S125,art5,no,yes,False,False,False
sonnet5,S125,annex_i,no,no,False,True,False
sonnet5,S125,annex_iii,none,none,False,True,False
sonnet5,S125,derogation,not_applicable,not_applicable,False,True,False
sonnet5,S125,profiling,not_applicable,not_applicable,False,True,False
sonnet5,S125,art50,yes,yes,False,True,False
sonnet5,S126,art5,no,no,False,True,True
sonnet5,S126,annex_i,no,no,False,True,True
sonnet5,S126,annex_iii,none,none,False,True,True
sonnet5,S126,derogation,not_applicable,not_applicable,False,True,True
sonnet5,S126,profiling,not_applicable,not_applicable,False,True,True
sonnet5,S126,art50,yes,yes,False,True,True
sonnet5,S127,art5,yes,yes,False,True,True
sonnet5,S127,annex_i,no,no,False,True,True
sonnet5,S127,annex_iii,none,none,False,True,True
sonnet5,S127,derogation,not_applicable,not_applicable,False,True,True
sonnet5,S127,profiling,not_applicable,yes,False,False,True
sonnet5,S127,art50,no,no,False,True,True
sonnet5,S128,art5,no,no,False,True,True
sonnet5,S128,annex_i,no,no,False,True,True
sonnet5,S128,annex_iii,none,none,False,True,True
sonnet5,S128,derogation,not_applicable,not_applicable,False,True,True
sonnet5,S128,profiling,not_applicable,not_applicable,False,True,True
sonnet5,S128,art50,yes,yes,False,True,True
sonnet5,S129,art5,no,no,False,True,True
sonnet5,S129,annex_i,no,no,False,True,True
sonnet5,S129,annex_iii,none,none,False,True,True
sonnet5,S129,derogation,not_applicable,not_applicable,False,True,True
sonnet5,S129,profiling,not_applicable,not_applicable,False,True,True
sonnet5,S129,art50,yes,yes,False,True,True
sonnet5,S130,art5,no,no,False,True,True
sonnet5,S130,annex_i,no,no,False,True,True
sonnet5,S130,annex_iii,none,none,False,True,True
sonnet5,S130,derogation,not_applicable,not_applicable,False,True,True
sonnet5,S130,profiling,not_applicable,not_applicable,False,True,True
sonnet5,S130,art50,yes,yes,False,True,True
sonnet5,S131,art5,yes,yes,False,True,True
sonnet5,S131,annex_i,no,not_applicable,False,False,True
sonnet5,S131,annex_iii,none,not_applicable,False,False,True
sonnet5,S131,derogation,not_applicable,not_applicable,False,True,True
sonnet5,S131,profiling,not_applicable,not_applicable,False,True,True
sonnet5,S131,art50,yes,yes,False,True,True
sonnet5,S132,art5,no,no,False,True,True
sonnet5,S132,annex_i,no,no,False,True,True
sonnet5,S132,annex_iii,none,none,False,True,True
sonnet5,S132,derogation,not_applicable,not_applicable,False,True,True
sonnet5,S132,profiling,not_applicable,not_applicable,False,True,True
sonnet5,S132,art50,yes,yes,False,True,True
sonnet5,S133,art5,no,no,False,True,True
sonnet5,S133,annex_i,no,no,False,True,True
sonnet5,S133,annex_iii,none,none,False,True,True
sonnet5,S133,derogation,not_applicable,not_applicable,False,True,True
sonnet5,S133,profiling,not_applicable,not_applicable,False,True,True
sonnet5,S133,art50,yes,yes,False,True,True
sonnet5,S134,art5,no,no,False,True,True
sonnet5,S134,annex_i,no,no,False,True,True
sonnet5,S134,annex_iii,none,none,False,True,True
sonnet5,S134,derogation,not_applicable,not_applicable,False,True,True
sonnet5,S134,profiling,not_applicable,not_applicable,False,True,True
sonnet5,S134,art50,yes,yes,False,True,True
sonnet5,S135,art5,no,no,False,True,True
sonnet5,S135,annex_i,no,no,False,True,True
sonnet5,S135,annex_iii,none,none,False,True,True
sonnet5,S135,derogation,not_applicable,not_applicable,False,True,True
sonnet5,S135,profiling,not_applicable,not_applicable,False,True,True
sonnet5,S135,art50,yes,yes,False,True,True
sonnet5,S136,art5,no,no,False,True,True
sonnet5,S136,annex_i,no,no,False,True,True
sonnet5,S136,annex_iii,none,none,False,True,True
sonnet5,S136,derogation,not_applicable,not_applicable,False,True,True
sonnet5,S136,profiling,not_applicable,not_applicable,False,True,True
sonnet5,S136,art50,yes,yes,False,True,True
sonnet5,S137,art5,no,no,False,True,True
sonnet5,S137,annex_i,no,no,False,True,True
sonnet5,S137,annex_iii,none,none,False,True,True
sonnet5,S137,derogation,not_applicable,not_applicable,False,True,True
sonnet5,S137,profiling,not_applicable,not_applicable,False,True,True
sonnet5,S137,art50,yes,yes,False,True,True
sonnet5,S138,art5,no,no,False,True,True
sonnet5,S138,annex_i,yes,yes,False,True,True
sonnet5,S138,annex_iii,none,not_applicable,False,False,True
sonnet5,S138,derogation,not_applicable,not_applicable,False,True,True
sonnet5,S138,profiling,not_applicable,not_applicable,False,True,True
sonnet5,S138,art50,no,no,False,True,True
sonnet5,S139,art5,no,no,False,True,True
sonnet5,S139,annex_i,no,no,False,True,True
sonnet5,S139,annex_iii,none,none,False,True,True
sonnet5,S139,derogation,not_applicable,not_applicable,False,True,True
sonnet5,S139,profiling,not_applicable,not_applicable,False,True,True
sonnet5,S139,art50,yes,yes,False,True,True
sonnet5,S140,art5,no,no,False,True,False
sonnet5,S140,annex_i,unclear,no,False,False,False
sonnet5,S140,annex_iii,unclear,none,False,False,False
sonnet5,S140,derogation,unclear,not_applicable,False,False,False
sonnet5,S140,profiling,unclear,not_applicable,False,False,False
sonnet5,S140,art50,unclear,yes,False,False,False
sonnet5,S141,art5,no,no,False,True,True
sonnet5,S141,annex_i,no,no,False,True,True
sonnet5,S141,annex_iii,none,none,False,True,True
sonnet5,S141,derogation,not_applicable,not_applicable,False,True,True
sonnet5,S141,profiling,not_applicable,not_applicable,False,True,True
sonnet5,S141,art50,yes,yes,False,True,True
sonnet5,S142,art5,no,no,False,True,True
sonnet5,S142,annex_i,yes,yes,False,True,True
sonnet5,S142,annex_iii,none,not_applicable,False,False,True
sonnet5,S142,derogation,not_applicable,not_applicable,False,True,True
sonnet5,S142,profiling,not_applicable,not_applicable,False,True,True
sonnet5,S142,art50,no,no,False,True,True
sonnet5,S143,art5,yes,yes,False,True,True
sonnet5,S143,annex_i,no,no,False,True,True
sonnet5,S143,annex_iii,none,justice_democracy,False,False,True
sonnet5,S143,derogation,not_applicable,not_applicable,False,True,True
sonnet5,S143,profiling,not_applicable,not_applicable,False,True,True
sonnet5,S143,art50,yes,yes,False,True,True
sonnet5,S144,art5,no,no,False,True,False
sonnet5,S144,annex_i,no,no,False,True,False
sonnet5,S144,annex_iii,none,essential_services,False,False,False
sonnet5,S144,derogation,not_applicable,does_not_apply,False,False,False
sonnet5,S144,profiling,not_applicable,yes,False,False,False
sonnet5,S144,art50,no,no,False,True,False
sonnet5,S145,art5,no,no,False,True,True
sonnet5,S145,annex_i,no,no,False,True,True
sonnet5,S145,annex_iii,none,none,False,True,True
sonnet5,S145,derogation,not_applicable,not_applicable,False,True,True
sonnet5,S145,profiling,not_applicable,not_applicable,False,True,True
sonnet5,S145,art50,yes,yes,False,True,True
sonnet5,S146,art5,no,no,False,True,True
sonnet5,S146,annex_i,yes,yes,False,True,True
sonnet5,S146,annex_iii,none,not_applicable,False,False,True
sonnet5,S146,derogation,not_applicable,not_applicable,False,True,True
sonnet5,S146,profiling,not_applicable,not_applicable,False,True,True
sonnet5,S146,art50,no,no,False,True,True
sonnet5,S147,art5,no,no,False,True,True
sonnet5,S147,annex_i,no,no,False,True,True
sonnet5,S147,annex_iii,none,none,False,True,True
sonnet5,S147,derogation,not_applicable,not_applicable,False,True,True
sonnet5,S147,profiling,not_applicable,not_applicable,False,True,True
sonnet5,S147,art50,yes,yes,False,True,True
sonnet5,S148,art5,no,no,False,True,True
sonnet5,S148,annex_i,no,no,False,True,True
sonnet5,S148,annex_iii,none,none,False,True,True
sonnet5,S148,derogation,not_applicable,not_applicable,False,True,True
sonnet5,S148,profiling,not_applicable,not_applicable,False,True,True
sonnet5,S148,art50,yes,yes,False,True,True
sonnet5,S149,art5,no,no,False,True,True
sonnet5,S149,annex_i,no,no,False,True,True
sonnet5,S149,annex_iii,none,none,False,True,True
sonnet5,S149,derogation,not_applicable,not_applicable,False,True,True
sonnet5,S149,profiling,not_applicable,not_applicable,False,True,True
sonnet5,S149,art50,yes,yes,False,True,True
sonnet5,S150,art5,no,no,False,True,True
sonnet5,S150,annex_i,no,no,False,True,True
sonnet5,S150,annex_iii,none,none,False,True,True
sonnet5,S150,derogation,not_applicable,not_applicable,False,True,True
sonnet5,S150,profiling,not_applicable,no,False,False,True
sonnet5,S150,art50,yes,yes,False,True,True
